Reference,PPI,PPCT,PPCT2,ANCOVA
0.981631016677164,1.0492542339873752,1.0372548570448223,1.0373896826562465,1.0371239472421
0.7015975530157229,0.9478812200137131,0.9067812685045361,0.906309959365351,0.9072536997845574
0.833204099794276,0.9004295213852553,0.887670929476624,0.8879949366191617,0.8877236957225896
1.0189048431867977,1.0426783004021203,1.0385693250576504,1.038636536755799,1.038507440643841
1.0086034639938102,1.0887342687986845,1.0731794189663824,1.0734837651160674,1.0730113382831241
1.210186874780405,0.9752132753714581,1.0258532033045744,1.0257557528408716,1.0251453050930006
0.6522306224450518,1.124855020474346,1.025496159648178,1.01825067812341,1.03292319509223
0.9212643741541132,1.0015289146152617,0.9863626473221015,0.986698119155852,0.9865165857166269
1.1224986301073256,0.9041414720607572,0.9389713258481228,0.9395661370530259,0.9379219291073858
1.1602061979989446,0.8542964767305807,0.9097292063496384,0.911560208711366,0.9077497310711953
1.03410112883583,0.8959510469542672,0.9199694528143009,0.9197974482799247,0.920044435680354
1.1825634425575364,0.9780459285291996,1.0209150158085512,1.0211266836394157,1.020658310811397
0.8923068152904876,1.0168554601494857,0.9905552515584457,0.9905145397315048,0.9912293653262435
0.7248489021154093,1.0704758668142809,1.0046062694413471,1.003455980649554,1.0074808699606206
1.10045447682735,1.0310196505753348,1.0432100323518003,1.043201456672841,1.0430873487930319
0.8236470185792464,1.0300137401887528,0.9942682381681573,0.9947583260836355,0.9950254868058366
1.1402487921994338,0.9040843900913094,0.9506290029567797,0.9511565976094256,0.949913109496302
0.7304426944464054,0.9802271603933415,0.937408497647676,0.9362024728775601,0.9392600264641762
0.9668960096395315,1.05455775427254,1.04040159131901,1.0404929634299211,1.0403883783939998
1.250447296678864,1.0663129630796657,1.1013854401604846,1.101264956463318,1.1013274584308035
1.0691623079391617,0.9999765670245099,1.0150329616166327,1.0147673257009648,1.0151186298916535
1.0117469221211297,0.9375007196257376,0.9530873415351047,0.9527979761710862,0.9531106758512723
1.0153492270698177,1.026578934203474,1.0246928619794777,1.0247127355712156,1.0246800443415673
0.8481290917044532,0.9974818120231949,0.9696753748258212,0.9696943986404191,0.9696678179374217
1.0359429428298357,0.9793007164873229,0.9896087592543402,0.9895126172735278,0.9897038807565609
0.7743360001035535,1.0075452659563662,0.9661316717936669,0.9656772678674812,0.9665933208822761
1.1232479116388752,0.9340485840324365,0.9752380116959916,0.9753221971462283,0.9748756964889977
1.1027160281286412,1.0208440875823686,1.0354116443681531,1.035275383484382,1.0355440205668736
1.1712588358262481,0.9299631168266497,0.9737868958491851,0.9736151698322834,0.9721554283768015
1.0392251827496104,0.9296319849679038,0.9507292032004536,0.9506721110433697,0.9507148964304369
1.0300324443267306,0.9421750438166824,0.9590568420140791,0.9589031557626853,0.9591424384053243
1.1162772976410518,1.1878943908936122,1.1695946105064132,1.1696611012750608,1.1695518202812865
1.0139931312581885,0.9422348888335041,0.9547907926700439,0.9545977437081676,0.9547397998730077
0.9342452640893306,1.1014077753078726,1.0726035732605375,1.0726138878213891,1.0728017095155555
0.9933204185841962,0.9138094997806661,0.9286548209530743,0.9285852288677947,0.9286985420377574
1.2990479294004817,1.0670362762275132,1.1065922834112756,1.1072030603655683,1.1056167157433006
1.134786430167913,0.9027341047172734,0.9460321357147785,0.9464168435611034,0.9456011304583029
1.0521174750211615,1.109460363202087,1.1008690590669041,1.1009914562427061,1.1007562172019019
0.6169944585199751,0.8669809655752134,0.8189464307925342,0.8194818326934845,0.8193208232625793
0.9479878771220047,1.0591708019957977,1.0364384943087888,1.0369157539224934,1.0361908850450698
1.0798221666299712,0.9565981871351629,0.9756180681351069,0.9753835853702015,0.9757892566595291
0.9986538238582133,0.9945738206517993,0.9952402570134473,0.9952032044766299,0.99521911555581
0.8879776600849554,1.0786759671088793,1.0561356468437075,1.0558236613686915,1.0565727119452064
0.7747229045109362,1.0300381876620635,0.9847686265655282,0.9845170328471039,0.986175730499482
1.1272173917007264,1.0529746494877505,1.065688250821998,1.0654806552332359,1.0658456717192666
0.9458155974226088,1.0817230421970083,1.0564698889766324,1.0562916507565026,1.057617187237811
1.1047839039200138,1.0256898307109303,1.0404511752125194,1.0403303349926087,1.040571504589678
0.9057827426300852,1.0755124024332838,1.0320235182761386,1.0321650110319671,1.0326413146319111
0.8353067318580789,1.1065818698167678,1.057715308407908,1.0570353312967493,1.0588005764540245
0.750153146622618,1.0117861236837615,0.96142889319661,0.9602614888987658,0.9628202953413958
1.1099802720554048,1.0327101941714716,1.0469643860706082,1.0468434319593036,1.0470820312233418
1.1760664321725385,1.0381548927453703,1.0684244783890298,1.0671588549710032,1.0684927570655287
0.7902424922228624,0.879470166930288,0.8632740388854081,0.863609125916102,0.863660705825746
1.014894170635458,1.0740657374641165,1.0612704827781112,1.0614644362798213,1.0611222621088239
1.1407287959206276,0.937155389300361,0.9762140159072166,0.9764332021679554,0.9759931777213807
0.9615607609559499,1.0608442266149936,1.044227785729571,1.0441450460341688,1.0447431913012915
0.9311703039898499,0.9349302116671978,0.9342014882191254,0.9342337587838797,0.9341891325555046
0.7244032333903847,1.024755439966628,0.9658679969506917,0.9646359639168459,0.9674844839340779
1.1122802246871613,0.9509756986498773,0.9824558483103277,0.9823829066099703,0.9819672405999615
0.807728548221953,0.9569487069748224,0.9334547763843157,0.9334914017630901,0.9334222190699705
0.8815202868148467,0.9996208018393016,0.9767991093726341,0.977457655918641,0.9770971454086947
0.8437430895309251,0.9497812357690694,0.931918697859548,0.9321765345569503,0.9320762467397943
0.9240638901607584,0.9872240913471975,0.9754996816958033,0.9755310211350212,0.9757125996995069
1.257656155128444,1.0382718165302427,1.07292757529611,1.0734198249153033,1.0722870295082825
0.9623518735506111,0.9375882423489058,0.9413834032391357,0.9413710580586265,0.9413578676428769
0.9886421683493671,0.8560668206813491,0.875955484307243,0.8758708186539543,0.8760059010360222
0.6956893136849378,0.9506151303338023,0.9122639006053961,0.9112640240404821,0.9152875845456993
0.9156833626606323,1.0911524628025662,1.0645185995382869,1.0645105128412833,1.0648364408716704
1.0156858965194373,0.8983933311742075,0.9221026644307326,0.9220142607348052,0.9221711723265711
0.98384518470263,0.9732534123525826,0.9751620945987607,0.9751345526271319,0.9751758834023787
0.8709598107613491,0.9143219759811975,0.9062921211198569,0.9063819732212617,0.9062270762504521
0.860435658539796,0.9349938717787462,0.9222175405195522,0.922357503080691,0.9220797584352425
1.0826801019453671,1.0118662920596515,1.0263007093335084,1.0262472816752324,1.0258995015404135
0.8610367681670386,1.0437775826724134,1.0085283046639766,1.0088230054599348,1.009056465263555
0.8864609756673612,0.9943305563464998,0.9715177720407014,0.9716107128849366,0.9714457398663263
0.9755851832424036,1.0540145810362775,1.0372220389223925,1.0372437141423232,1.037258015794528
0.9626304468295073,1.0402800169883364,1.023688470301152,1.0239793167371876,1.0235970865706787
1.0926335725417105,1.0543365563150942,1.0608899324399437,1.0607957618208024,1.0608911974494157
0.98910170122238,0.9974628529143263,0.9957308647084956,0.9957534680171117,0.9957391310438711
1.1748564308508105,1.0947526930285705,1.111170478626899,1.1110731155495897,1.11115541181554
1.2613175037036555,0.9548281373392349,1.007055848035304,1.0087807714696146,1.005278442139716
0.9914671843859857,0.9584725356959897,0.9654715934479767,0.9653496599641722,0.9654338388216841
0.8462968422782262,0.927830099495651,0.9116268136321224,0.9117622194738354,0.9114995211008613
0.8415788462860244,1.0566060758053517,1.0049286686959151,1.0044724829580702,1.0055678069573486
0.9007541393705938,1.0267406098230696,1.0024129306054315,1.0025084275370297,1.0024673545486875
1.0370977788362872,1.0261384040357828,1.0280886018472077,1.0280661852114934,1.0280983305306965
0.8731221064211463,0.9359146924045252,0.921621610623524,0.921776850391407,0.9214951459451654
1.0175728291105375,1.0047142389474966,1.0071303087887336,1.0070823236786446,1.0071664100629478
0.9751430919219319,0.9933310123946234,0.9897190808606114,0.9897653375357136,0.9896914432311034
1.19102277480267,1.0582933376475359,1.0830626298873614,1.08295385360731,1.0827800170679573
1.002735521248982,1.0336376130875367,1.0279607218118132,1.0280176670488068,1.0279076826678404
1.0790348758931367,0.9654746734888477,0.9871333001189062,0.9870386244027539,0.9872276923010563
0.8465230676622938,1.0110251884520476,0.9710075709639399,0.971257830588488,0.9708558472399057
1.1238309212897972,0.9690110748634063,0.9943911215435509,0.99423093117879,0.9939087646149778
1.018669565476312,0.9241491478451033,0.9460051893999555,0.9458629279576636,0.9461300897658892
0.967128048587314,1.067677168787106,1.0508864794053454,1.0516005485226785,1.0508068276150135
1.1185153155657663,1.0532954741826264,1.0665503048335951,1.066418816876313,1.06664731327071
0.8429518932588278,0.9552288942693746,0.9342354224154257,0.9346257341912285,0.9346256783671394
0.9462633661300882,0.9734990009964882,0.9674033316722565,0.9674516271178192,0.9673557462377694
1.1924978054073676,1.144472325542172,1.1547223873324368,1.1545194192552635,1.1547994768907086
1.310833431610599,1.0382069153155906,1.0954019523296734,1.096077274099359,1.094308222164968
1.0879794929261015,1.0777548895932267,1.0791912540080848,1.0791689865366334,1.0792131182158813
1.1097325717368132,0.9003664355786478,0.9345438769283211,0.935353718138003,0.9335904221533393
0.8750304190462224,0.9537731674668928,0.9403345839346475,0.9404596555560718,0.9402129597263528
0.968237278867034,1.0526520871756575,1.0350354716654844,1.0351431813827898,1.0349597296585258
0.9561417368372982,0.9062134642985299,0.9131074124308788,0.9129446834520389,0.9130421242405267
0.4281358192815177,0.954581139051004,0.8487390340099001,0.8358325182690662,0.8621714345200225
0.7882382346332555,0.9126181216533686,0.884922216823543,0.8848572226860528,0.8852387961899046
0.9191733490528324,0.8171187985642362,0.8373158139598469,0.8370472852963298,0.8368381781605205
0.7813575887358972,1.0665536228610477,1.0086094364093112,1.0075464245297252,1.009738547584727
1.0315321994613693,0.9982317434189175,1.0044283344100233,1.0043231911614476,1.0044560234162292
0.8913492647780591,1.0431279915346234,1.0119275612928884,1.0120402595754057,1.0118826297924268
1.033103551066625,0.9867445709326397,0.993252209252274,0.9930291968579587,0.9932965677000438
1.050682328651401,0.9675227929313933,0.982331991970354,0.9822068046547445,0.9824539575948028
0.8805247833934378,1.1164236047634415,1.07337933902903,1.0732797581573013,1.0737958528069274
1.0345280218268804,1.1309580861227315,1.107095700000747,1.107194045385932,1.1070211054651495
0.7587193293937553,0.9866504471354087,0.9464274941871341,0.9459950289025671,0.9468738985255174
0.9426804218691236,0.9030615360062698,0.911176867147716,0.910912608356079,0.9111428331316851
0.9542129611661849,0.9780028444582538,0.973776765017498,0.9738411166203667,0.9737314912059529
1.1505125865953378,0.9867487299034888,1.0127399691529573,1.012371637550514,1.012027109649052
0.9065392938977206,0.9910603061696931,0.9738862189672525,0.9739648657582333,0.9738259577204573
0.9338285802852414,1.1410793365657126,1.1005142081050532,1.1002302234782537,1.1008496654998994
0.7608664476475553,0.9442915398928122,0.9139117334665344,0.9138026082655144,0.9140805165100948
0.7563228331424963,0.9492251723928679,0.9173565310579678,0.9169644000829562,0.9181149523007264
0.942278708479473,1.0693677051059227,1.0408998286890463,1.0410916383813005,1.0407283228588815
0.9703519197533249,0.9958194519614956,0.9910992606887363,0.9911526424513611,0.9912079871661817
0.9991008712561973,1.0131349919385184,1.0101268620142825,1.0101904104374884,1.0100810182483868
0.8568806887279851,0.9744468629385461,0.9520375336140189,0.9521407300586164,0.9519347099682327
1.3322848799206541,1.017329244355524,1.0893402256905864,1.0912227920814388,1.0874391345885095
0.7039610708159729,0.9845141781238897,0.9199725987403631,0.9189995892771887,0.9213100716932067
0.9066923029859457,1.1205359512669109,1.0745617226226534,1.0752460302491718,1.0746130584604916
0.8270169948669553,1.0553431501375523,1.0213841780868038,1.0217202615717318,1.0214167783545771
1.0954624070988093,1.0291127475495716,1.0432486935183463,1.0431357053056505,1.0433011344342877
1.0103216578099945,0.961783784941464,0.972221844655989,0.972134912957972,0.9723085041491659
1.2324795972656142,0.8676699737613748,0.960423682350832,0.9625452053977764,0.9580091548843299
1.1148760868510021,0.90594599705381,0.9397899954532839,0.9396886784360498,0.9390273976629995
1.0771436901074096,0.9486001029402937,0.9735107586635616,0.9722575945253079,0.9722550714791021
1.0668864114343408,0.9311302220884812,0.9579606972003559,0.9578221924373308,0.9577954348562804
0.9916365251875205,0.9462838549172632,0.9544646085179429,0.9542082750095217,0.9546066157185145
0.9327000762657194,1.09560270668571,1.060968572178393,1.0609979375562169,1.061023365758459
0.9718775265081067,0.9973208880281029,0.9927702567292218,0.9928488118081837,0.9927511775609883
0.830423835866372,0.9698064320268669,0.9494057361432559,0.9495151096157883,0.9493020876763096
1.097601320473095,0.9310845957441791,0.9687140830847593,0.968412695628335,0.968688526162572
1.157826359489748,1.0340422246019696,1.052952140155709,1.0529393917389303,1.0529303320263064
0.7552413001722829,1.0343823055380337,0.9742456317172642,0.9731409522352158,0.97546656055247
1.228625296113122,0.9906785894334091,1.0404348293177195,1.0400653887560678,1.040279771710379
1.137917464709649,0.9709933095015483,1.005524896041937,1.0050559818220273,1.0057046615763654
1.1254052339304135,0.9948327659291907,1.0148104760085848,1.0147367052255047,1.0146979474487494
1.042845112638684,1.1129894635654387,1.1005623452991997,1.1005723006714998,1.1006126458412335
0.7370221677658962,1.0483309955490259,0.9968313609623332,0.9947845579259346,0.9992075898433135
1.0183803673090126,0.8857872139473557,0.912453639997452,0.9123664436421093,0.9125181944846186
0.8904026180034245,1.1340945111426781,1.0768167473460581,1.076541926978102,1.0773893737903892
0.7176703755857856,1.0765707793395258,1.004730775184285,1.0020056954229646,1.0074875354084545
1.2312607579462689,0.935322562116322,0.9937646773787835,0.9951343231800922,0.9923363700348569
1.06990653289594,1.1058497564877998,1.097740775842538,1.0978130459315596,1.0976966140702842
1.093845907176987,0.8762315892844739,0.9199918268107306,0.9208805381404154,0.9184600624856555
1.0209773393276118,0.9234969081669085,0.9366390435634793,0.9364873080558962,0.9367490179268838
1.0409682010637586,0.9414840026519642,0.9554878531703964,0.9553097274004716,0.9556541507276557
1.2305593064539495,1.016925197072731,1.0490182029500208,1.0491816478928067,1.0486824986206442
1.0848688378122242,0.9588620806154079,0.978151659040092,0.9782589984950927,0.9776209471502834
0.564519578494425,1.0845472701297694,0.9926675090297534,0.9838013779659023,1.0048460483621804
1.0711049839335922,1.0607887156120028,1.0627239012263523,1.0627017247138382,1.0627452049141362
0.9670552786998702,1.0396142119010643,1.0266505648658042,1.026797733027227,1.026555440493338
1.0582397519909121,0.8944906345153474,0.9285561067238719,0.9285318108265683,0.9285365702830065
1.068636710255385,1.0071076094462847,1.0194712572105884,1.0193068664510605,1.0195797471995829
0.8866623614350485,1.1001543694065448,1.0604187352567152,1.0606732831770054,1.064250985055307
0.9690998792448449,0.9034779786492475,0.9209492150279986,0.920791577724312,0.9209876877853687
0.9638794138839053,0.9159092974207709,0.923148712631376,0.9230464626535992,0.9232459860046405
0.9020837578559302,0.963835623220696,0.9530418779525204,0.9531756753682679,0.9529548146486083
1.367259695466745,0.8736403400016282,0.9691530969926817,0.9770533186754903,0.9605825806259347
0.9449312485282102,1.0687049486981177,1.0454930121691617,1.045738710835012,1.0460636923971909
1.1177730223419475,1.010175101438879,1.0310681600454634,1.030551474499915,1.02933529790343
1.0954408652513359,1.01686869104936,1.0337210078425851,1.0335331734893127,1.0336916248993722
1.1660241772079665,0.9349249459985941,0.970556488393953,0.9710931507712571,0.9699560725866787
1.0579401063878635,1.118175298698741,1.1074313415235384,1.107654365949484,1.1075714066779838
1.005978884785561,1.0312939654698081,1.0271160553605632,1.0272157095907204,1.0270995760046393
1.0076800706105302,0.9394742169347574,0.9530497846668555,0.9529241735927929,0.9531182777540498
0.8867902532168274,1.0313963024261301,1.0074404982750402,1.0076418412242067,1.0074371828695265
1.0628007417853982,1.0609245541714956,1.0613193226376707,1.0613156539509272,1.0613229223208203
0.939591916899991,0.9785214044532065,0.9719484626391737,0.9720346300618121,0.9718749378128728
1.1493081972740968,0.9205533755846893,0.9656085053085778,0.9663078274794393,0.9647673671362154
0.9994043034049853,1.01363229213107,1.010909294725757,1.011071354588661,1.0109815306850427
0.9579664040671836,1.1271385718835398,1.1017143582951097,1.1014969284525893,1.1019538901823906
1.0315729284190336,1.1233253037353925,1.1077708770947676,1.1081022314120956,1.107694320101496
0.9384088823766487,1.0236210438577125,1.0098721132689814,1.010072085994991,1.0097966762378179
0.9990507635088243,0.9359766639281213,0.948445468387613,0.9482956153180819,0.9485356786702875
1.2397307325548619,0.8799455364290186,0.9540798204045511,0.9553514734015346,0.9503615275666764
0.7917206279686193,1.0435597789412798,0.9933456611149639,0.9925590994334023,0.994623700217202
1.1085506384040693,0.9073685732481949,0.9544402576843355,0.9546746729423866,0.9542001855052213
1.1021250849631279,0.9362434521125358,0.9703516335354737,0.9705162534374104,0.9701192246511542
1.0775228790600258,0.9734176913171841,0.9951430169622919,0.9950787541532259,0.9950668981669385
0.8793030051029866,1.0513093602070198,1.0246350604600785,1.0245213740144063,1.0247603028498364
0.9443747031937356,0.965265640154465,0.9605946782997957,0.9606137910956585,0.96058468835165
1.058663364781618,0.9945529085523264,1.0053480184767731,1.0050746880100423,1.0054283989758002
1.0728653358693325,1.0546591534332244,1.0578784256061686,1.0578436156727,1.057882574597003
1.0567262165989124,1.0523133772280027,1.0533908930831246,1.0533822896027571,1.0533990286062636
0.7916457772958365,0.9615114721428557,0.9318724164672827,0.931808665603491,0.9319538090836581
1.115737036911091,1.117264186930449,1.1170600344047643,1.1170706346694477,1.1170538605407463
0.9945402853791927,0.9771672608020535,0.9817091582725826,0.9816287174172269,0.981721818381289
1.036179525251876,1.1102293921863748,1.095440007501554,1.0955573927144633,1.0953498972692561
0.9130707531744655,0.912532500397,0.912673331345865,0.9126712460034567,0.9126741054244921
0.8660912046325526,1.013508116543671,0.9898997918328619,0.9898328505248756,0.9906787963301737
1.0661105154763608,0.9621715885414177,0.9793510216566079,0.9790545872641526,0.9795406836288538
1.1004278986269234,1.0477439646896547,1.0578173631506902,1.0577738012373634,1.0576362333132332
0.9238764698706382,1.0640911359665155,1.0377671112320057,1.0383341693295063,1.0377036256105587
1.0762945454999395,1.0311757646253135,1.03819483769937,1.0379867174725728,1.038324190504932
0.8214978983649082,1.139255326360392,1.0769081264589577,1.0745080816061459,1.0796832974699848
1.1028082720752073,1.0283616244970348,1.0422002073920962,1.0420764591378944,1.0423165363652471
1.1237800090859382,1.086620179447452,1.094926011628306,1.094810274901112,1.0947684186350992
0.8408683483116814,0.9675894672409099,0.9486636380773379,0.9490361226624298,0.9484083025672403
0.6547857766989179,0.9200244642996432,0.8817671477980187,0.8807301333935376,0.8828451246192259
1.102807742630282,1.0120128307780625,1.0264133987315636,1.0262394451597272,1.0264785426526617
0.8039537166256575,1.120015742952082,1.0494784605610699,1.0475763651029708,1.0514463029665508
1.1231935723923183,1.0762407418632054,1.0867333954362532,1.0866127793090468,1.0868449877966952
1.2440760559322528,1.047595614332783,1.0813999643805532,1.0817316269370836,1.080942856257955
1.1104323660703541,1.072764326280085,1.0797732588414601,1.0796755517237995,1.0798497171274655
0.7759219716491155,0.8941552190252534,0.8712484087464532,0.8713947903675004,0.8711489538870643
0.9755025054695766,0.9383147701209815,0.9462807348047866,0.9462800106516328,0.9461938700426429
0.7149226152376208,1.0146973718734642,0.9516957335675276,0.9507909709145415,0.9544662552292882
1.0928209878065194,0.9622760933091916,0.9841497392897804,0.9842524387610193,0.983715483966899
0.9610283462811876,0.933805728053877,0.938881813329177,0.9388583919100483,0.9388840188875394
1.0958997873401828,1.0258828235481081,1.0441202312872344,1.0439776715616,1.0442405717866894
0.998064901944872,1.017409784795259,1.0141645652082296,1.0142292014859637,1.0141128346007466
1.0937505691603895,1.1154168858310025,1.1101227133062508,1.1102018611799136,1.1101277500825348
1.1710187857092083,0.9672696833538874,1.0144846350499093,1.0144908663181036,1.0143189694948083
0.9529393766067821,1.0489295703171686,1.0263887657306185,1.0264841103003715,1.026315630402783
1.1503573190523344,0.981820157890592,1.0135080508689929,1.0131930397551123,1.013343473776792
0.7638115350770874,1.0051164085209137,0.9513171781779998,0.9499741783730783,0.952933009454908
1.183872008358792,0.8643744820148065,0.9251253731933078,0.9274054949840588,0.9225630189232098
0.9988795742411201,1.0197458871531038,1.015340579498081,1.0154230301854814,1.0154086079220495
1.0657381216488737,0.8885824226900261,0.9231417805980342,0.9231131642793005,0.9227088979369442
0.9777500062804497,1.0258784597865072,1.0150048856354346,1.0151196123652848,1.014977168952233
1.0095640466409666,1.0834986978532244,1.0651739981435755,1.0658028190780395,1.065105317840716
0.8944771228846958,0.9884184124679019,0.9726261135685066,0.972831790364391,0.9725249510705075
1.0209798052299597,0.974358960597641,0.9836600942007934,0.983468021520069,0.9834358090106846
0.9991009132932693,1.0211573562665355,1.016293994640235,1.0163995427459707,1.0162583990411445
1.0964566205208504,0.926309162653142,0.9590195150919508,0.9588655047948603,0.9591222195749721
1.2039256278352284,0.8815183121368266,0.9557824147900164,0.9557133083204266,0.9534359890716965
0.9389552271822723,1.0754434651363465,1.0473399498914917,1.0474910062703304,1.047220899559136
0.7188537466705394,1.0086883659367918,0.9644409332259871,0.9629932512962109,0.9659050410627147
1.0417101262644637,0.9105699570748342,0.9314000756381952,0.9307928941034136,0.9314333246847855
1.1185803211235417,0.9880403691904398,1.0091435965711688,1.0089139964379732,1.0091818103436556
1.1060976415500758,0.8223426817592693,0.8840902473177337,0.8837546866425197,0.8795785512338151
1.0776862205182602,0.9367738642163482,0.9613562298164409,0.9612768152743102,0.9614041898882348
0.9283903018620967,1.069716080649838,1.044366804671516,1.0447548775987754,1.0447749981991856
0.9253548583813631,1.0808437621919131,1.0530341641384113,1.052986785221255,1.053085710894259
1.0932052623705582,1.0326094674430648,1.0439174239128866,1.0438282434351311,1.0440041782681613
1.1228665166932754,0.9760441435659372,1.0011353720235145,1.0010168596014,1.0012035575547016
0.9201941492060626,0.9569791645936352,0.9491688411478615,0.9492441879333097,0.9491478527227648
0.9902649916189562,1.013877762081758,1.0099628413760138,1.0100113448366403,1.009914467765245
0.9093250432440754,1.0398162985700357,1.0135504514971971,1.013786579787859,1.0135403196413857
1.0051471504818206,0.9873799175637661,0.9891572215130098,0.9891053488359343,0.98920597678081
0.7988049388364376,0.876326659315424,0.8600723836311664,0.8602125901642435,0.8599444054680498
1.0930818266310611,0.9634359715356702,0.9882311520276007,0.9882134689161775,0.988081445528863
0.7714638196756087,1.1009034828780457,1.0319350572843555,1.0300750010365574,1.0342946995658973
0.9889647172953211,0.9919114329358196,0.9913073591839345,0.9913142080993276,0.9913007324383138
1.1592603545523803,1.0092295515408107,1.0446332381136292,1.0444873097161165,1.044046276278674
0.90913264978041,1.0061350628150363,0.9878862569558183,0.9883521493770309,0.9885311352140924
0.9776334808799295,0.9619335979242997,0.9642891162874319,0.9642587842450617,0.9643192174553543
0.8991688507036797,0.96558065493084,0.9491973444136808,0.9494023493840226,0.9491285957025681
0.8139101140078463,1.0581887662051614,1.0076437815669028,1.0069860887444206,1.0083526119127866
1.0241574102422097,1.0485039060725037,1.0441405707650504,1.0441937005965962,1.044089991231726
0.6958092968752779,0.9260773026394205,0.8889996007652414,0.8885265339404114,0.8895666128673637
0.8249905620391966,0.8427854938704672,0.840367784736834,0.840410841617531,0.8403678352968116
0.88551986296673,1.002463583281298,0.9792514475659386,0.9797026754507707,0.9793127429777977
0.8509470940872582,0.9979867553444465,0.9734257481479844,0.9737853464987816,0.9736369676144704
0.9953548588900898,1.1368727861235974,1.114302382908951,1.1143321915568818,1.1142851995538054
0.9456318617411851,0.9344046289099777,0.9366698958121159,0.9366403677764885,0.9366750377778075
1.0797495049812391,0.9680330437186295,0.9877188333041739,0.9874500016433405,0.9876542992386517
0.9748417798825929,1.0128639977978657,1.0054792107953976,1.005555129973792,1.0054037089645664
0.9267687865967317,0.9913076390557076,0.9792985289591075,0.9795383915014038,0.9791614824423727
0.976192856391331,0.9997314971680867,0.9944525904210711,0.9944864160062651,0.9944447401696167
1.2200590773491664,0.994319456123712,1.0418662787363009,1.0424228353240548,1.0402275664906058
0.8098689477900172,1.1060853838694096,1.0621824901086874,1.060731264318892,1.0637351231363432
0.9377445722464764,1.1338529274503735,1.101392551246233,1.1028347127984148,1.1030194254331853
0.9169228275741317,0.9143776292554355,0.9148330184284398,0.914820867404619,0.9148372087988259
1.1009378074953453,0.9668834489663849,0.9911996486680853,0.9910843863786066,0.9910968464541834
0.6888726381145566,1.0743579956978593,0.9977848982002452,0.9935387410158173,1.0021200857838997
1.116301425995674,0.9672565560918158,0.992049776289775,0.9914658940765045,0.9917805648885297
1.007482562990601,1.0478495263359084,1.0402512242820015,1.0403258352902378,1.0401965851822241
0.8872155166094751,0.9388489050058906,0.9269803705727071,0.927079201937333,0.9268908011208588
0.900028042081154,0.9772176965006919,0.9657424575707422,0.9659043567509792,0.9655951248778819
1.0106149238552924,1.0267036119924342,1.023817658307589,1.0238815806202848,1.0239080751585736
0.7404591970205551,1.0163050323283536,0.9629810557728266,0.9616708936039792,0.9643448415200702
1.1593167330626617,1.0488528636424623,1.0710991462464994,1.0709859443797332,1.0711381499035837
1.364379278611056,0.8937523050443125,0.9945200474273095,1.0010637327229495,0.9876528659852164
1.1795461414216204,1.0206908496345561,1.0493323578703242,1.0492068703384148,1.0493217669961608
1.0719432769872932,0.9695622600998596,0.9894842440247195,0.989295571566221,0.9896470011778745
0.8194397262533749,0.9776835963106936,0.9413240389646441,0.9411707093630541,0.9415269471543867
0.9438172828041083,1.0685951584027906,1.043464231978925,1.0435571586262418,1.043371717546019
0.959969487747873,0.9120301992345198,0.9219349551635547,0.9216358612257616,0.9219732868105611
1.0096767180410562,1.0805508476476184,1.0654847888620715,1.0657629622952391,1.0652984758604491
0.8303662610246365,1.1038505397517395,1.0565495625201908,1.0560484417271854,1.0580481643304336
0.7626531510288299,1.1105017232590249,1.0327583970604097,1.0322221229361275,1.0352388909660304
0.9362447614248689,0.9560984439344408,0.952468611279981,0.9525065636123657,0.9524643794988477
1.2396282419361886,0.8608222741357093,0.9448956946919306,0.9481733889015306,0.9413813668816771
1.0138961625590175,1.0283818042659965,1.025907217581719,1.025937103425576,1.0258774188005675
1.200480726011471,1.0113304566884294,1.055216682496187,1.0551765794130832,1.0549851867700146
0.9192941473263769,1.0187282978099872,0.9997583297211248,0.9998862876473209,0.999638231317104
0.9411330251910679,1.0145055668990683,0.9974786954751726,0.9978358624784833,0.9974304877267446
1.1231316273811551,0.9812207205382111,1.0040935005635498,1.0040559809418623,1.0041308328569774
1.1939760022156098,0.9520799400888244,0.992440298088138,0.9933441732656608,0.9915322864232479
0.9334571865555471,1.0048145682453926,0.9903499769893318,0.9904796495983068,0.9902453364712603
1.0830036545298116,1.0378991848007115,1.0481513744424098,1.0479906887738708,1.048148680532046
0.946994143467911,0.9831417594558861,0.9758166915860598,0.9758935763080613,0.9757456082882252
0.990006190251434,1.0165650614664936,1.0106689430979425,1.010747785254341,1.0106188880614186
1.0664815719110772,1.029009310308018,1.0348494880035455,1.0346922206952478,1.034773465574259
1.0271301009901712,1.0083830286060667,1.0124962115111023,1.012457043318202,1.0125319184440302
1.0807488208486984,0.9899111540927904,1.000251452221624,1.0001681924430956,0.9997944499371272
0.9341428557044095,1.0329389976033356,1.0156823391690302,1.0159040407383813,1.0157895333791411
1.1093022067673233,0.9538598815539607,0.980433613226495,0.9800932439487872,0.9787085707955608
1.040258327015567,0.9754397007177921,0.9886715657421987,0.9886045234091342,0.9880778517676523
0.8411812951349326,0.8869759473394397,0.8790294757886766,0.8790967771261894,0.8790343779692817
1.1395035370093511,0.921889666417393,0.9737121833522939,0.9740055169751626,0.9734122653969253
0.98338782728006,0.9979640069908224,0.9949655248775816,0.9949970687222693,0.9949771036749753
0.7026933512422723,0.9954984783490519,0.9402866996702625,0.9387449282882349,0.9422588548211406
0.9652957164774069,1.0999184523763121,1.0747529925429447,1.0749625409451384,1.0751153443289234
0.9630943823223064,0.9397245083713697,0.9431336642070784,0.9430776670224923,0.9430642183408113
0.9562412435431492,1.0069032516034222,0.995729390511732,0.9958888654694761,0.9955910921614693
0.973381339306053,0.9315217407846628,0.9400729724018836,0.9399926285727749,0.9400812204344229
0.7580869338117247,0.8927020793348669,0.86059334070188,0.8606955535787746,0.8609556714097134
0.9224226753272697,1.1070426882457323,1.071300872796703,1.0711479680754659,1.0715037300261971
0.6562404301881698,1.0214919871162136,0.9494085063419404,0.9473794947520947,0.95263105806214
0.9011159758474707,1.0804967793028804,1.0491030886033215,1.0491702636726987,1.049402280537926
1.042056931986303,0.913893248564729,0.9383697975833261,0.93828127702409,0.9384366279411792
1.130429167256266,0.9532277344497806,0.9888542694206136,0.988787000845837,0.9883942535567474
0.7827713072753538,0.9911041925918257,0.9410450336846129,0.9407902258876183,0.9413180993599695
1.1563091540246213,1.0071136481714333,1.0329806250859317,1.0327439112188386,1.0331607143384856
1.1116009249032148,1.0037251212054668,1.019029885458496,1.0185342739362715,1.0190806527526548
1.254873795679741,1.0382360859761786,1.0742087847500752,1.0748263567722087,1.0735009183531328
1.2581797897002787,1.0225728993279404,1.0549204153611373,1.0554868899837315,1.0541727734680297
0.8936557701419625,1.0243931246495328,0.9960474881866237,0.9961583375496371,0.9960986677738664
1.0987749596591885,0.9796156536625993,0.9965081305808313,0.9964524668464104,0.9964169453805757
1.11384312768325,0.9611575527676874,0.9882169789063273,0.9882788763110594,0.9880609917881401
0.9140310986314333,0.9716320092127827,0.9632190581689009,0.9634556298420601,0.9631776425528196
0.7400331547875103,0.9906453622596504,0.9456292576195562,0.9442384192450776,0.9480537414268605
0.8998899158058776,1.0364018277058318,1.0168662711807204,1.0170240747503827,1.0169790020219804
1.0880414637648081,0.9710563458893808,0.9932656271711393,0.9931836634294575,0.9932993510670465
0.9623788220990633,0.9796259736822485,0.9759099390750021,0.9759274876752828,0.9758975256898161
1.0846859311046928,1.024996895991987,1.0329721889902288,1.032673045754921,1.0330944834775457
1.1742410472389713,1.0797377459591098,1.0955065433443616,1.0952594206508937,1.0956757257941239
1.1288457152338216,1.0635192120350028,1.0749934490415474,1.074892662367715,1.0750696706721599
1.1226183555811382,0.9659307008003302,0.9916270560460876,0.9916172404129027,0.9916017176399186
0.9136352281844103,1.000815245762616,0.9880522631371753,0.9880666914740982,0.9883561496559271
0.9480863447304735,1.0509555813520597,1.0334813815354809,1.0336015114416421,1.0333639956290859
1.1191096183388496,0.8921570130933811,0.9410358683136728,0.9410038534985496,0.9407932477142451
0.9586168512857103,0.9007878583168002,0.911632766334287,0.9114930895025635,0.9116878871903693
1.0404014102524828,0.9201251118973314,0.9413596106160047,0.9412515953424285,0.941467508194208
1.2271238929217494,1.0302847134679096,1.06358732789247,1.0639520802262814,1.0631127664037086
0.9886885801757032,0.8943059899818022,0.9101352600703307,0.9099999784567986,0.9102699392355549
0.9715514188564417,0.8893611865643063,0.9068633433696545,0.9067412357821922,0.9069847423735247
0.9217772045828053,0.975569069687257,0.9648737312202299,0.9650002169215773,0.9652927256806763
0.9113617631454949,0.9482855203713962,0.9417237923073509,0.9417918305303521,0.9416578723724505
0.8768881302193867,0.9749576073652888,0.9588814733549311,0.9590585945602907,0.9587140359285256
0.9948932137264078,0.9577043005484832,0.96421295742416,0.9641235868889009,0.964276685516628
0.9904732740810418,1.0615967242140865,1.047812176624839,1.0479653193322032,1.0477772964193242
0.9954427369021129,1.0783507334577083,1.0619907117007625,1.0620734073923197,1.061921782000013
0.6645391842012289,1.0881155217271221,1.0128377302147116,1.008395173959603,1.0306278559287179
0.8998334117264701,1.019129400526576,0.9974917861617489,0.997609362027008,0.997374654153097
0.9917184741219612,0.9467962696887606,0.9549168879863521,0.9545642334850585,0.9550454408517985
1.0610191244591909,0.8682440674071638,0.8990976524528503,0.899556447290365,0.8982721547474388
1.1549402580416561,1.0018860335500446,1.0259607859708388,1.0254917166491793,1.0256877657347492
1.022896089960785,0.9863610688565378,0.9933084644470492,0.9932289196159606,0.9933298298948756
1.0744825630893575,1.0396993458228034,1.0467528297785587,1.0464484446235318,1.0468267309217023
1.094304941155932,1.1061485711610275,1.103564347209416,1.1036085163882765,1.103540096784395
1.1198186567686934,0.9969921630792256,1.0226611664111083,1.022554989560792,1.0227298054624765
1.0666589510981992,0.9315240803731137,0.9505784521038064,0.9499954113604338,0.9502805094285961
0.9337757565720164,1.0092515150428687,0.9950951962726674,0.9956280380510708,0.9947904799874112
0.9556241648183458,1.05318466162187,1.0391282287544321,1.0393483114809094,1.039034582501719
1.2388883681093816,0.8251753711348595,0.9094563168191754,0.9135376115377021,0.905124659715502
0.7610086414339218,0.9376576829048204,0.8939258764155661,0.8937401329995267,0.8944220650076085
0.9059226422452737,0.9873311354529154,0.9703285393831563,0.9707473526415761,0.9701480055923991
0.9913063683628801,1.06593565578798,1.049398051584943,1.0495699580025526,1.0492511048453461
1.0323115391794615,0.9781544900373806,0.988994265980174,0.9886783794188846,0.9890037762165398
0.9630861973884497,1.0671718389621359,1.0491925138969562,1.049333173436267,1.0491364672311683
1.1355127821218065,0.9740317138815249,1.0061079080694582,1.0058999782241023,1.0061775274240239
1.1489979862900914,1.029435746922472,1.055526296028441,1.0554295769450142,1.0556222583326016
1.000648245982786,1.0498206260064085,1.0414908484648016,1.0415921278767515,1.0414096013249536
0.8266856351750657,1.0220012570048451,0.9856594629654675,0.9858110911152198,0.9856989211628004
1.294429177072271,0.8849778177869605,0.9554095667400182,0.959787360868439,0.9506713682705946
0.9881666569254489,0.9680397654572728,0.9724616902241956,0.9723711841320958,0.9722590998724592
1.0836128449690505,1.0201274779269873,1.0320057276678474,1.0318679778033955,1.0320761160212006
1.2025022789653343,1.0882479595948022,1.116023610652733,1.115921514551073,1.1161230533007385
1.1564063038947832,0.9813139605603702,1.0116612172122037,1.011624114700841,1.0114319668269482
0.9153700760061054,0.8974937474221464,0.9008934194541083,0.9008680282696825,0.9009090159105047
0.8377808543790206,1.0452938776949519,1.0088514428910442,1.0083590392244641,1.0095514394424847
1.0914972981978632,0.8697091681688026,0.9079827871950134,0.9088179357774778,0.9068244051085284
1.2195750809389028,0.9401429243777375,1.0052027430323278,1.0062881600290368,1.0038844243129927
0.8181988129234943,0.9722596358727308,0.9442048035022975,0.9441573256719813,0.9443233947519347
1.2963029982642826,0.9958797232153112,1.0539170516975354,1.0556477880839645,1.0521738664622993
1.0274778020442212,0.9912421065153604,0.998362139605045,0.998269388241219,0.9984143796336878
1.118545153788219,1.036356122373172,1.0486818542758631,1.048308793398478,1.0488599627563944
1.1392328085336505,1.0585855490609066,1.0746616966463245,1.07442082506706,1.0744691559134636
0.8516603810580281,0.9379045653268994,0.9244299094058793,0.9245812013932738,0.9242835825279269
1.091188215657269,1.0337640039402272,1.0451249298906011,1.0450066046983701,1.045212316666555
1.0790706098213354,1.0454917997454298,1.0502072590395337,1.0501613016863425,1.0502273355448755
0.9761386808188134,0.957437703919394,0.9612138834953907,0.9611821450380514,0.9612446631116194
1.0673315552575773,1.2270283596352967,1.2003172238158892,1.2003121032404553,1.2003471624093138
0.8959557155234991,0.838280309288685,0.8516378699719147,0.8515437984048281,0.8517315699388429
1.1873517269282852,0.9630528087669089,0.9954408765690599,0.9961434596484983,0.9943600727820538
1.0140258619806184,0.9267351646402803,0.9418293688252248,0.9416680302338277,0.9419112995908602
1.1750930826328667,0.9688873421543296,1.007882799830868,1.0079637651416413,1.0077292172904095
0.9353735203911016,0.9560416135890432,0.9521284281373914,0.9521721217110909,0.9521418222855433
0.8607757878407711,1.047040853832455,1.0102637224748914,1.010232457036748,1.0103377819659844
1.0463662401856595,1.0877993242023383,1.081095893118036,1.0811808237288063,1.0812560406916547
0.9953515665728416,1.0969900821933227,1.076233670844581,1.0769774228289481,1.0765485687122842
0.9371843881311783,1.112185881084337,1.0788020126156168,1.0787433532395065,1.0788890119856194
0.8717917527691045,1.0598610622311655,1.0189351316107926,1.0187892173119195,1.0191073627239275
1.0652006240928635,0.9681118915581238,0.9839023565950203,0.9837786705605244,0.983978853274447
0.9028414936097474,1.0414743675105311,1.0068542244193621,1.007120706966115,1.0067067003100238
0.9858978985346674,1.0043483949262122,1.0017332800869874,1.0017683370040218,1.0017197426814886
1.0344385172510742,1.0660352972193974,1.0602499238045873,1.0603234254169671,1.060177516394577
1.0119367476657557,0.9723960336676708,0.9796757360151627,0.9794724120221587,0.9797224803700757
1.0075454158131218,1.0240052635583545,1.0213253092738832,1.0214041559178793,1.0213068002767127
0.9138071426009379,1.1153725843666356,1.0841226353555433,1.0840721542777165,1.08475546947584
1.003908702434632,1.002300574195372,1.002643496775365,1.0026320572209655,1.0026400330215899
0.7926706384440888,1.055132630898316,1.0129693442713974,1.0118047200146092,1.0141501169472957
0.9689632980085454,0.9791317634966933,0.9771322120661821,0.9771529587403016,0.9771115221767228
1.0718976971634337,1.104556269037605,1.097891117677803,1.0979907095620358,1.0978778802449538
0.7332798508670756,0.9168774194790612,0.8951661840815298,0.8955989801859254,0.8958553731790523
1.256229402454151,1.1164885787152217,1.1455686918780306,1.1454251254706909,1.14568504939197
1.2433180396308654,0.9199061150298116,0.9897089937055691,0.991582041146374,0.9877913349818801
0.8025977532959436,0.9197719983874513,0.9014982109462077,0.9019268334225071,0.9015351260634462
1.223095295502731,0.9837556298043011,1.0392408583666979,1.0398279218883197,1.038581950798207
1.100073942307062,0.9787730390074934,0.9952990414513548,0.9951964363596039,0.9953865439907719
1.0540036733471223,0.9224124314792134,0.9394833903131902,0.9387712359630851,0.9395685253614465
0.8045376862112837,1.022173903135771,0.9827936979213747,0.9825218574057341,0.9831243778997361
1.1128160664432372,1.0549366594048115,1.065325572025992,1.0652982304543825,1.0653217141804259
1.0725878766495025,0.9624142684967075,0.9817520834624607,0.9815778351127135,0.9818861945846528
0.9684081028858347,1.120743386391772,1.089199174154777,1.0892671320526475,1.0891909049101471
1.0031849362613643,0.9817441379995209,0.9862220002369521,0.9862083283462866,0.9861953350406129
1.4153837270770107,0.9789763272856743,1.0690924897256036,1.0747634148769403,1.0632310501738382
1.0741771176375818,0.9150038067932195,0.9398729317912549,0.9398242915142874,0.9397989331775697
1.0880724467723242,0.9607134174195928,0.9764996012002175,0.976462452531323,0.9760325634420208
1.0670151635990925,1.0789388430427815,1.076991131286994,1.077038279341929,1.0769660525614362
1.1029991341581877,1.0449424120257473,1.0565535173823835,1.0564581150929595,1.0564375376565533
0.751549807587085,0.8924120717557048,0.8735840512207945,0.8736169786482768,0.8735654203964023
0.8373667132362278,0.944080588389416,0.9244402952194535,0.9246609891964,0.9243509128703069
0.8240040697430826,1.127780463139635,1.0719112030741242,1.0699683744296713,1.0741488527652268
1.0014587072738572,0.9776962021929709,0.982489533140743,0.9824548627357286,0.9825227424723698
0.858939044103322,1.030099244041939,0.9928742930119389,0.992664014760672,0.9933468796564323
0.8547404710854504,0.9567461415588339,0.9374061224579532,0.9373589694476695,0.9377172888198934
1.0210145162008413,0.9404867652188009,0.9574429824559794,0.9572828577107112,0.9575078600138249
1.0139335111499952,1.01957478451039,1.0185824510120745,1.0185881529753993,1.018588360089778
0.976102251147083,0.9683569493734805,0.9699694744157785,0.9699473445967705,0.9699838786473741
0.6259140887497135,0.9400159892161828,0.8700199827843325,0.8683357950316364,0.8717169520328618
1.0641767724188096,0.9508533569343313,0.9696948839156119,0.9692763030002068,0.9698646327345614
1.1344231209387616,0.9623848328690654,0.9960594460527108,0.9961248511137052,0.9953099897029837
0.9346591879191818,1.0192367175403656,1.0018733113729756,1.0019957535385766,1.001754166652983
1.094170611446814,1.1054720395049442,1.1033277374378212,1.103439178169214,1.1033152704641094
1.1309231666384953,1.005051753096331,1.0367300215551842,1.0363735971410448,1.0365391230001926
1.2032245903507615,1.1654682718919744,1.1717301866436272,1.171667939354626,1.1717168437364638
1.1812015580809827,1.0753655689715806,1.0940769673440283,1.093971661652388,1.0941821455680767
0.9629010343457192,1.05367100358437,1.0408561279556086,1.0409382387003958,1.041037706258706
0.8891042178109445,1.0029264334037893,0.985122915870437,0.9858781314119281,0.9854023754667529
1.163945387760864,0.9762085820908799,1.009744490959237,1.0099095807403133,1.0095773410115363
0.7891614501281902,0.939572786777713,0.912402473457967,0.912621085918185,0.9123211387678513
0.8505518744602022,1.0339631594754426,0.9999407384577884,1.0003835652732915,0.9999844787368403
1.1024420959842576,1.2048822993939574,1.1869885759707248,1.1872265710818344,1.18725657703384
0.9904700501136762,1.0124932341440693,1.0091834970272036,1.0092192924739058,1.0091638247642325
1.1795330712619703,0.8880180704084619,0.9381529127183221,0.9392881170621458,0.9365834184807236
0.9249071598480587,1.0811382107718799,1.0527067728859287,1.0526691810367095,1.052798358939548
1.2790318799418618,0.9718523263703102,1.0342248233552538,1.036176353009327,1.0322543872906997
0.9666077143953643,0.8630173001439294,0.8876297644583946,0.8875347165841618,0.8874574773662883
0.7325664919789597,0.9700669199234115,0.9248789313568844,0.9253664308714039,0.9247326044013563
1.072204788746094,1.0217147612133346,1.0319850681637348,1.0318338277943948,1.0321017356081879
0.9904292260820801,1.0373320302670528,1.0272640411896798,1.0275661946812777,1.0271178847350013
1.1602359453303857,1.033372524285773,1.0565604643017452,1.0564392899999344,1.0564503743193872
1.0450775373081858,1.00076719742791,1.0097243070624347,1.009587384262678,1.0098164930983011
0.9573921749576058,0.8550838410391192,0.8749429484361764,0.8742055262205842,0.8753019413393411
0.994552858249427,1.0578453890484099,1.0467463108191744,1.0470508079195993,1.046572228953955
0.9867537618738502,1.0597025959740285,1.0446319421293333,1.0447355184275822,1.0445297376013354
1.0525621226379793,0.997330817296765,1.0071404259475225,1.007023744030469,1.0071162536058436
0.8402746850215213,0.9240848360425108,0.9109285011761523,0.9110515846468519,0.9108223345912976
1.0708869907495966,1.0347036042562257,1.0428052883495662,1.0427886939288478,1.0427455968157315
1.019812256771926,0.9395761883373791,0.9526616920707162,0.952540204331972,0.9527821886147969
1.022357546265488,0.9540296646089665,0.9689452982916817,0.968756549563006,0.9688652716776555
1.1148232199775419,1.0497105652684524,1.060574456424727,1.060355634826286,1.0606783328233345
0.9244277254463028,0.9776840291685042,0.9667836489523335,0.9669103519752534,0.9667926432713818
1.060844396250688,0.9984489785279327,1.0097567692729381,1.0096488082399215,1.0098619621248828
0.9424572686156176,0.8616362120258845,0.8765197094168975,0.8763186511387503,0.8766291717814835
1.1413525038929737,0.8946060481505482,0.9489749129040459,0.9495421870248238,0.9483037263687242
0.9618558821474632,0.9299936921492782,0.9351269550993412,0.9350695775667026,0.9351212151883481
1.104765279682319,0.915088915745102,0.9511692635911266,0.951007834213365,0.9510151788097354
0.9784658566480298,1.0552494453564278,1.0419509277427592,1.0419648347694288,1.0420042098326654
1.0771913535932913,0.9620169153141166,0.9851660118999382,0.9850853096335996,0.9852139423181593
1.053922512949795,0.9851922199588823,0.9968833254273164,0.9966983490737022,0.997047007704118
0.9215368580563841,1.0055164886522066,0.9913494612341444,0.991725072114018,0.9915697260977249
0.8515907181388016,0.8341865186081199,0.8373899035821164,0.8373517905857344,0.8374258870202634
0.9832221859184327,0.9993506536775261,0.9959329298976206,0.9959827854058095,0.9959475138374759
0.9395313678001446,1.02507591704611,1.010229552509985,1.0104394578694993,1.010066680754732
1.1649596923830998,1.0318220020037419,1.060328072025912,1.0600498689088487,1.0604861102780534
0.9595558819125797,0.9471686722796058,0.9499292549723684,0.9498965420970797,0.949959301435057
0.9094922878726853,1.0979240571552662,1.06228395060926,1.0621578609638318,1.062443481297013
1.1050544840895664,1.0138610502662928,1.0324098622279974,1.032338169127321,1.0324600160145094
0.937668855592429,0.9376759662974764,0.9376744295575379,0.9376744428517991,0.9376744166898588
1.016172165146469,1.0216379155881525,1.0203817891438198,1.02039273229644,1.0203711371973392
1.2252860996647505,1.0098063280953502,1.0577050670352477,1.0572545711035641,1.0563444525252894
0.8687357837078649,0.9789061285395154,0.9524430311977926,0.9525903733050213,0.9523280620372235
1.1171042620606366,0.9218352423524305,0.9517012998837198,0.9515293737943944,0.9515648130690593
1.068236686716667,0.9345952344898992,0.9600275659821971,0.9598956793313447,0.9601465328472005
0.9046172745645034,0.9167588873358841,0.9145262837799514,0.9145406347021994,0.9145311655270127
1.098772218830348,1.1757360001153543,1.1617791002639266,1.1619212686359457,1.1617137450853492
1.1756188208157128,0.9639245567444618,0.9982530878815166,0.9973358519843795,0.9969976247936668
0.9551790314445389,1.0973058190823173,1.0704662349632967,1.0707597943777125,1.0712051992367493
1.2771004085260351,1.0070277157448633,1.0702887042958518,1.0707495434539076,1.0693037154936254
0.9137584932325779,0.9692713765611549,0.9576708308566835,0.9577671854661703,0.9575755511765704
0.811066412514418,0.8560926516993577,0.8463739823171702,0.8464160529236757,0.846337969424308
1.0202301839790826,1.0534391358095454,1.04718212612877,1.0474635145663376,1.0470973692016519
1.0166634154044067,0.9228265880578334,0.9349041214075496,0.9347631512452246,0.935044833114902
0.8171490928809815,0.9786759742793073,0.9470068896158105,0.9475467214635634,0.9469155503726854
1.0488252378005176,1.0265171195412583,1.0302202779062843,1.0301756456931777,1.0302639431096874
1.1408644752832489,1.1019969450397238,1.1073259159189024,1.1071599316501957,1.1073917622682263
1.1202834062057703,0.9570965519494465,0.9892008758222517,0.9884541140847393,0.9891909661704054
1.0452864990367334,0.9014526285419338,0.9350174165606419,0.9347668269304407,0.9350815764045379
0.9983081833845253,1.0278710967935505,1.0209292792801719,1.0209844410394273,1.0208742521825194
1.1518889927363043,0.9905765675914345,1.0225502193617808,1.0222966382662988,1.022567893758835
1.041472786914349,0.9796806721908344,0.9928888853865878,0.9926993646120202,0.9929501812495717
1.0841057753039405,0.883600092649086,0.9137603405599714,0.9138749468658776,0.9134589808518094
1.2039927385004472,1.0507045935992587,1.083418043049189,1.0833363299746597,1.0830901801214585
0.6339290325760607,1.0125286790788846,0.9262366780932558,0.9216611011413985,0.9316462612679051
1.0147154354354935,0.9692140214019066,0.9806184754569853,0.9803887706527489,0.9806390043659547
0.9124807432483392,0.9402431912079161,0.9344076700640832,0.9346024945344189,0.9342734815787301
1.13154666355166,1.0602480865105552,1.0750370411663308,1.0747123846624331,1.0751855917109352
0.9133687747282702,1.1135579757143674,1.0763689860070893,1.0761409539956004,1.076666154169313
1.2251275363420155,1.0031459691686657,1.041227061149833,1.0421874872250059,1.039639695841239
0.8997125682012899,1.0723551458814615,1.0432712813623912,1.0432071995217513,1.0433435722943172
1.0358677274695072,0.9816668921689865,0.9929460269625523,0.9927261467366975,0.9930321953534643
0.9293473058736378,0.9783349181915367,0.9682209005725105,0.9683024119317529,0.9681435060884893
0.9254222818969302,0.9519030813670485,0.9468112682962186,0.946907791433941,0.9467434749171626
0.9529009453182901,0.9649695397283305,0.9626152626487944,0.9626571745659834,0.9626371144122229
1.331236269669586,0.9544358971318828,1.0328784286774753,1.0363402920620537,1.0290805935900091
1.0296097062534573,0.9812829791572227,0.9885740730460254,0.9882788030098719,0.9886823436076823
0.9068086667497216,1.0129214431786135,0.9916445383521659,0.991755148650183,0.9915352634286693
1.0848240659696562,1.0657196992381928,1.069632145701978,1.0695922784698029,1.0696715977933962
0.6340746269690558,0.9483070328238137,0.8933250208718352,0.8913267263025614,0.896146855428175
1.0033188589187327,0.9996571305614689,1.0002388170805792,1.0002172111063157,1.000235134680189
1.048820907629467,0.913410093333538,0.9416607587906649,0.9414768144167043,0.9418086996470416
1.137056660905048,1.004384086266155,1.0303893441940029,1.0301950520481347,1.0303247725404576
0.8522524754751251,0.9292523906102499,0.9126950130586485,0.9128289726485189,0.9126867926660744
0.921766989292958,1.0198028520961617,1.0021953685538154,1.0026463489568738,1.0023117615531458
0.813857356309278,0.8651425166917074,0.8579589481205433,0.8580692129333118,0.857874072057585
0.9912337821620757,0.9993987721075444,0.9978828514414391,0.9979244915136292,0.9979253987138574
0.9171290831103466,1.0051588480115106,0.9824973674381718,0.982734211070886,0.9825097996474867
0.9907192352176752,0.95844600889484,0.9649231039139794,0.9648436012782868,0.9649731850178711
0.8751662550388751,0.9661143898710929,0.9469571597088061,0.9471966155632783,0.9467470107830347
1.0916437727697346,1.1341977625025057,1.1253982728908858,1.1254659223719383,1.1253325359964643
1.2448931245009793,1.0705763903630312,1.10392710036679,1.103858799480884,1.1036462357669135
1.0860173741313264,0.9814398120048425,1.0005065352583198,1.000375099212534,1.0006377316047943
0.7674130623257193,1.0147389100117208,0.9593755494821182,0.958525257173068,0.9606301517452106
1.0662017393662586,1.0341439885363806,1.04019781863081,1.0401583281703894,1.0402335947837549
1.0132347187447328,1.1930898210954695,1.1582520867764265,1.158243832459831,1.1582606884451836
0.9028907044717405,1.0899739652077203,1.0544515347676306,1.0542953767215628,1.0546342762331513
0.9807804542894235,1.067979800125296,1.0525608154279964,1.0527464278703302,1.0527113130697783
1.171009594006235,0.976365987851935,1.0112341150130688,1.0114950204825979,1.0109727434243312
0.8793279691362555,1.0909616929527917,1.052022184583468,1.052504724031568,1.0525539484217885
0.9228954956361636,0.9165361865932903,0.9179644315410285,0.9179511021394835,0.9179771567373207
0.9762364269493121,0.9757968455047665,0.9758919481608289,0.9758909376147663,0.9758927992158164
0.9635454352481438,1.023788155543647,1.011632095640983,1.0118434268382026,1.0120498238596094
0.9580326248199009,1.0016840362493475,0.9931427811856058,0.9933163854307832,0.993032745642373
0.8757084700609956,0.9537777313691063,0.9392354848535052,0.9393370167786408,0.9391370564820201
1.0506731635195925,1.027866480569661,1.031687110092696,1.0316485305635414,1.0317139155609696
0.7975724135373212,1.0186501490852848,0.9644043205370019,0.9638729932229682,0.9651317211764923
0.9954381229073619,1.025419472702198,1.0184043879021647,1.0184307229171377,1.0183886160616689
1.0532110982616698,0.9806879569746727,0.9951051282301488,0.9949992206732282,0.9951919374254203
1.0047491720185675,0.9934815423081819,0.9953296844014259,0.9953048271917042,0.9953501346463052
0.9251796676371922,1.0004737233156487,0.9874821828229956,0.9877101753778972,0.9872693092533161
1.1469783393899524,1.140585893207408,1.1416913795580315,1.1416614795533115,1.1416872617669491
0.9556881862087663,0.9736655056119984,0.9704846418804259,0.970560680757136,0.9704636315741674
0.9822097522776001,1.0131544420042307,1.0072722610877218,1.0073338938990866,1.0072108047816475
1.0627464635267612,1.1627991098302901,1.1455380726651838,1.1456119269819154,1.1455281022608956
0.8103270455616557,0.9544982523167026,0.9198586306250812,0.9199460604907154,0.919775442834966
0.8563728470115047,1.0983214994064419,1.049988781135133,1.0493380685346159,1.0506769177797104
1.060095546785362,0.9769836390525191,0.9927244756900024,0.9924803984798205,0.992871736797099
1.2150108780562319,0.957593378639216,0.9946699985873347,0.9954380936235954,0.9938843973476796
1.025745616935353,0.8618290851534814,0.9009344222196165,0.9009041245023902,0.9007705488866665
0.9476148555747561,0.9996229747210427,0.9891573005163741,0.9892942829271354,0.989044621724352
0.8692086448627894,1.0121375486867938,0.9844566350046285,0.9841455328642983,0.9859632371103983
0.9285526233262305,0.9370640739477503,0.9353723833804513,0.9353881056911061,0.9353575636783731
0.8730391125199197,0.9386777383277749,0.9286696333307121,0.9288030373727918,0.9285652919329602
1.170996076095688,0.9740064656528615,1.0111158636197126,1.0094172755822217,1.0109160014633816
0.8837847253498174,0.9630391376735954,0.9462333550496941,0.9465023048230132,0.9465519318060365
1.0223634935800718,0.9601011739651232,0.9749159165250905,0.9746901797314352,0.9746103071596837
0.9754217412962236,0.9085253023978607,0.9214871643519285,0.9213635118587598,0.9210535670050144
1.0138175142872121,1.0553238540891232,1.0488068952393086,1.0489837206560015,1.0487703262329626
0.8262080126604272,1.0243841504489195,0.9889785808794824,0.988395256797783,0.9900197181558344
1.212203532938708,1.0503653006276865,1.0855522594458307,1.0849089107538592,1.0848955650055485
0.878545576412221,1.0207342509391988,0.9881355406496882,0.9882233020464269,0.9880601547759266
1.1922354152191492,0.9972194607930117,1.0371571996452735,1.0373188565178584,1.0367336424060913
1.0581103806953482,0.979054995968411,0.9931077309891835,0.9929757239810312,0.9932391841714521
1.025614742908438,1.07399162244043,1.0650314826171092,1.065158569471322,1.0649654296071511
0.9000369481934888,1.1252936495611308,1.0818740379756495,1.0815856810037543,1.0821764300027354
1.141604455144184,1.0548749738014396,1.0707141715712005,1.0704594999231056,1.0707704476271347
1.1940199117989094,1.0452495035981382,1.0644720751343206,1.064450526768006,1.0643721755942612
1.309025551372354,1.0002486982349312,1.0641269877206652,1.0658096888371658,1.0619755116102139
0.9876456799581759,1.050958664746958,1.040440656899345,1.040627897850836,1.0402919925891707
0.8421942134979215,0.9746730452720251,0.9472320860698321,0.9476449218970494,0.9472677384898452
0.9864966115132388,1.0718724375411512,1.0559442764620532,1.0560263358501567,1.055984670985076
1.1617255613086255,0.9910088181721368,1.0265557641515433,1.026722819853212,1.0263435900714646
1.1180228881249428,1.0439307219163403,1.0596319056867334,1.0593780118316591,1.0598192128516084
1.1563826433154238,0.9882481283467872,1.0308583162215543,1.0309102247949897,1.0308053704239588
1.1001677342615632,1.036388108084434,1.049403238162044,1.0488152926055823,1.0496776513296275
0.9278167289165669,1.0331697946742169,1.010360236375356,1.0104790044219922,1.010264029345325
1.2796804314272525,0.9397890702879169,1.0146785470156015,1.0173521554419316,1.0116196845957206
1.1280351095028984,1.0569945806651533,1.0715328924905645,1.07131420479796,1.0716896258683326
0.9179386804341022,0.9798008054801678,0.9652905518196694,0.9653895611906116,0.965191752823258
0.9156422955122512,0.9285790750626407,0.9257895394096961,0.9258926616323524,0.9258660990657652
1.0219112287419727,1.0350988321006396,1.0326441412777427,1.0326635100253203,1.032634474351271
1.0427895048896263,1.078913681324082,1.0719448563721339,1.0720230935657078,1.071900080371661
1.1684651729149467,0.9167904427190622,0.9582935440855073,0.9591087850586776,0.9572382065233006
0.8242685455720238,1.0414020824888253,0.9951595998377001,0.9960909609818188,0.9953393545987393
1.139066848548702,1.0126267266525695,1.0335394848660149,1.0334199847971657,1.033464785018563
1.059816766723094,0.9762478299737574,0.994302338143796,0.9938707265748311,0.9945099230179856
1.2068738191786792,0.9069539944789541,0.9611244753793422,0.9634022371235393,0.9580923314626684
0.6234653834955031,0.9997414164247849,0.9439386500561284,0.9401129510575903,0.947876807572841
1.0061834425886378,0.9487736182201955,0.9561818453257013,0.9559592470514187,0.9563408417757957
0.8964547858067502,0.9988734662100136,0.9784498217112596,0.9792520158402007,0.9784520176801512
0.9707299596871183,0.8432988473079399,0.870149371752948,0.869804141189171,0.8703730423401317
1.0788663852029154,1.008810497046458,1.0239471670303613,1.0238545666294039,1.0239911034017055
1.0957032565739309,1.130851019073853,1.1228485791429037,1.1230804724739258,1.1229555255672965
0.9237668633824757,1.1026640335031859,1.069385848563806,1.0694968677892867,1.0699060034287182
0.9971247757736683,0.9090902607295227,0.9239100702003794,0.9234368056203293,0.9240823360326619
1.0603471391726862,1.0417525116400028,1.044896904874026,1.044855878774271,1.0449377338723587
0.9171560954716255,1.1404372411671635,1.101477999274556,1.1017946960523095,1.1022265987099726
1.143579413638507,1.0974366435719625,1.106150185505832,1.1060483654876243,1.1061978893665878
0.943095043104626,0.9392767154144515,0.939828424755771,0.9398033282154806,0.9398173769333285
0.9688207434342019,1.0034936935640666,0.995028841164329,0.9950448811140411,0.9951568976047773
1.0628316806649007,0.9056766740345382,0.9363368492452302,0.9362969153877567,0.9363746856054822
1.075629817242596,1.0202640001008279,1.0310323038630849,1.0309316744347765,1.0311317987968436
1.1316416181428866,0.9646488210702384,0.9924730827548048,0.9917885314876246,0.9925506402118136
0.807525671828885,1.111077537845606,1.0573320239805835,1.0562069264381968,1.0595151820136646
0.887529557952042,1.0185401754096153,0.9944838438620528,0.9944934730401938,0.9946195093250731
1.1917904698128037,1.1726363501229435,1.1761481925303172,1.1761002577936244,1.176190609084188
1.0985174174570413,1.100636443447604,1.1002307481927407,1.1002366655347404,1.1002288144988694
1.0521338485224436,0.8652111122674093,0.8993052379000204,0.8994581418425143,0.8991065241870262
1.1751604289161421,0.949523022464337,0.9985916935109965,0.998944132046062,0.9979939964251665
0.7631817485418286,0.9707138481337605,0.9227127398654746,0.9223876336795443,0.9232403643238234
0.7954494075189388,0.9536045770745853,0.932455431756414,0.932615317513881,0.9326736541404052
0.8282895557014803,1.1154531744937763,1.063833070612168,1.0622486156838202,1.0655721136281449
1.0675088476506307,0.896905007502275,0.9253151634126731,0.9250967733700032,0.9251752406494448
0.6646991877354613,1.0103002872756113,0.9222421757640534,0.9204809103202118,0.924673690100845
1.1788031922996505,0.9756122487423153,1.0174847728232252,1.0173681167940463,1.0174417681475374
0.9653499154092755,0.9366405897998138,0.9420445301872327,0.9419514724414803,0.9421001230289308
1.0905035645293681,1.067051008487117,1.0713574307506022,1.0712957416577586,1.0714089027699172
1.1053647105292481,1.0409176475208695,1.054349623067229,1.0541025263018695,1.0545232092347985
0.8748369980736238,0.9116739495536211,0.9056558759007168,0.9057937434266169,0.9055328677051161
1.3066877751280526,1.019506923696189,1.0636319743265608,1.0655158013271426,1.0604212528311767
0.822634288069043,0.9259811592455437,0.9081289817634128,0.9082551463966428,0.9081016745924644
1.2875788026866697,0.9561274322889567,1.0256593342252036,1.0270026603129214,1.0235553814414855
0.7169721072508889,0.9928286711445176,0.9350251521541647,0.933999310312924,0.9361970317519468
0.9515690536593961,0.9404015138822556,0.9427225397932426,0.9426981702597759,0.9427454840011779
0.9224921191853905,1.003443054692085,0.9874000944819913,0.9875669814463718,0.9873180172473481
1.022181141450566,0.9205219007162875,0.9420015325768497,0.9419275992777421,0.9420562359589568
0.9881261096907002,1.1068863120279955,1.0808600778398647,1.081445983343282,1.0815493679517152
0.9522478510779806,0.949976622961051,0.9503734904791175,0.950368525427747,0.9503776670189519
1.1070970509391431,1.1209393106538164,1.118049997482396,1.1180970469919147,1.1180081808649367
1.0157276324619775,0.9663606254769657,0.9734559927793728,0.973363976840834,0.9731609587675298
1.0626547232746866,0.962431646148253,0.9790136377137084,0.9787869546604047,0.979104944035132
1.0856496045172892,0.9858444743330674,1.0085082697538896,1.008388568319993,1.0086276786130086
0.8825797904645708,0.9559482822976755,0.9442970526704286,0.9445243217212875,0.9441072188032426
1.1538141139268703,0.9886659658610844,1.0139768931159567,1.0143334587206985,1.013276185018837
0.831897662063582,1.1539377222842067,1.0918534954989403,1.0893887928767731,1.094388742334178
0.8477377995975327,1.0945011824076192,1.0472020321686475,1.0465725652101532,1.0478485408930323
0.8481205456006122,0.9761179847943049,0.9486812341251235,0.948817532322341,0.9490022428135227
0.9758812185146615,0.9780231741622183,0.9776795442086645,0.977688258565618,0.9776732782124473
1.2047190505701055,1.0261554701858595,1.05699748335289,1.0571288499973288,1.0568395661301975
0.7693206699944407,1.0259597983076114,0.9850882456900598,0.9840729685085831,0.9861281515745227
0.9551393363237204,1.0655468268627475,1.0465535448349317,1.0466647365139004,1.0464427884715146
1.0026468677355056,1.0258814006972836,1.0210417321907108,1.0210889181752327,1.0209983018818651
1.0016907343867198,0.9686709641116578,0.975648903450391,0.9755878138144598,0.9757029974726861
1.0263438252691601,1.1184262393570321,1.105710173887493,1.1058891301470295,1.1057774783365732
0.9620525731753488,1.0499186220636822,1.0313520717291498,1.0314115050189931,1.031370330266118
0.9795899108879693,1.039055236759718,1.0281031576082074,1.0282435741065978,1.0279683480426922
0.9110177449729062,0.9767966125977695,0.9670773981941443,0.9671935838396174,0.9669622540663119
1.1900108233723172,1.0928556629791981,1.1080451681313714,1.1080140612774791,1.1079369349137091
0.7638663952174131,1.0569600560660082,1.0034143029184839,1.0018966515901089,1.004947006243693
1.0268546156333132,0.9281355387493202,0.9452927427209986,0.9450342016760495,0.9453098174311323
1.1705744307540649,1.0453475063211846,1.067992103612425,1.0677071811306025,1.0680836047736397
0.9947257588194732,0.986036397483975,0.987281757805041,0.9872345743383916,0.9872892510397553
1.0141838658963873,0.8691572537348281,0.8979961509028466,0.8976330997364146,0.898054850669716
0.9210100644506541,1.0839178936974094,1.0474117358163062,1.0472515763224592,1.0477609151774598
1.2981416965125556,0.8886402779008531,0.962801319633532,0.9662154676272215,0.9555982589253031
0.9224216051730968,1.1630291310381475,1.1304027964812966,1.129781752570457,1.131026843344198
0.8889737413352722,1.0054944742868281,0.9845438849054396,0.9847707593866696,0.9843741369285277
0.9000089571044191,1.0889642626350475,1.0468751072005358,1.0468843768159681,1.0469723083630678
1.0226652404720644,1.1007950925423846,1.086522061969263,1.086664623509114,1.086381178248916
0.8755305000301475,0.9586601866658556,0.9449275970802243,0.9450891374026431,0.9447793951531473
0.9622596261706833,0.9527722132607919,0.9547637476129335,0.9547109077553465,0.9547738834344945
1.013910779960194,0.9771408033671019,0.9831253553388049,0.9830508459215627,0.9831996757689658
1.0771216026320045,1.080925665586227,1.0802855713365354,1.0802903128063688,1.0802833764846143
1.1280095269964479,1.03315211364956,1.0505148421168906,1.050441876381988,1.0505294181199063
0.9285474097727738,0.9141889235405682,0.9168430928179935,0.916812089796106,0.91687341374069
1.1323247283047628,0.946407094205301,0.9719673255060299,0.9717673954332351,0.9713631808227177
1.1523351677995914,0.9726955077124528,1.0072403255159952,1.007397392558247,1.0066027250059744
1.0363630292543966,1.030608237544346,1.0315049140430266,1.0314785437151532,1.031512197617823
1.1012452508977935,1.0807803285539073,1.0843066499098284,1.0842643559384662,1.0843467437573509
1.0908622131034469,0.9495149150339718,0.9806763217336518,0.9805055115910434,0.9806856554112727
0.6118082564812968,0.9681488434073893,0.8920756685246107,0.8891817050018778,0.8957537426815141
1.0675880571201373,0.9824424953240756,0.9968869215563116,0.9965791575179691,0.9967574313238261
0.8972198420615026,1.0511463096272968,1.0313581099656894,1.031351028560778,1.0314152341947407
1.158494929977508,1.0209985586762844,1.041960967455509,1.0419598182120824,1.0417027629705202
0.8943618592144796,0.9803687547258733,0.9649616805109635,0.9652787111478778,0.9650025838523315
0.8450830476494071,1.0005051430506922,0.9732585114441304,0.973361530249281,0.9731814317726921
0.8012475700501893,0.9754605164958479,0.944011593774467,0.9437275620490065,0.9449212417540311
0.9138158100785384,0.998283426391762,0.9827309677647512,0.9828621450949718,0.982600817588066
0.8110231719030538,0.9752371519639335,0.949988169689028,0.9499940430384375,0.9500889870830127
0.9620433614628083,1.0290478859306793,1.0164483094501928,1.0165376604645238,1.0163668944802087
0.829057943589516,1.0254007164309231,0.9850707734482878,0.9852047619470303,0.9850987223721991
0.7981443442135674,0.9181764563910483,0.8962314427167575,0.896389811377559,0.8960799788038027
0.9712997974306448,0.9679129194064733,0.9684824655373191,0.968476723060515,0.9684875483154853
0.9733451718336983,0.9529981805227398,0.9575296374242985,0.9574850206963003,0.9575728874969394
0.8497168508075701,0.9126536403831238,0.9014642636348957,0.9015755466882824,0.9013575848047455
0.8387543192069704,0.8430132120875753,0.8419972594855267,0.8420029346800484,0.8420077577550358
1.1848951576626339,0.9951405636927144,1.0291745987142502,1.0293559399599845,1.0288799829678221
0.8977350929993277,0.9404275359669755,0.9318358506804935,0.9319529415077422,0.9317604433039886
0.869038810500518,1.0038416801312606,0.9770265860641885,0.9771368136480397,0.9771651574079326
1.1400924421343983,0.9987351692908651,1.0227978518691314,1.0228177800855642,1.022768990732934
0.8892753858277432,0.9985462737514109,0.9772421107382812,0.977430298669502,0.9770854709784879
1.2498088563512462,1.1304303384086718,1.1494396418202466,1.1493686424832814,1.1494521923174803
1.2271977877803406,1.0476995598395296,1.082782416989097,1.083031540073697,1.0822079287632937
0.7818482873521997,1.0199798367472372,0.9688232708253144,0.9693906515317307,0.969660972655269
0.9768251764620535,0.8890845002160376,0.902809137181328,0.9026527553916689,0.9028448551856016
1.082195049559662,1.0565613185508702,1.0615410936665166,1.0613547882129524,1.061578451517612
0.7837195212736454,1.0094911761515917,0.9576034611216497,0.9580090999051613,0.9578266459227546
0.6169869285318155,0.9553170681751632,0.8876207316495689,0.885598230377761,0.8904466617280999
1.0260621251192312,1.0261958265332876,1.026171489718819,1.02617190780944,1.0261711633770314
0.9275204938712415,0.9654285282589196,0.9587150861195517,0.9589442321930215,0.9590197358562578
0.7207422255365149,0.9756696578597066,0.9241790083429303,0.9271762298193228,0.927704881609562
1.0207063607923874,0.9669671050861852,0.9763832371679256,0.9761886325329979,0.9764605715989827
1.1659323152257997,0.9693458118796674,1.0026247959364047,1.002721058718513,1.0020762566954589
1.0092833836185402,0.9042750615562233,0.9232506502274209,0.9231317147654932,0.9233568890832111
1.0259766331711635,0.7988769824479406,0.8477340916610567,0.8483117275155638,0.8471541953373649
1.2563574204485712,1.000228197121019,1.0493008867576712,1.049679660302673,1.0487201414323055
1.0370082746909872,1.04336650448725,1.0421898275372419,1.0422029844813372,1.0421767684553744
0.9168943641509298,1.0435785568902063,1.0174706413224102,1.017833637651641,1.0173689273925421
1.3961877002030245,1.0461679087346656,1.1175247250726523,1.121120417493867,1.113173412954129
1.1990204442567558,1.0501456329700927,1.0745808796665228,1.0745861270189716,1.074566418654351
1.0222816601143025,0.9871089055827746,0.9937780454834835,0.9937110039025472,0.993843548964216
1.0913426604892345,1.151809242344329,1.138045624283998,1.1381305098207897,1.137964319352816
1.1682108892654517,1.0805964683412372,1.0936519795878583,1.093437858741639,1.093692176309426
0.9286624237900016,1.039599098575734,1.018956645713762,1.01908840700773,1.0188252347292552
0.99164594094589,0.9659291488582828,0.9711635505134688,0.9710894634259499,0.9712177544637604
1.012205510177693,0.905847153796099,0.9225070558174676,0.9221071255704036,0.9227523157077383
0.9204364311529886,0.9512176159761699,0.9455128511021954,0.9455725815321557,0.9454539396813024
0.9709360186422629,0.9821995619170549,0.980380707173612,0.9804122970224044,0.9803536010679129
0.9944191352517603,0.9274693774515018,0.9420229396963754,0.9419237093676346,0.9421215894262865
0.9027376988576291,0.9470252626582104,0.9390065844798219,0.9391436600538515,0.9389083090008761
0.9307939265154568,0.9305140474433029,0.9305738531976815,0.9305733397489265,0.9305743385307346
0.9868875794701867,1.020126010549366,1.0138110717017472,1.0138692932571334,1.013754072407396
1.0448111677991236,1.0427427283233306,1.0431529578466876,1.0431486741393434,1.0431569880773781
0.9251140003768321,0.9638036650662086,0.9573919793354526,0.9575917740838376,0.9573105689119956
0.9913616106383851,1.0312869581046844,1.0238877505447583,1.0240861298079547,1.0237347528447591
0.7486291415807907,1.0287759645616843,0.980666828550861,0.97968640932551,0.9825541221380734
0.8138793660230869,1.1044940612000576,1.0415807193790199,1.040011764883635,1.0431613367253947
0.7709180429868269,0.9652272931410926,0.9331266350543868,0.9333017432199361,0.9346941279468687
1.2807857199602632,1.1242555584380518,1.1502209902952623,1.1501748788721955,1.1502456070269305
0.9821981071724475,0.95627984736166,0.961128271716726,0.9610743510764709,0.961181088413882
1.2665599042584925,1.1094827587850633,1.1380064077252035,1.1377290908763016,1.1375959007920962
0.9736200957818483,0.9691249542795924,0.9699980555188196,0.9699877839515679,0.9700070412772648
1.2038250312017234,1.0244031044497943,1.0612984221615198,1.0614052210806604,1.0611914719538151
1.0422275165149137,0.9953814031981287,1.0043641566440134,1.0042722438331595,1.0044544350998068
0.9883049439700164,0.8960441485219532,0.9123305175933888,0.9122501681595712,0.9124051895175692
0.7652742872206281,0.9701992355327398,0.926532211028595,0.9262300235016343,0.9268745918625796
0.8696546621936015,1.0381998273588247,1.0093517692687504,1.0091783863250514,1.0106591483481306
0.8793031038609679,0.9154342160983957,0.909556503395393,0.9096283755344556,0.909484832168689
1.1740976396946934,1.1359968915976033,1.1419474654132649,1.1418724474806545,1.1420215445082071
0.9703119358672514,1.0334014511461727,1.0229475912695971,1.0231220281037885,1.0227934463441657
0.7878687880979882,1.0535437481633392,1.014352127307093,1.0131547025517067,1.0155559324433114
1.1260488523466297,1.0796256514374831,1.0890410241277075,1.0889340618984529,1.0891139200361333
1.2480710461564621,1.0454047932093986,1.0834701535659546,1.0840077174758123,1.0827528112927554
1.0617528590183956,1.0692325739864814,1.067635856534401,1.0676450468054013,1.0676302140944354
1.2465625782130976,1.0632624521053737,1.0974441656147647,1.097623255605993,1.0971426311514285
0.8524736902884092,1.0559115049387517,1.0137274559732934,1.0134763511246814,1.0140718027080338
0.9653144892940634,0.9450394275224622,0.9482610043812093,0.9482299325262667,0.9482806428408884
0.807446658319882,0.998545357587689,0.9615556675033664,0.9615753829835734,0.9618396840878953
0.9472631066186378,1.0815359612001407,1.050679442294682,1.0508151005880004,1.0505675946838702
1.0688935017290213,0.9675334606226988,0.9844474175037154,0.9843737138045817,0.9843582187978746
1.1803848442172382,0.9294223717674579,0.981649632958489,0.9825146441580448,0.98075413739867
1.1555342124166663,1.0915214888814748,1.1032293513266174,1.1030898160274851,1.1033195330740337
0.8607141543235889,1.0715303706819002,1.022748801929709,1.0227703375019976,1.0228817255387677
0.8667930589790845,0.8743465839723695,0.8728475819744907,0.8728749444882342,0.8728315510516476
1.029045854531864,0.9638572991708554,0.9745624865486403,0.9744639374391717,0.9746462807956212
1.037874905651817,1.0774751799771607,1.0714808631093453,1.0715614203937807,1.071414681794617
0.9002375156424396,1.0303468758139693,1.0103802859385547,1.0104147987430843,1.0105640119307406
0.846729161979717,1.0875025319475407,1.054954848616795,1.0549448244150967,1.0557507953003282
1.0250973703405786,0.9969978270029015,1.0013731764134086,1.0013279382595615,1.00141117149292
0.8179020125400503,0.9893875772580845,0.9459176032581624,0.9458365435837852,0.9460704727775376
1.2822612513063156,0.9891085282798737,1.0556008420363117,1.0567240285196222,1.0539335361000122
0.723304793788925,0.934103454798088,0.8909485887653867,0.8905461171743634,0.8913568274155912
0.9817350757842022,1.093597569332341,1.074102944099196,1.0743953848452275,1.0742856840470068
1.1486341204622315,0.8282076921678116,0.8921717704604555,0.89318109521495,0.8902210103202897
0.9170987147958687,1.0078251077929083,0.9869523843934412,0.9872156432854912,0.9869868383963901
0.9697950402057802,0.980517116701408,0.9791199970830813,0.9791582747989344,0.9790907173868001
1.077826493475983,1.0295988912244973,1.0398831442685406,1.0397812528615513,1.0399507091458524
0.8045260615148324,1.114075115979793,1.0473938304302017,1.045810559038042,1.049306910960452
0.9901350193543074,0.9187085355558579,0.9345677170439823,0.9343778809500211,0.9347049101977248
1.1049758591384857,1.0261755901446243,1.0446556140264756,1.0443177586042984,1.0443209958401254
0.9842761493680098,0.8903104720587269,0.905989655538212,0.9057651050343967,0.9060691558607916
1.0719265370241107,1.0206075008387827,1.0311069700169695,1.031034055251666,1.0311634835178127
1.1423233038182823,1.0076859858230254,1.028148711242224,1.028064702051086,1.0282277170485625
0.8914168723581674,0.8847154535063242,0.8860002109937478,0.8859773192337714,0.8860186383869166
0.8937030890318552,0.8905162054581192,0.8911920627334272,0.8911860778069101,0.8911974256794035
1.2332463764699022,0.9416741295933394,0.9971491682891587,0.998807351331448,0.9954734023889407
0.9879797444828214,0.9973216085556116,0.9953202295073375,0.9953427203100265,0.9953106897148616
0.746786047786845,0.991401348529437,0.9395377009462835,0.9392084802671458,0.940446281925825
0.8296883936080481,1.0321738311905244,0.9928624153396348,0.9927447640604146,0.9931691359286159
1.0789688220972908,1.023928108835625,1.0318845391114129,1.0317133193071573,1.031969489352015
1.1012780288613944,1.048369713326154,1.0566719893654062,1.0565640170124049,1.0567728848032347
0.9691917111460975,0.8564420208431093,0.8792548230186534,0.8791765867759664,0.8793217079842732
0.9844926238622598,1.0268752176506313,1.0219340019158543,1.0221152309187065,1.0218569231281704
1.0972572722094824,1.0223063986179426,1.0334237931727863,1.0332671477072937,1.0335649337010056
0.8078252177375262,0.9964405873180032,0.9533734892253212,0.9532139164597563,0.9541552084968016
1.1881250494363869,1.0097987391892977,1.0426178741949648,1.0423908121882484,1.042209221748867
0.8841411829267233,1.0555735036946041,1.0092446587087156,1.0092183156944219,1.0093491670995585
1.0256363065868974,1.1152148522296141,1.1007576987092178,1.101087829764867,1.1005457179289588
0.8702990034780149,1.0634087599939694,1.0173405079738016,1.017270106946441,1.017616490815455
1.2485641181176987,1.0213198122871114,1.0755404590861664,1.0760696858888363,1.0750063214132224
1.1873328423787508,1.1762513930914702,1.178855928398804,1.1788141437782245,1.1788919048625899
0.9897206529919826,0.960937045897348,0.9650965199944178,0.9650077185357082,0.9651662109866509
0.9483700464396075,0.8322776815676527,0.8496548430291516,0.8493617021351983,0.849597701667923
0.843288379560157,0.9462454139785436,0.9314403308093454,0.9317879316667209,0.9314595039093243
1.1337977426950552,0.9508784217134599,0.9816513279486765,0.9817098001537242,0.9815875474422728
1.1215607485831327,0.9636851991988163,0.9970144507255873,0.9964918540240254,0.997291568402314
1.1343335974765147,1.1178815007799672,1.121180477578758,1.1211618031553385,1.1210860651884214
1.2172364030880878,1.0805766647539918,1.1069154814533988,1.1069684929458288,1.1063996978249746
0.8827719476824757,1.0408659905775295,1.0049623746047827,1.0049801716204878,1.0049894723876511
1.0611586158065176,0.9373460828990419,0.961387886932209,0.9611828092664646,0.9614064032732278
0.8971211260750489,0.993370853977602,0.974470985131698,0.9746100252180222,0.9743322418700026
1.0201778638619086,0.8677087018497112,0.8942429186495803,0.894004479135179,0.8942519028813807
0.991843881549317,1.046681113005802,1.036212896938199,1.0363223276462956,1.0361064493990986
1.1228192503009338,0.9762764410750453,1.0043054588028455,1.0038308592421747,1.0041627106425643
1.0403652717519283,1.0124438199361794,1.0180879825895972,1.0180504357762226,1.0181165886936332
1.049421673122758,1.0450439482534495,1.0457208354407725,1.045704385011354,1.0457223717456225
1.062670187395422,0.9545863465247051,0.974261197436668,0.9736062793329114,0.9740549597827656
0.9987101771526925,0.9002445358941444,0.9211010268967329,0.9209984374065748,0.9212028764488714
0.9851148232478412,1.0958672488440508,1.0739239849431805,1.0742638165392246,1.0738552968400994
1.1642224415696771,1.015964818242184,1.04457951375992,1.044442954760368,1.044697558639307
1.0553164537795305,1.117285483710619,1.1060029624306151,1.1063644497229923,1.1061538224664234
1.0183533601879236,0.9920281692162163,0.996000465819638,0.9958638952762567,0.9960450510349272
0.8794432419776989,1.052606089252612,1.0222296063751897,1.0223038235795874,1.0223316911960896
1.03187782791187,1.1672379467937524,1.1402450408685962,1.1403510694178711,1.1401396739930076
0.8423861055646921,0.9929609735573846,0.9637921488190141,0.963757305689297,0.963835222849506
0.9915747442086051,1.0284873048157357,1.0229634629533773,1.023122977623484,1.0229350278292357
0.9491566538001848,0.9630350916703745,0.9604123852073495,0.960582227414716,0.9603322574406361
1.0142400173030905,1.0125127826879463,1.0128736363417077,1.012871389037889,1.0128753018831524
1.028972786987523,0.9496054024684466,0.967124983894494,0.9670054758438615,0.9672430873820388
0.8178074678511061,0.9823451836165875,0.955561708730605,0.9554332512187368,0.9557899230011822
0.8577355881583721,0.9255714719721464,0.9132833826379664,0.9134387417140025,0.9132554734855858
1.055044733364602,0.9923677220922331,1.00547058258316,1.0053735283869878,1.0055652344708061
1.214103162269977,1.0529019136936697,1.080363953105145,1.0803342445334603,1.0802025498079018
1.1511550479427421,1.086438982825844,1.096349206734352,1.0962075120985946,1.0963884027863262
0.9197637257013652,0.9893383645926511,0.9796876253303333,0.9798422050136459,0.9795359093226148
0.8941109194369986,0.9777272606204203,0.9589406504740166,0.9590285589754739,0.9588551600257418
0.9717348916469358,0.9445709100236075,0.9491712482002352,0.9491132048601997,0.949167998315628
0.9072099848727712,0.9149092831149435,0.9133344838045642,0.9133499662979846,0.9133191087576367
0.833893224496665,1.0473321544846423,0.9994168595544778,0.9994550490643055,0.999584683101759
1.1539841611876338,0.9884936439524356,1.0199079341375168,1.0197409313502612,1.0197466806867967
1.0819558097116668,0.979157909599405,0.997595396454053,0.9974464921858165,0.9973900316885489
0.9915662000310018,0.9948971238177275,0.9943956571044271,0.9944087023847188,0.994388216471029
1.0044383543184077,1.063421749092428,1.0526022629005967,1.053067453846697,1.0528357136956303
0.9392814119561654,1.084922579921372,1.055396280669791,1.0554157487847748,1.0553768306252214
0.9027461498336553,0.9535730729211086,0.9443074226002593,0.9444126454742808,0.9442179546939391
0.6972623762587784,0.8200296919030706,0.7933452399077686,0.7932743600948544,0.793930243015933
0.8422074662643353,0.8865583624634111,0.876522109121878,0.8766232516206827,0.876425050576993
0.8784354742354724,0.8915379154574337,0.8880266495714051,0.8880542067653693,0.8880367372111942
0.9778955308474245,0.9804052072709625,0.9799967657411425,0.9800043025119917,0.9799914233153951
0.906822003586989,0.9571276324973229,0.9490947142122496,0.949585438812061,0.9492523421519172
1.297604206304479,1.029593627937944,1.0919902364488707,1.093125986998285,1.0908271477295544
1.106679473772196,1.0517549306342262,1.06021837613498,1.0600851014399744,1.0602249347625503
0.9907831027318753,0.974751892239153,0.9776071313948502,0.9775778274826074,0.97763507254311
1.1908127783381663,0.9104248709885352,0.9714350261783291,0.972730788810165,0.9696514607951662
0.9852183181689681,0.968061480101358,0.9715459955106183,0.9715067077203564,0.9715751688151387
1.0142887754322407,1.0450163502284826,1.0397896700339424,1.0399385559475622,1.0397939638818092
0.8622793014634457,1.0357592158574866,1.0050416977218093,1.004930901141795,1.0051526804487105
1.0204933287414868,1.0851263202846735,1.0724228492931573,1.0727782949599263,1.0731363056793097
1.0356563313033813,1.0344114803134812,1.0346108230344864,1.0346083657386367,1.0346132007870685
0.9246204888236899,0.9449808934862357,0.9416695836307818,0.9417165852664637,0.9416265861126972
0.8471272111571155,1.066514931295603,1.0155613713416822,1.0161288148597944,1.0155094851139461
0.6554026987682093,0.9196451125287468,0.8783146018224625,0.8772411406848758,0.8795513671082438
0.9438476058296669,0.9981575657015024,0.9897731711876492,0.9898367650973513,0.9898956260851018
1.1819530920621915,1.0685651121456212,1.0912709301770478,1.091167336815101,1.091347576329742
0.7884586001183377,1.0534705242288036,1.0096392335040352,1.0095517216373233,1.0108699798471752
0.8797826152828686,0.9417426122852197,0.9271811130392589,0.927235844229846,0.9271736234209866
1.1361564641249402,1.097264501638317,1.1033510206240316,1.1032765277106091,1.1034119187039977
0.7083913620634177,0.9934579392591122,0.9491457441595196,0.9478345646652874,0.9507082643090577
1.2086946353276455,1.0284639365137438,1.0671746619191973,1.0672358486887956,1.0665089016327887
0.9353344356037061,0.9319587268124658,0.9326220299961018,0.9326150725727753,0.9326289625856719
0.9113985520946627,1.1341705818776164,1.0973196069308715,1.0970015454314541,1.0977698157033142
0.9520665456979441,1.02323284371379,1.0117832628989676,1.0121639948114853,1.0127256814557533
1.0194855450384757,0.9282512103571353,0.9418067390464432,0.9417826836832482,0.941331493319137
0.5939113972126733,0.9394767764607701,0.8924486454541242,0.8894498355940293,0.8957506663556534
1.0318175722168879,0.896941673625498,0.922258467706712,0.9216075463816407,0.9224057026458274
0.7782842575538056,0.9581379556986265,0.919802759068898,0.9196536788328386,0.9200746553363117
0.8244907423381199,0.9447249864383711,0.9229547336434627,0.9230753416674127,0.9228343619068995
1.1271938017002832,0.944974690793542,0.9800555999094,0.9801597622370674,0.9799486440059828
1.013389027577753,0.9131782575059012,0.9311345346669133,0.9311784820489529,0.9306852147111089
0.8733804337734294,1.0375431732005331,1.0025758473543769,1.0026423671779958,1.0030387290665286
1.0159806415821457,0.9577313424998091,0.9699779021079238,0.9698796886515962,0.9700144337708848
0.9032682422050096,0.8219285054968746,0.8373775053796395,0.837292250616755,0.8373149406098428
1.2220608470070768,1.031316225261141,1.0607776928124613,1.0607014897279594,1.0604933672082786
0.7940200975965913,0.9664317614366633,0.9351176836418604,0.9351506531140553,0.9350847904915849
1.1768461837165776,0.9663507905620611,1.0042067771590535,1.004582850806713,1.0038296651510774
0.9923224637207919,1.0737662917070083,1.0607122727304112,1.060917310292053,1.0606135374172094
1.0956664517747705,1.050638475933186,1.0591570888122919,1.0590913577720158,1.0591725989493488
0.9068264290853254,1.1249215672704704,1.0746579132849532,1.0752396626011644,1.0749551382730613
1.1483563749529657,0.9491861138751841,0.9883684745157735,0.9884752852533177,0.9880246546331706
0.9982823426975365,0.9690272510134107,0.9750730014640066,0.9748823747003498,0.9749908003237628
0.8717644760032324,0.902777159542644,0.8975739635828238,0.897718403708167,0.8976012121262164
0.8768957122985999,0.8438481062833865,0.850679559902302,0.8505680175061686,0.8507545841523345
0.9088844734052146,0.9618527701484473,0.9503517097323395,0.9504859634800842,0.9502399694512427
1.224627018948405,1.1182894714010319,1.136040138338629,1.1356515995431102,1.1361672553517463
1.010775785358791,0.9774629849069051,0.9842955645163183,0.9842302955833018,0.984359238884698
0.9928544213195013,0.8863502037128004,0.9062560690415092,0.9062205550335931,0.9056287059774653
0.6718451713824085,1.1200925486466589,1.026369767950815,1.0198370017198644,1.0330395535055907
1.1524870651064436,0.972147714142798,1.0036263086208463,1.0034208123606194,1.0035175955251074
0.87522892474634,0.9986535129932429,0.9760566874697747,0.9761572660712254,0.9759819481545564
1.0470299722370526,0.8989264967925362,0.9283024009139074,0.9282354949779381,0.928241622620232
1.0374439419578876,0.9262479853787315,0.945394217117932,0.9453075716387651,0.9454500355657338
1.0467400153965067,1.0139620401195035,1.0195860999991035,1.0192352223261625,1.0195566962743934
1.1185830112749093,0.8939983162133784,0.938918680818776,0.938958753333821,0.9381607141096806
0.9333776963970538,1.0335946914808198,1.012225462039768,1.0122998850565907,1.0122176530246283
0.9671382422596418,0.9694410960630081,0.9690120832288176,0.969017353541049,0.9690070723960953
1.1391234754556534,0.9631734504001581,0.9985567146374438,0.9986688131043757,0.9984344897680613
1.197646242787208,0.9674276111813788,1.015547147631542,1.0159338493517174,1.0150639138411806
1.1307369247120913,1.1027661947698357,1.1084266673830843,1.1083807328402444,1.108445094462343
1.018642685174859,1.0642649885920104,1.0550242075706715,1.0551249124372657,1.0549272121683964
1.0081765532381262,1.1409421859308324,1.1105192711299252,1.110530250331156,1.1106287371754708
0.9180487697233146,0.976655226196483,0.9677070975300867,0.967989204643549,0.9677621802599327
0.9896521797296494,0.9814766503234381,0.9830483229334268,0.9830281905180821,0.9830679183158916
1.0484780947736683,1.0290486717872183,1.0327086376120724,1.032671691085136,1.0327380027083435
0.7585900866997459,1.0508783848425851,1.0002543628512237,1.000032220090992,1.0019103885101368
1.2192005536583255,1.0610494431029347,1.0893818487210079,1.0895215640931968,1.0890655840260068
1.0269918442149757,1.065412192865549,1.0577265218108933,1.0578100081478623,1.0576482342980587
0.9199866809606765,1.0807185672612116,1.0503365141037253,1.0504039705309143,1.0504024526503843
0.8858030849114371,1.0374193281044406,1.0086050040722188,1.0086515740253177,1.0085589711771938
0.8220519220311718,1.0068573460870731,0.9668212394677891,0.9666820331059098,0.9675845025036983
0.8822046733475818,1.0288944261338724,0.999329595033069,0.9995882696771635,0.9993182422876472
0.5687416501504801,0.8754043251137696,0.8020332557164905,0.8024032587347992,0.8037028464341793
1.0354432728257783,1.0102834987113007,1.0162407904205257,1.0161837208039963,1.0162946997048867
1.148220409259963,0.9839237509781653,1.0160693923533084,1.0159214932125824,1.0159741905398871
1.1783220401869454,1.0191180146504057,1.0418594558983005,1.042004685225824,1.0414241199111853
1.0183829176560861,1.0946923654205438,1.0767346902836872,1.0769759415621418,1.0766279824907992
0.9776396978954786,1.0517134984905996,1.0381543606780186,1.0382570153604724,1.03807177237953
0.9822284279149555,0.9168173247745565,0.929251337334561,0.9291351634737944,0.9293640842658765
0.7497078282719708,1.0300294429471673,0.9736351384590818,0.9725154002196883,0.9747611739216637
1.097112927322343,1.0763726402523528,1.0813750718749107,1.0813386306135049,1.0814112462943681
0.7975534202002874,1.0642331347893421,1.0096121029438885,1.0088994892819294,1.0119203233182814
0.8970194588215893,0.8985683913116205,0.898240326613741,0.8982440109561985,0.8982368397327165
1.224799695510633,1.1029043823692009,1.1261244639064008,1.126048562473503,1.1261641597997216
0.9462705267691364,1.0750539556128176,1.0525643345538336,1.0527717859375236,1.0524648421781344
0.9169597918968945,1.0634149752046882,1.038812331812731,1.038890673310888,1.0390500184749698
1.2559989639986922,1.0440910245646624,1.0979180517561606,1.0981645833361993,1.0975883231651609
1.2135901340956798,1.096354156837447,1.1166074791337457,1.1165034543199162,1.1167112824555274
1.030201327974951,0.8356234762991219,0.8711507096704776,0.8713621412709136,0.8707427732744125
0.7443089410552416,1.0042134351991314,0.9516189728851043,0.9507691782396036,0.9526813294897504
0.923272772943343,1.043897814804549,1.0185525722742497,1.0186468925731382,1.0184606980093043
0.9000652033217761,0.9815182632690979,0.9682559703475986,0.9683909000719876,0.9681610322918015
1.17508613008613,0.9695248587695906,0.9948410918048624,0.9951251382889663,0.9945516003368796
0.7388806561342502,0.9128576519552654,0.8792621512335511,0.8792505525849439,0.8792933894145787
0.9269132526543381,0.9180254858418124,0.9199808105694979,0.9199241854430743,0.9200009375562774
0.8699992973126162,0.8791723422565317,0.8771418761284023,0.8771833116515558,0.8771209684608092
1.0230828424602343,0.9858775054349701,0.9942667139029205,0.9941392674366605,0.9942811092390627
1.1445313427148203,1.0868771103859738,1.0979077987800787,1.0978062281535061,1.0980004857517798
0.9871486219565834,1.0521850000958624,1.038369859453542,1.0384761841161454,1.038264188643607
0.8259309377460796,1.0385372342350812,0.9970454670627182,0.9970349068311208,0.9974168241060913
0.694602609412036,1.0759944272596054,0.9929425340865904,0.9907331567150841,0.997231257878044
1.0660345899566364,1.0809038309854766,1.0782181720280537,1.0782470243550666,1.0781926994283004
1.0387289097260308,1.08244034715844,1.073319121109032,1.0734044317669824,1.0732343896390035
0.8985614353539688,0.9699711436845394,0.9535737348048554,0.9537576414563871,0.9534076611317667
1.0213245548903263,0.9813034134381882,0.9879952040141337,0.9879064245268899,0.9880780722667245
0.9855253064933268,0.9414428462178762,0.9507759581464232,0.9504841555384866,0.9505967339183625
0.874725816486515,0.9664994373715826,0.9448134943544404,0.9450955162976425,0.9446705328902343
0.724642102814221,0.979334107341526,0.9327856585267262,0.9322672642637987,0.9341639037343857
0.9167684198897609,0.9428796925167552,0.9372793027314366,0.93732454315919,0.9372413177276074
1.0798525926155307,0.9888589054974968,1.0070225767216436,1.0067907798174873,1.007218083839589
0.7905304860235339,1.0759466851006354,1.0245459371633605,1.0234694589645654,1.0257067609926414
1.2230298541265037,1.1032107889256784,1.131929708976946,1.1317794967406942,1.132005647910864
1.075032151738258,1.0285378576899613,1.036894806093454,1.0367026737403577,1.036919021577495
1.0415289194330506,1.0201528698538493,1.024298531127516,1.024255888979731,1.0243410678882738
1.0620485783059963,0.901883172805198,0.9335759605712292,0.9335406261303004,0.9332824568554504
1.1760308999684699,0.8912956235569633,0.9652006373502938,0.966557924087155,0.9634027589189844
0.9182765418191803,1.0317979124728982,1.006198935705775,1.0066886197677662,1.0058536718165285
1.0823115596858321,0.999520159425858,1.0165129736173526,1.0163803038502544,1.0166420910400706
1.0237942303785208,0.9556381671604182,0.9689492374933364,0.9688415954333349,0.9690467832395658
1.012343376521192,0.9786806855513132,0.9855099036137622,0.9854435572285093,0.9855755931728191
1.1616162411913589,0.9639604753400086,1.0028132537754997,1.0031566916950518,1.0017624493741226
1.2488762277910868,0.9601624881009135,1.0215166911564966,1.0232457115534122,1.019762187309849
0.8742733257295452,1.128314463328866,1.0761381430297952,1.0757283167827507,1.0772005040364956
0.9166505243457587,1.044036848892879,1.0188924757707527,1.0191640672501734,1.0189828822126663
0.7782878485921751,1.0056146166920654,0.959280066967994,0.9584909093417985,0.9603857090633559
1.1552085571307862,1.0868726382109066,1.0984065846219342,1.0984008366000493,1.0978377214123443
1.437978977219559,1.078943796050238,1.1231921572427819,1.1263144020902833,1.1179127038621748
0.8022793486152417,0.9558856898353243,0.9267038886632363,0.9266695199024927,0.9268096524237928
0.9612596304722674,0.9812931135286291,0.9777287394070986,0.9777687645538711,0.9776969408431382
1.011830604518263,0.9626961227547088,0.9713240698483812,0.9712310087280958,0.9714154227530383
1.1828075571588428,1.0822597022766307,1.096332604039604,1.0961837176899116,1.0964696729201209
0.9920921170096146,1.0498860528707008,1.0400501455768139,1.0401238662878272,1.0399874174983204
0.8732624821296057,1.0497373445735225,1.028581874939214,1.0283713337935996,1.0288052410609931
0.7586413012046063,0.925685069363929,0.8970972077289793,0.8970720919693603,0.8971276263054839
1.026942828181487,0.9879975351571388,0.994846865548261,0.9947652368625732,0.9949248573681022
1.139204788739899,0.9783863852566947,1.0076477348249044,1.0075099600799742,1.0075565524829555
0.8058889279648133,1.046247664794639,0.9991704577275731,0.9986024298885522,1.0008643102121264
0.8939786157437853,0.9898979304973788,0.9689064692389829,0.9690382969932194,0.9687759251044119
1.0738668646281928,0.9569433210066025,0.9770448440671895,0.9766998782273784,0.9754884748507919
0.9264826067780614,0.8877660162132494,0.8938585202644566,0.8937783546638729,0.8939282383258087
0.7235221081529806,1.0288725787154067,0.9545727651871135,0.952774734105208,0.9564941997795251
1.1033760727728579,1.085006319743866,1.0877851989818792,1.0877674679891116,1.087797889585361
1.0770259177774488,0.9806516913866968,0.9987829429092205,0.9986240428744328,0.998919033861524
0.7607361016458538,0.9705469456598943,0.93504380031448,0.9347604460983309,0.9354852546177893
1.1117684269939048,1.1534891791773816,1.1449941550352494,1.145125131526952,1.1449036405017994
1.071773764677104,0.8744261316694737,0.9049113579665703,0.905225850511767,0.9045957395165378
0.899624172950316,1.0396199667284607,1.0119674129532539,1.0120869869224525,1.012129170182174
1.0186277429315123,1.0841324426117356,1.0718814344404353,1.072044771059999,1.0720205834551544
0.807070946029791,0.956851513021045,0.9275482421861072,0.9276048386818033,0.927495259394961
1.19009727039422,1.026136189608498,1.059965831981516,1.059989993325716,1.0598133807323378
1.117551065131174,0.9748197521355472,1.0073419087656885,1.0071457250544276,1.0073916483728484
0.8571875918560082,0.9997111898814689,0.9727164699496003,0.9728309498667006,0.9727203537421769
1.1626114165048078,1.0524531026647346,1.0709288977931921,1.0708513216488869,1.0709961014348184
0.8729844601933034,1.0734533260594157,1.034158933416363,1.0348080882553428,1.0350602134079336
1.024670220235835,0.9155872892127437,0.939624853846336,0.9396364276013102,0.9391882913379647
0.9011784451843592,0.916243576078972,0.9139078416580783,0.9139355663190557,0.9139222236176437
1.0287743408561127,0.9972991984005063,1.0042634348001112,1.0039885759201945,1.004369392468797
1.0949376943112274,1.0640010733923677,1.0697896530011843,1.0696740712796473,1.0698528986798372
0.9816754192591941,0.8679104711976265,0.8894977960826533,0.8893709402071797,0.8896158354260026
1.1667288582819704,1.026555179255031,1.0516599081006524,1.051618845956764,1.0516976099696023
1.0123531068378193,0.9984599939445031,1.0017065072688112,1.0016806937549552,1.0017317976468947
0.9868043552224081,0.9879468628104009,0.987731223583843,0.9877330298182728,0.9877355394776531
0.5460729376363822,1.01523280316868,0.9022501078996779,0.8946175854487974,0.9109006982324152
1.0436710960698088,1.0383452084569809,1.0393441371548113,1.0393159659714004,1.0393562474526803
0.9257761255469936,0.9658025742264538,0.9588040415047794,0.9589687530096797,0.9587256191845828
1.0508213004710867,1.0219373305666177,1.028900877038555,1.0288413036629276,1.0288906710698091
1.2107771554808415,1.0219286372188248,1.060506436209363,1.0607301006811853,1.0601855559504827
0.7016040251284532,1.128641855142636,1.0355833363401052,1.030516595519282,1.0410213064479628
1.0916233613886432,0.9126366829700812,0.9510453625219131,0.9506726081299072,0.9510189191552622
1.0592778197896942,1.0390191404459173,1.0426217258631814,1.0425578816831076,1.0426492077550105
0.8243586736535486,0.8967732600756168,0.8832835473317567,0.8836683440766009,0.8830839942956794
1.3188245395905238,1.008356292119317,1.0703699672158025,1.0701320947386512,1.0673253303601986
1.0944830135701766,0.922382500146803,0.9614172480066756,0.961493935958327,0.9613332684938519
0.9346550161732354,1.0159793486028135,0.9982489573955989,0.9984007857851288,0.9982835327775721
0.7915072961110318,1.052807907507078,0.9933717925585579,0.9924178659247074,0.9944323817966911
0.8740889699213201,0.9680217847876043,0.9525806686704296,0.9526977897466145,0.9528484615204456
0.903181151639066,1.037464354620041,1.0146382069904785,1.014677563965382,1.0146096270010618
0.9439666394777625,0.9966445574617171,0.9868119857534537,0.9870196099440339,0.9869533979367713
0.8828175030361232,0.9597842544056073,0.9443546614907423,0.9444897478469447,0.9442352542199761
0.982956790025558,1.0079702533180281,1.003661459690814,1.0037226512692563,1.003608710688096
0.8957283888663131,1.0837242082063923,1.0462858534713724,1.046286286374485,1.0467599644694303
0.9341487302836322,0.9957243436952948,0.9830717739413287,0.9831769858689723,0.9829668313677484
0.7257461296211686,0.9641908572170382,0.9271012004909779,0.9277708807758871,0.9273794887701591
1.1084910278831555,1.174785860361247,1.1626994705681435,1.163070447059046,1.1629193660069632
1.1557511209219773,1.0522844002527623,1.0715874728188197,1.0716953152083217,1.0712571020018362
0.8538775553839423,1.033235472491254,0.9923332142163257,0.9922775623022856,0.9924103933266565
1.0178615402959217,1.0706267505230689,1.0634922461325815,1.0635925082849214,1.0633939774806525
0.8717277703973371,0.943492454522539,0.930332441545114,0.9304470575747301,0.9302229195415299
0.8856527618586922,1.0262639747828934,1.0088072256435179,1.0090382382060064,1.0086570456577073
1.0591694207319526,0.9548682720732857,0.9751335655956583,0.9749870401783801,0.9749516670980921
0.8670771358574444,1.0141257886435713,0.9877775134016217,0.9882376647521817,0.9886970452854741
1.17251418064117,0.9430861209752417,0.9905040606874818,0.9902818010026334,0.9887923819089897
0.7881802538634142,1.0270341472061024,0.9899166726493107,0.9892193347749438,0.9906437675632271
0.7990181012985765,1.0803025350819775,1.044614920883146,1.0436349990836293,1.0457676886623108
1.0383423228374518,1.0182092554342188,1.0228362702291345,1.0227980157828167,1.022874360657516
1.0136665564124483,0.929256350520877,0.9421527755537307,0.9421234993816643,0.9421050375991414
0.7445006181712175,0.9961068603393769,0.95396924955894,0.9533352972398248,0.9547922383673266
1.1263465837808573,0.9556798762397858,0.9889681855283174,0.9890589414635766,0.988873860873975
1.1921321677283052,0.9829348939447309,1.0230012979010323,1.0232082488085215,1.021905614117614
1.0547535310608995,0.9804662472137534,0.9950471722357501,0.9949630424060466,0.9951126317337626
1.0689151491732862,1.0008791468461486,1.0147191374623061,1.0144123230135258,1.014787600076855
1.2082720909782225,1.006932120418818,1.0420534519053215,1.042375638769582,1.040987936959354
0.9915099929090494,0.9447383827307835,0.9543681408432725,0.9543262038228985,0.9543742979598703
1.0199283107467212,1.0593212912108545,1.051622536151193,1.0516590872305591,1.051635614526592
0.8218134451009227,0.9304404058179425,0.9050032850225558,0.9050812559392529,0.9049376941419014
1.0271515088029846,1.0022145736941563,1.0069367322531644,1.0068129733363094,1.0070260863509195
1.1673196324132655,0.893172185076085,0.9355743203032362,0.936603897989312,0.9341674365686248
0.8419779989729675,0.9580614796453317,0.9339141888969412,0.9339860009912956,0.9339624989931363
0.8234123642813437,1.0177063352686402,0.9871071490473027,0.9871201664593259,0.9871692712926647
0.8960914235730357,1.017390821154019,0.9928218458481743,0.9929476062637104,0.9926973497290067
0.9071455142421097,1.0587233131391638,1.0299957801039337,1.0301214436805413,1.030042593836268
1.030457187863329,1.0491110213387194,1.045690206895894,1.0457278218367476,1.0456541790949787
1.007954893949797,1.0801322847675565,1.069764635457716,1.0698828316285662,1.0696470886866112
1.1573838381272417,1.0165855069880412,1.0394792494214538,1.0390582852175623,1.0390532582806622
0.8404476941427688,1.0834343634217078,1.0360940855712037,1.0357419263646102,1.0367911963081105
0.9361810325944008,0.9108361873227888,0.9148981132348749,0.914816530317223,0.9147582638465362
0.8170102242787031,1.0725255112368628,1.0168635104001482,1.0161878911559243,1.0183096797913342
1.0865575678822816,0.9529697546929912,0.9824524349505899,0.9824194761542575,0.9824305208722414
0.7920205807912374,0.9962642275153006,0.9598636990464063,0.9595226969734185,0.9602317336469964
0.9333686266238223,1.1229206243286616,1.082363565754256,1.08261541641321,1.0829714794903966
0.803211244302342,1.1425007585401319,1.0729709234955624,1.0711421780728865,1.075167492364843
1.032643221244009,1.2088149422549572,1.1701700790282037,1.1707920342886629,1.1700134015936055
0.9861111875883023,0.9103349988711832,0.926916562042732,0.9268033753434283,0.9267869399440998
1.012946686955837,1.1050312392803276,1.0909693133759863,1.0909875000965152,1.0910866731050426
1.0674339109746012,0.9710466427145075,0.9884529447587058,0.9882228814478659,0.9883620437841527
0.9649900641990407,1.0027323980766079,0.9961619092846102,0.9961748375571968,0.996179439256602
0.9326145887251361,1.1366896253051837,1.0964585005151664,1.0967276379091146,1.0963724530908805
0.921921337436085,1.0646121535003954,1.0328837498321657,1.0327091032441338,1.0338148430958767
0.7142736478218945,1.0975124297613306,1.0223323461436724,1.0182121510690505,1.026625547588416
1.0014084544512336,1.0245195008779422,1.020023910976282,1.0200504217685658,1.020055660043275
0.9725290172306584,1.091434850762718,1.067246130977969,1.0673354117111533,1.0671569654864266
1.046566058006596,0.9215577939240814,0.9517430667184262,0.9514978383540892,0.9513609208307601
1.1807995187536533,1.0833240162284525,1.1046397437397535,1.1045237681522357,1.1047439359545703
0.8895681894877238,0.8615673445969081,0.8662437896399012,0.8661342209447594,0.8662630374397935
0.9871969146864851,1.0473286620572972,1.0334932465608426,1.0337340999362472,1.0333907848094626
1.174143538646979,0.9346295170393404,0.9803249512632228,0.9795447752085054,0.9786103909060206
0.9349016487186018,1.0509790539538362,1.0245586882138804,1.024723849991644,1.0244147986491163
0.7510701598786526,1.0038799585139042,0.9448278649791386,0.9440822025936818,0.9457973849672296
0.9132425337577225,1.0346156938502764,1.010522465076724,1.0111081648466738,1.010676806069269
1.1943137190537505,0.9913964662281651,1.0319429128480315,1.03211355355082,1.0316766470055898
1.0524694065548736,1.0667289080369362,1.0640005582998682,1.0640327549800184,1.0639693834445312
0.8321285804009508,1.0067454175715065,0.9702564706994761,0.9704771467045172,0.9706633083059895
0.779325288404594,0.9844506444125899,0.9477767829570609,0.9475500502594562,0.948084900602809
1.035149500034303,1.1131763702982873,1.0987280250510814,1.0989908566664723,1.0986522153353486
1.0171955259931769,1.0393301357612632,1.0349992562487074,1.0350505169681594,1.0349518445764536
1.0715509882464682,1.025433986498476,1.032923794207432,1.032498247013806,1.0327088971629457
0.9331938411051326,1.0892624105679818,1.0632234791858668,1.0630203709854273,1.063817100797722
1.0758572103140862,0.9601704988195833,0.9835239163345844,0.9834897129646228,0.9833077457571666
1.065123848786882,1.0189480369999053,1.0277454669042687,1.0276629964696053,1.027827185967975
0.9792032771223815,1.0103637417182858,1.0048654740679688,1.0049622345051374,1.0047943609197942
1.1783036617987812,1.0093341258643842,1.0347202755967373,1.0349261368219336,1.03434734634804
0.886789383329851,0.8887849863775679,0.8884681845017963,0.8884802988917405,0.8884652785237301
1.2559652716174168,1.1043380954839679,1.1326075793738024,1.1322946748094669,1.1325990652479376
0.9730648549460994,0.9927392591954038,0.9901834966067752,0.9902474462468994,0.9902319222941889
0.7897707377055787,0.9820178399461348,0.9454288514387502,0.9452896585823791,0.9455696514931606
1.1495952860282366,0.96204855266604,0.9958331779187697,0.9961069359712289,0.9955125386235391
0.8091860829859304,0.934689589678331,0.9092010619843726,0.9093470702486278,0.9090967878292265
1.1483152275272868,1.049910906675351,1.0667117432040782,1.06644482638157,1.0667908679489566
0.7633981141495761,0.879020893993749,0.856381231456677,0.856492350158946,0.8562703877331057
1.157891855516116,1.0800273686424553,1.0949472488336198,1.0944359297968005,1.094971242035987
1.0109391113321744,1.1076161199670833,1.0919871829855656,1.09209554029532,1.0918834237911517
0.8292444676786609,0.8441217206767813,0.8405853845725055,0.8406155065374534,0.8405560799672644
1.1442581129107583,1.0613392475242116,1.076690442486457,1.0765437347501652,1.0768122503114301
0.9233461694836643,0.9758909167016657,0.9653889342644335,0.9654924332585093,0.9652885508998035
1.3085752433924571,0.9941916801036406,1.0526708448499675,1.0549343240996436,1.0494561995537293
1.048983533601917,0.988825129375678,1.0018226786286595,1.0016481662773047,1.001980418331196
1.0286067679894675,0.9912673795956896,0.9991304951639269,0.9988325430821191,0.9991607506702772
0.9185519877092788,1.0012652322499118,0.98558031573641,0.9858847685588167,0.9853382076395323
0.869502786474565,0.9828773220263198,0.9654628933743027,0.9655435565086345,0.9659508584536838
0.9312478173968366,0.9236106073905908,0.9250529469699852,0.9250361311910577,0.9250695916687536
0.9896486509606209,1.0727402168989784,1.057207654950102,1.0575575897093048,1.0573024049734476
0.7443031071634497,1.0461660182991903,0.9848953240807112,0.9854129865130281,0.98623699980246
0.9319335170906389,0.94888785860653,0.9449613772950238,0.944994978442972,0.9449279012579387
1.0925643425268572,1.0410951237188317,1.0486510915583347,1.0485427932413591,1.0487290884291276
1.0090957850881823,1.050370644802879,1.0409748166435782,1.0411007519801843,1.0408808855487623
0.8949494119994323,0.912088147519746,0.9097790073930243,0.9098160737825493,0.9097420423341751
1.2275030081241631,1.0021499471875315,1.0425118426997295,1.0429955565276727,1.0420108256769347
1.0413108980197299,0.9956245053827127,1.0055940459851092,1.005491712968459,1.0056930918693738
1.0709520421009606,1.0994086723362277,1.0931898743752517,1.0933017823999918,1.093130542756476
1.06620506495425,0.9119467357851965,0.9363260313645292,0.9362952002558567,0.9363527889360008
1.0577435314136403,0.8416913982082959,0.8785605558181105,0.8786311971557739,0.8781239101145957
0.9307423639098691,1.054596756355301,1.0285970512819995,1.0287789880209641,1.0285314880607297
1.2003138528583688,1.0519717654567748,1.0787723731257113,1.0786830425186842,1.0788603236512997
1.1238582748092896,0.9862498489789211,1.0100520375997804,1.0100058553947326,1.0100968015618776
0.6450538324541732,0.922046994103779,0.8456008861254587,0.8460295260095899,0.8477811107353762
1.1008007095523844,0.9914726906175729,1.0131164159852606,1.012985987575452,1.0132432777586722
0.9564663367618614,1.0069296213950043,0.9967615613831181,0.996826864784168,0.9967046064183464
1.1583512676063095,0.9851106900209083,1.0159409767908378,1.0158190524168775,1.016003697103728
0.71271600339276,0.9972602596572792,0.9323198152753167,0.9309797637527504,0.9336890328779636
1.296660260978651,1.0658203561768413,1.1178162921690358,1.1184099375341852,1.117155581054349
0.9749326259125191,0.8936991754504636,0.9096346010252856,0.9095865970130811,0.9096698738536189
1.1712931531858446,1.031542233279188,1.0629445397862682,1.0627352154745586,1.0631184704655703
0.8794079935872634,1.1256815234846622,1.076656401656992,1.0760836737834516,1.0773185403432572
0.9555135977969474,0.9296629903421582,0.9333377372776113,0.9332837395296542,0.9333766355542783
0.9284978992717323,0.845550159184878,0.8634817162712898,0.8633190568519203,0.8635244898542043
1.0239379451523778,0.9393147706126113,0.9530780359907249,0.9525361336838263,0.9531791438405981
1.3246801744071397,0.932784724527541,0.9830531691206181,0.9871117590879129,0.9789254427858647
1.2331212627321653,0.9302679323623823,0.9937940771436675,0.995375853262333,0.9921076518816854
1.1136810491292783,0.9569863590520293,0.9810874090122972,0.9810728791969366,0.9810998295957338
1.146924098209478,1.0423158945624473,1.0626620485371705,1.0626585150335788,1.0625540595347862
1.1134732883721514,1.0756458345550834,1.0839900046944773,1.0838153062145424,1.083891497023849
1.095475704679236,0.9672122371631446,0.9891887119872019,0.9884996809828488,0.988640160648464
1.0045926797781262,1.0069062658270775,1.0066220263219707,1.0066275704801138,1.0066170603042939
1.2377027147401147,0.9800560648178495,1.0224724220396029,1.0231298079848021,1.0212505921252026
1.1150607266531274,1.032089670559019,1.0478207633993681,1.0476482889350407,1.047617109114474
0.997715032442948,0.9166083250540284,0.9311233806839527,0.9309622961350887,0.9312173396755887
1.0791719315756456,0.9434424442907741,0.9640682102363528,0.9640143525214147,0.9641204331760946
1.0850866633458196,0.9562698047546524,0.9740719013435847,0.9739454127985876,0.9740166374048688
0.8638611420403765,1.0641942928942654,1.027873387874505,1.0277415726841324,1.0280397676727548
1.2984079592462876,1.0625687917810218,1.1159705976569883,1.1155139920520436,1.1152325270599488
1.14691779809725,0.9955376858697731,1.017164146650526,1.0170880442950598,1.0171066167513292
0.8872508387048512,0.977757705815174,0.9661746070695731,0.9663431822148577,0.9660114082439487
1.0450121015858556,1.0145338431131519,1.0192492447544073,1.0192210152587433,1.0192482212225915
0.9609738723813279,1.1371814576087875,1.1054993836669167,1.105277176656973,1.1057231880990526
1.0103416386782165,1.0084948910105591,1.0088033960236853,1.0087964211964937,1.0088067077351484
0.9103303902619093,0.9640299308251281,0.955038046119251,0.9552151120110646,0.9549107400320306
0.6344550193895364,1.0608360960488978,0.9824566909829019,0.976809861261284,0.9884594867654418
1.1258099270857875,1.1212698591835086,1.1220934023260907,1.122092253480163,1.1220472112229893
0.9263735339194102,0.8629795648384817,0.8746789400501478,0.8746347393099704,0.874629034330487
1.1179286696948458,0.9961284436575971,1.0162276335538731,1.0160650047680604,1.016227010378738
1.2298050623976717,0.9047852775485138,0.9757143113690522,0.9777588709481092,0.972371358922534
0.8162826572815944,0.9857829827358505,0.9535477838374576,0.9537289149623296,0.9534406378586868
1.0053103392033975,0.9720082200156578,0.9776924920854251,0.977610137233566,0.9777623560911138
1.1474543488287552,1.009091651789911,1.0314307831958642,1.031213519707515,1.0311766868842633
1.0573220773193686,1.0040408751175391,1.0136434406093502,1.013543783150352,1.013739720557914
1.017238585149899,1.1103577412992165,1.0890451355850435,1.0891354418055927,1.0889565571703803
0.9231225380520107,1.1116030373592383,1.085615024515272,1.0853359322060137,1.0861655907725272
0.8858877858425284,0.9821998773225094,0.9691372151052194,0.9693163296462788,0.969048440958009
0.9487967055207858,1.0850312623293437,1.0563142981575895,1.0566253548080413,1.056361635468643
0.9509728755150971,1.0982414406747574,1.0694148097158709,1.0694375053862213,1.069870266317352
0.7788820323020271,0.9958364833791566,0.9490137871049436,0.9494139851473432,0.9496393524219934
1.1698512577775926,0.9847062704812217,1.0192599365863733,1.0184631612760338,1.0192143331673487
1.016021176321858,0.9916461005322215,0.9968860818812229,0.9968607818752815,0.9969036956580575
0.9297585181163781,1.0760782917769265,1.0493923081355514,1.0494893142843584,1.0493416178781276
1.1653864236838651,0.9885977396585166,1.0178350077657086,1.017946140079535,1.0176408583263241
0.848222549420423,0.9685981106260572,0.9519043423598293,0.9519864582690545,0.9518224268391363
1.1299511472914159,1.0548406752208916,1.0695901310077465,1.069487946984321,1.0696912216535657
0.8851988764012578,1.029414743936754,1.0036924235935794,1.003744849826243,1.0037540060659826
1.099579192554472,1.034793440861988,1.0471243829524803,1.0469851408915287,1.0468964391132918
0.967414480715615,1.0868673457288753,1.0624815809197596,1.0626238169554967,1.0623423505033922
1.0697923138657586,1.1266161144007445,1.1161017204589523,1.1160904362331587,1.116216501344765
1.008171329961996,0.9974234494608736,0.9995658584063736,0.9995427684102581,0.9995887269833287
1.0646199505141145,0.9483478221778802,0.9694596106053625,0.9691069792347992,0.9696602924432574
1.0819685702295236,0.8596498534443361,0.9003184289861486,0.8995559945722781,0.9000768708083764
1.041748463071033,0.9930254581380377,1.0046995989218552,1.0046245598113994,1.0047355496924169
0.9790115022067458,0.9509162925740925,0.9558501725501064,0.9558095341817896,0.9558894694757096
1.104600432609139,1.0181729587126074,1.0353359161525753,1.035247620706369,1.035366353472619
1.0630079263397605,0.9513011967979643,0.9759395519181459,0.9758615953357583,0.9758650092727916
1.0595610552005155,1.0911465763753128,1.0853165261875752,1.0853869161329557,1.0852472110417692
1.0410260895639498,1.073795704496935,1.0676323885218686,1.0676941846416206,1.067570829982531
0.9255237127340165,1.0317996134484144,1.0094822267314099,1.0096941373163086,1.009340976998201
1.0071212003049506,0.8822587114693908,0.9067392769922286,0.9065134680763671,0.9064885985632088
0.9961350175921851,1.0798341356844101,1.0652628436127785,1.0653697450510184,1.0651632377061842
0.9938736841036333,1.0015675974814495,1.000267386729267,1.0002852851744972,1.0002509025142454
0.9741086009180103,0.9677382778677138,0.9691396495284623,0.9691274813624361,0.9691494155484927
1.0669259903612096,1.0638796799228947,1.0643626524756769,1.0643536714267758,1.064367717012758
1.026264305409837,0.9641882503426954,0.9742587932300795,0.9740646339026948,0.9744120189722822
0.8437609925076512,0.9749577065937507,0.9436022694447517,0.943680820564478,0.9435246233571593
1.3193745029259067,1.0447926483093155,1.1072500710452966,1.1072193790275358,1.1052849875164314
0.9898033754709857,1.1238126761223977,1.0981944424281396,1.0986810172727306,1.0989651312468465
1.092620120561291,0.9878710948183732,1.0137716688713272,1.0133909583284355,1.013686010943804
0.9932165727126914,1.0464542240804375,1.0367692106975492,1.037196081754985,1.036748097293911
1.1075557698487386,0.9363884669066632,0.9608798847964864,0.9609631861526433,0.9606183640873152
1.1476160361847003,0.8499668024232706,0.8997932852197976,0.901276198405744,0.8979945031334855
0.8313877528973095,1.0002134993997087,0.965264204303258,0.9653306503889694,0.9652076220800946
1.0681325459519613,1.0164383879823349,1.0238485788759295,1.0235976643648643,1.0240123685443479
1.1363832205208315,0.9510141409517995,0.9883105214673249,0.9883452706097922,0.9882092440318924
0.9715507671832093,0.9738630806748875,0.973559070820369,0.9735655322964333,0.973558043954792
1.0598318380820522,1.1752637547879077,1.1538865155394353,1.1546070062236946,1.1542315495644515
0.8027878989484769,1.0497118862921346,0.9919865429407221,0.9914663224080288,0.9926806208830011
0.8698651833987866,1.0427600618893764,1.010467604289419,1.0103585991691029,1.0106298710501704
0.9714137475661306,0.9570105685769267,0.9600421303442961,0.960028918098061,0.9600488098424091
1.031961891834768,0.9679200600136553,0.9787222907833244,0.9785457646486061,0.9788622445059211
1.1081462882394826,1.136487172553205,1.1301991618377893,1.1302742678962368,1.130141893996429
0.9783361379901149,0.978382215845288,0.9783738953178736,0.9783740098296324,0.9783739907939878
1.0621483450694464,1.074842864520395,1.0725617844318398,1.0725883463430823,1.072535433319745
1.049789532711364,0.9785845283217817,0.9889472813046961,0.9888313929712704,0.9890075472488459
0.9284325404860978,1.0074056089032655,0.9921117195741628,0.9924419486705468,0.9919049067074235
1.0145466140885864,1.0398204156040822,1.0345526617488734,1.0346318675163526,1.034533537287615
1.0497016025775712,0.9499116299007532,0.9702163009623521,0.9698724550769553,0.9700753360431339
1.0183365711922496,0.9220362750448544,0.9407932188284827,0.9407128308398546,0.9408369222182555
1.2330511763443592,1.0052451761939787,1.0556947737612108,1.0558218831965425,1.0550221399863247
1.1187824265659652,0.9821380135761574,1.00870456994623,1.0086305410977556,1.0086562763575975
0.901185400047301,0.9386517259717826,0.9315452028908581,0.9316057310670521,0.9314905105194317
0.9841209680858855,1.021944295815166,1.01657683596748,1.0166490781778306,1.0165061222369014
1.2067629295376232,1.070126891066401,1.0986571088157626,1.098641406461792,1.0985595439078526
0.9340515313682761,0.9312604324943405,0.9317651725211953,0.9317577552158739,0.9317600880763994
0.834187900288375,1.048275454776838,1.0037342653251862,1.0043186188731492,1.0038988036112069
1.0102783239956428,0.9872891755261172,0.9920942338806794,0.9920549546467846,0.9921324434630361
0.7886206536850342,1.0505347512741292,1.0020640045142548,1.001115442050887,1.003020411677251
0.6804030885445416,0.9298911539410788,0.8795431793769176,0.8798914071954536,0.8819658211199919
0.9050139430168703,0.9296595571337446,0.924951938920204,0.925002128232275,0.9249043436021791
0.9860797445170634,1.0379342386753205,1.0279760893968193,1.0280977967019147,1.0279422377499756
0.9099416274646385,1.082155936142092,1.0500621237173153,1.049995089408623,1.0501429306800634
1.1539459505585523,0.9378784242291872,0.9802735208152835,0.979570634629616,0.9787472628940792
1.0840696632854199,0.9641228836317496,0.982250429946803,0.9820945918979991,0.9823401966480211
1.0495804431980764,0.9658617437673471,0.9825763279687448,0.9824049579509483,0.9826914663125397
1.020885981425084,0.907041385381719,0.9290827346820565,0.9289550837948135,0.9291091365091924
1.058836677735412,0.9918673508008028,1.0069710205294748,1.0068512553748867,1.007060559389044
1.0937279879057626,0.8981056295423524,0.9284789556938602,0.9287825879055156,0.9281742509800948
1.298758201452919,1.0105937144758177,1.0688029944325705,1.0699003021385,1.0676925464730633
0.9094150963129888,1.060258456189056,1.0302029525570973,1.0308979623100574,1.0300917190353243
0.9961063350690199,1.12085734318605,1.100358227261264,1.1004947462397383,1.1002507714341903
1.0169246225855335,0.9845619189110119,0.9904947055204758,0.990409805493352,0.9905422469694045
1.2280440155664991,1.0121236681239618,1.0579381294891357,1.0580737692345665,1.0575325630517183
0.9356802143423981,1.0244037036477485,1.0086910709121495,1.0087556255110683,1.0087793805024878
0.9042200413648718,0.9500097791832193,0.9396626430034574,0.9398241775679058,0.9395960207144641
1.1277937514884577,0.9674929542687443,1.0046527144316992,1.004145048711749,1.0045802967609303
0.8841150886349805,1.07173744874373,1.0294630646963643,1.0292944451797095,1.0296318951456904
0.7683068360654776,0.925466157394496,0.8983178753528396,0.8981944661508638,0.8988310260004935
1.2061161539327214,1.0043675021829586,1.0482066275518156,1.0474927286350748,1.0477256383494145
1.0629741870210003,1.095070608860253,1.090713323544928,1.0907799704987797,1.0906469266735326
1.0636860996761597,0.8401332818578169,0.8745726526936982,0.8750364666800051,0.873892931595811
1.0418194813885044,1.0343722973775402,1.0359579929411518,1.0359429718443678,1.0359710462883935
0.6932581772407846,1.0013262501760285,0.9315570851894573,0.9300072079215411,0.9336240587891275
1.0751824767430427,0.9615511974088283,0.9825143732076427,0.9824279489016027,0.9825990005054339
0.8208816388656756,0.8963390159170641,0.8820890692109468,0.8823119908496835,0.8821191677442305
1.0216220830625928,0.9914836700364137,0.9987375580872393,0.9986374734787518,0.9988195363105947
0.770862288483124,1.025698497378159,0.9879419174768599,0.9873315476052019,0.9886855821031899
1.0501394241885895,1.061790975242837,1.0599631568942935,1.0599898621437713,1.0599367393263943
1.0709582993941449,0.9865804717564818,1.0002645978344653,0.9999548112025495,1.0004569396150065
0.9680988305552869,0.9685639480754461,0.9684901789855268,0.968491338892272,0.9684893559365765
1.1898905940047513,1.030553145632434,1.072538537496051,1.0724786009482363,1.0721986824538545
0.8250598634069672,1.0284856287016788,1.000302916698663,1.0002363307293374,1.0004406574415445
1.1052676017935987,1.0422889244370956,1.0551987702653105,1.0549907229772966,1.055287432602733
1.13978228465686,1.0573055012247077,1.0749274795865467,1.074647401581158,1.0750688149834267
0.7949958938401586,0.9601569143030163,0.9305931894435794,0.9307594981292611,0.9311122661230893
1.0386281470815697,1.0224299842704148,1.0255601981238798,1.025516726957952,1.0256005899596934
0.9085498415082183,0.8930472245365509,0.8959832011277323,0.8958988020500218,0.8959978611378998
0.9664452934314941,0.9595987477441145,0.9607806382906044,0.9607689985726044,0.9607872013270724
1.048185365607532,0.9924959799390481,1.0026798449855427,1.002586037256255,1.002773218039936
1.2020055453173113,1.0552543882656276,1.0824378036192361,1.0823493891035156,1.0825216525782881
1.189413036310134,0.9879591164196209,1.0248069051346178,1.0251060581976106,1.0244890195788263
1.0270943944190576,0.9314146437022902,0.9495201905856396,0.9493872960994253,0.9496417836964957
1.1475868498035982,1.0191329617982359,1.0451381334850802,1.044943213894243,1.045255756454601
1.3412766461734353,0.9510859953925879,1.033667299938323,1.0368517124958834,1.0304393867133763
0.7021016530647806,1.059859209873915,0.9894588167074021,0.9867020242809088,0.9926215079783083
1.050136248622285,1.072555246137162,1.0683284608301125,1.0683777228698046,1.0682935488748648
0.6262750442850556,0.9034129089956415,0.8597040722303778,0.858757500720693,0.8607633415244494
0.8105010760217727,1.1587929062709994,1.0866636685853377,1.0844074160808062,1.0892486190345054
0.8621707689315754,0.9062570032006377,0.8979839692743988,0.8981457909736964,0.8978952854622171
0.9290787716157174,0.9034502905373543,0.9069294105032515,0.9068557420697028,0.9069624636975591
0.8327165472378185,0.9807196976316441,0.9547361278464039,0.955603858774815,0.9552324911275173
1.0236993270377517,1.0067029916878294,1.01010891530304,1.0100750737563604,1.0101426709520585
0.8993699334622213,0.9945070859053802,0.9744240646935773,0.9745556480571393,0.9742976113322547
1.0018937395234047,1.0739673666643639,1.0626230027206194,1.0631633051930298,1.0625526357101558
1.1010996471151413,1.071514918907127,1.0774549504397462,1.07738190378145,1.0775030543185307
0.847892944136333,1.0600982455812626,1.0151991589459255,1.0155431611045183,1.0154848242789394
1.1671465767720954,1.0143610810946249,1.0442833773412243,1.0443154774488481,1.0442439250342321
0.7523988293053595,1.0386443149543487,1.0014795613353094,1.000038186311456,1.003218945274981
0.958171954565017,1.0011140425123615,0.9927890076182581,0.9929539055818111,0.9926694403568033
1.0802231571220462,1.0982727798115928,1.094149226702775,1.094183920303793,1.0941146246164224
1.2990714294953403,1.0987366589611702,1.1435246108488215,1.143408521631659,1.1433484595248666
1.0059064722984523,0.9538955222928267,0.9639473419052581,0.9637414951869532,0.9638267532963849
1.1183260857175503,0.9859315084235465,1.0153097217728382,1.0149433739982072,1.0152970182594259
0.9469587936488563,1.05139591158754,1.0300278453985137,1.0300897273132645,1.0299823423264727
0.9713675404869695,0.9590951857687319,0.9610072112923485,0.9609705210237175,0.9610217098296554
1.0443668873643268,1.0723496414492029,1.067121572577581,1.0672090906332539,1.0670631960773809
1.1533123854030036,0.9034604325643161,0.9693615617469564,0.9700129659879415,0.9686585791255506
0.9419247561710172,0.9472431657899237,0.9463944870244374,0.9464075358793989,0.9463825225260085
0.8168212922231908,0.9824300556715901,0.9535649795432743,0.9534900757140868,0.9536399360407103
0.9940217059677748,1.118156125122094,1.0928185448408638,1.09287684377857,1.0929699987412709
1.1826281704458488,0.946385241653673,0.9922225905677474,0.9928918706879546,0.9915477049211606
0.8277742217819694,0.9823068844939237,0.9517554377559068,0.9518775168276293,0.9516765280304197
0.7302841614675224,0.9867771514687589,0.9359485698690758,0.9347103218706123,0.9372852026311441
1.1320661394503877,0.9539971550305467,0.9936527119385483,0.9929791684779834,0.9935460969025254
1.2565719834352196,0.9474259296838542,1.0109789513224767,1.012080797906161,1.0086653525894294
0.8620077773986332,0.9111411019365212,0.9020009531257285,0.9021839977326073,0.9018811104299872
0.9701650401613247,1.0721211154577646,1.0599986544736328,1.0601232601179182,1.0598927945494894
0.9568172876422802,1.0636815327428133,1.0419019645783103,1.0418941602572391,1.0420909383526025
0.747098534291068,1.0292766191781924,0.9832729475304901,0.9825313329598069,0.9845710177960025
1.144084209565611,1.0261504308397928,1.0510602375136389,1.050918986153542,1.0511832251607935
1.119453281534089,1.0124355033133245,1.0320006022821133,1.0318826505692087,1.032059351926221
1.0071613368220662,1.0553347471287673,1.0472644373564037,1.0473799693128916,1.0473631789936029
0.7771687984967963,0.8785370193334783,0.8632524533543202,0.8633829704139592,0.8631271063172492
1.181437884850919,1.0059552086644454,1.037026907534687,1.0368621529552917,1.0364846522109987
1.033829091854862,0.9946337553345822,1.0026195101001978,1.0025599795154845,1.0026767242886212
1.062132832230342,0.9645580504307774,0.9834552148115687,0.9831181396131419,0.9837092359295054
0.7882404163688714,1.0714813226020017,1.0274460989773815,1.0265377817788242,1.0285085833156247
1.1849170949398564,0.9726385317501909,1.0074022192265704,1.0077874976027739,1.0062755046960457
1.0002899567614163,0.8922830595369837,0.9103857032748732,0.9102655248679136,0.9105054522787034
1.1091618856801133,0.9394716767559954,0.9685668306187096,0.9681477262456456,0.9679807460644767
1.0282538751766737,1.083995255329329,1.0732933188204141,1.073410752427266,1.0731799029115596
1.2017318874427876,1.1888133417125968,1.191560031655303,1.1915313971671424,1.1915882292078943
1.10891420362292,1.1019065953161935,1.1030832591029671,1.1030585283831202,1.1030920826311115
0.7674189633632205,1.0336937843187954,0.9816117991831206,0.9804045428979231,0.9829615569514439
0.7187997731012544,0.97198481176465,0.9144507825426031,0.9136111865331127,0.9159718279043132
0.6741043602636098,0.9524045848867025,0.892819285676057,0.8918084717679614,0.8938382503656013
1.0203475207011994,0.9730147645457651,0.9805377016116125,0.9805548695558095,0.9803921783644527
1.0543658850390993,0.986774615082387,1.001727760815247,1.0016151629448637,1.0018291942002182
0.9081621260897035,1.026893296286176,1.0070571544722084,1.0073265626294683,1.0068465054899
0.8956815917856032,0.9739331176670405,0.9591589510988634,0.9592399737523223,0.959186255328208
0.9844173194644505,0.965750353741185,0.9686613370219214,0.9686169103801379,0.9686958231566103
1.0371300277448616,0.9864238122778514,0.9973442602529261,0.9971988170262597,0.9974757274107159
0.870892859612281,0.9984865258429929,0.9790530028696949,0.9791473129105417,0.978959865878317
1.0685123145350068,0.9820795112107531,0.999968288629694,0.9997322547580054,1.0001417109448503
1.048651550417598,1.0255447783101475,1.029696530611874,1.0295852270602286,1.0296484354506452
1.2761066534078214,1.0274135090303342,1.0798965383793473,1.0795890159943375,1.0787307950411078
1.1526704528166303,1.0435916689973872,1.0664545143251234,1.0659874839497996,1.0663800338165843
0.8957964706115062,0.9136784493448152,0.9104453610175197,0.9104803374640907,0.9104279298185106
0.9604964726727543,1.052610102085886,1.0367066171658754,1.0368624455575208,1.036560792181785
0.9339701863534944,1.0028217822001453,0.988694189988301,0.9888413084601922,0.9886008993634133
0.9367757443415733,0.8210495093823652,0.8447388300995025,0.8445200751065043,0.8443112123981698
1.2493713143483929,0.7784581948734105,0.8606631663792098,0.8682433046421549,0.8529003309621703
1.1916515495703077,0.9894034130549045,1.0281398121585206,1.0282557532001382,1.0279254754295557
0.5744379554882261,0.9728472133520726,0.8958632916448352,0.8921747012308294,0.8998863417038614
1.107971064386224,0.954034473739424,0.9808282862194007,0.9807189835331424,0.9808698177948856
0.7749758378169849,1.0712099507800128,1.0090034577006763,1.0072762161671607,1.0111100466011032
0.8470543065422338,1.0395603705960574,0.9955102391644776,0.9953381788139837,0.9956843667845523
0.9670866287690076,1.0840496226550012,1.0628999696016665,1.062919697480778,1.0630198340427146
1.2400287243274433,1.0178391915850595,1.061756326025067,1.062382138264908,1.0609782635918674
1.0817623257862867,0.9530641191489628,0.9765695491764981,0.976478384255147,0.9766598868855404
1.076443438330148,0.92569935383716,0.9570142654540692,0.9570352167601581,0.9569779912016643
1.1727605305479218,0.9559565166342495,1.0019746456487117,1.00183253255018,1.00193258108361
0.9155254900342986,0.9888881599311758,0.9757278457754605,0.9759740610559666,0.9763002084083203
0.9109125839747181,1.0616542879094362,1.026977797545221,1.0272161452404776,1.0268873229159694
0.7426864727344984,0.9431245512893001,0.9067258978357824,0.9065480008820157,0.9070762956751348
1.0123096968479348,1.1470276243770559,1.1247375222585985,1.1251067664797039,1.125216659963514
0.7848852877034842,0.9310793180039558,0.9023504413975745,0.9023681661243238,0.9023497846530107
0.8302491230345805,1.0744066400683223,1.0063878917511726,1.0056633059972144,1.007254297980165
1.1415351666115645,1.0528750650882404,1.0682446866038386,1.0680993663675178,1.0683719354989978
1.2151903490301006,1.1031178542512086,1.1236643465997738,1.1234695540038158,1.1238159700439878
1.057815071902743,1.0352018296387175,1.0393361241552312,1.0391992846474123,1.0391639078788195
0.7741452415096017,0.9361586247437848,0.9037537862315068,0.9041750943786495,0.9046541953807008
0.9582728356530217,0.9864415566884331,0.9831512472285344,0.9832488579262176,0.9831230382715452
1.045679368320974,1.008444434940512,1.015886140005981,1.0158857580540928,1.0157276139546456
1.0950694038940718,0.9921862256764781,1.01347636516586,1.0134691315237931,1.0134546114101939
0.8396914797744497,0.9505306092350818,0.9307849030336783,0.9307943108560162,0.9308972764543642
1.1413271460901646,1.0369438213325752,1.0561700152080835,1.055902041498899,1.0561351253839615
1.0699403160455145,0.9772412502483045,0.9989896575059823,0.9987530832304988,0.998826311880856
1.0945475318036073,1.171408643839523,1.1595051452751235,1.1597457078222173,1.1593884024217123
0.9296301977739021,0.9959249432033679,0.982620711374452,0.9828316174977794,0.9824811540662313
0.9901202031786371,1.0451064347309285,1.0366528265942871,1.0369172663639903,1.0369108823821294
0.9279667085343191,1.0291775331473048,0.9989079357599772,0.9990391121471025,0.9987920840770075
1.0292176009650527,1.0348164423989952,1.0335917158534766,1.0336046965417947,1.0335883494748015
1.2106169813524708,1.0585225493752117,1.0873194286494017,1.087216812532561,1.0873970402209194
0.9726257353501606,1.0476872673298012,1.0310771799970992,1.0311263553604206,1.0310509063413875
1.0378481719261303,0.9682149350613419,0.980351857570829,0.9803484551534868,0.9802783846366879
0.8357376866550944,1.0462543954110743,0.9988325180543278,0.999014054389298,0.9994211284205321
1.027068329460386,1.0801723380256638,1.071467948199138,1.071586556209364,1.0713508587958314
1.0809393404371916,1.0617923471348911,1.0646992095955736,1.0646737666418253,1.0647195255378725
1.1290960157100702,1.0897474297549632,1.0993513898323188,1.0992900035785813,1.099402026940968
1.0217122825642357,0.9759459164283266,0.984188268905648,0.9841179329361293,0.9842484588014063
0.991037138135065,0.8430772740079142,0.8755990684161867,0.875525150807764,0.8754279258796718
0.9436301411810624,0.9960567868895039,0.9889512035561103,0.9890734563215084,0.9890486703734613
1.0000837368729818,1.05747148845523,1.0465120881290355,1.046872308220515,1.046772173322476
1.0991693126003113,0.973362019962383,0.9943690736266398,0.9942513222005903,0.9944864482809151
0.9778591717035346,0.944995380528378,0.9522669292985783,0.9522086681027065,0.9523249865851663
0.9389593816001228,0.9687294319961295,0.9627601093542877,0.9629187470815985,0.9629544347082762
0.8406367465227491,1.0506541043600615,1.015163820339441,1.0147675782788572,1.0155672658651675
1.053997074314694,0.981196909528925,0.9982583143827365,0.9979375697187214,0.9983518296041763
0.9783708499435564,0.9239180419390288,0.9326124142070926,0.9325521169404334,0.9326636856087382
1.1814403829257578,1.0280197278112597,1.060132569813199,1.0598486491387191,1.0590966683570264
1.1231066141602615,0.9048751780836372,0.9525777898151649,0.952723617949259,0.9519000221178144
1.1777993536915226,0.9153026781554452,0.9591221869268903,0.9595529207564062,0.9585718061515256
1.2017988408993419,1.012314602117456,1.0469184812164207,1.0470765760205751,1.0467003046941037
1.0951267400610876,0.9303742158106292,0.9566935012072953,0.9560743272297855,0.9570597952141506
1.026761803957971,1.1228533956770241,1.103211300145993,1.1033379872141897,1.103088228238397
1.16632786813082,0.9199755289854927,0.9597527505453868,0.9603435484071952,0.958194031408015
1.0337135835448679,1.039937560825103,1.0387742782521587,1.0387980259939549,1.0387556528076765
1.1186456980308646,1.0549497942651151,1.0612623908892531,1.061117874390345,1.0614031022434136
1.1735271146821906,1.0261560254373259,1.0575132513346317,1.057382740031561,1.0572804111190701
1.0466377523828347,1.0561248930809215,1.0542611494794072,1.0542816246010112,1.0542440875663832
0.7959273246618087,0.9607216938201198,0.9361236985854613,0.9361371407373613,0.9362093490494877
0.8093959100511563,0.9310329161715161,0.9087987975882315,0.9089347357242481,0.9086818452793584
0.9039319558952142,0.9578734284331432,0.946695386541405,0.9469386334913904,0.9466517967004737
0.8569700984478377,0.8307218078430363,0.8354159696095138,0.8353548415497777,0.8353955545250998
1.0494720858004634,0.9904110964069202,0.9993886467200158,0.9994162033626698,0.9992858512340171
1.0485699770919237,0.9626589927427461,0.9747303814612871,0.974571799010669,0.9748241092483045
1.1880634320322074,1.0444123677346602,1.06994414243602,1.0697119385743994,1.069725928587626
0.9682904014423838,0.956975399360742,0.9592513547386854,0.9592361541021068,0.9592642281925516
1.0627962401694688,1.1000981284476274,1.0933358388533425,1.0933989869961325,1.093308196699123
1.068684075206231,0.9528673660123318,0.9754308936478625,0.9753272538806362,0.9754680738233695
0.7801553690535271,1.0153634505064746,0.9726811917302218,0.9725966742303656,0.9731039177297967
0.9987879509317799,0.993150898067186,0.9942566052114983,0.9942290106040991,0.994264052139797
0.9855324430928075,1.0781351446072296,1.0594199233146548,1.059512954599142,1.0596708624133446
1.0421272855998818,1.0650587213408749,1.0601545070156315,1.0603105370816832,1.0601922623660118
0.9388795354681317,0.943403787889002,0.9426330090212717,0.9426424611261749,0.9426235936918159
1.0448529794599983,0.9383411965947296,0.9516935374258961,0.9511312323251088,0.9518902592191822
0.8187138854389427,1.004059311654636,0.9702618987830051,0.9705245927933016,0.970499472056515
1.146955815569771,1.0483469077101166,1.068279795341686,1.0681633382390547,1.0683938294216926
0.9193020784325165,0.9468334657406297,0.9421310225169397,0.9421794637772901,0.9420852198970648
0.7251024734700309,1.03830436149268,0.9790780160358709,0.9778145397934481,0.9807893074040818
0.7106738524862688,0.9452226151457379,0.8910729312264348,0.8904238246350883,0.8919550742246678
1.1548540106029301,1.158399213390296,1.1579022732156632,1.1579112181648155,1.1578987085698609
1.0279263691316414,1.0076089294892048,1.0120088765753497,1.0119463029589144,1.0119931605108845
0.8774492381084336,0.9094638443094376,0.90430447368841,0.9043782596043011,0.9042785179498368
1.054635336098263,1.064924089984323,1.062797875287648,1.0628196636247658,1.0627763038552531
0.9209142019065253,1.033041849268819,1.007726209110123,1.0078275935918832,1.007677201405195
1.0093187627150875,1.0643185917754316,1.0558404650900621,1.055954738767638,1.0560201979894714
1.0404601837212555,0.914282479472101,0.9394092190946585,0.9393230081599719,0.9394953550738168
1.0745368767655095,0.9313559192196932,0.9586520648184209,0.9584602420966075,0.958203254824682
1.0942037551444086,1.0491023120352558,1.0588486636338714,1.058691486228439,1.0588301816777541
0.8580974535678635,0.9040863554921793,0.8946591842709141,0.8949312042289287,0.894623220148507
0.9711444786639463,1.0242042311911037,1.014746802639136,1.0148354215851902,1.0146590557725808
0.7798689305675559,1.080126263290072,1.0203416067519921,1.0196078100840873,1.0227416019757098
0.8649808648021435,1.016875198102934,0.9905379442766924,0.9907080803586652,0.9911134938957955
1.2858389152563774,0.987031175065145,1.0404210861669032,1.0421269560223225,1.0384944948522894
1.129772821106541,1.0717252134381012,1.0809177309752953,1.0809385188827414,1.08081196941384
1.0747369585673254,0.9819473864836664,1.0030523669236482,1.0028007254139066,1.003120101589802
1.0912732232357176,0.904359877166093,0.9391105071931594,0.939222434092592,0.938995065508343
0.9078345995441117,0.9057856226357438,0.9061109301128354,0.9061079170752994,0.9061116893765538
1.3512476949003884,0.9515782620600942,1.0380534381080617,1.0396126680646414,1.0333940592337432
1.2098021148066713,0.9959540614064031,1.0416194846836286,1.0420688195028676,1.0408068137483972
1.031101300994678,1.0099891670356662,1.0141444589686557,1.0141025027729242,1.0141805707330267
1.0085988392120178,1.0995099428446444,1.0810270675882938,1.0812042125526773,1.0809515435439343
0.9684340126017408,1.0008583421096802,0.9960699584120796,0.9961618642242198,0.9959991941978359
0.9641197257367653,1.003970882821023,0.9961203676560896,0.9962042530910659,0.9960463427222408
0.8910782893263388,1.052523832710737,1.0115706022719995,1.0115814091435895,1.011677646908557
1.0197123443747071,1.0588524664221177,1.0520052663447415,1.0520631679752204,1.0520724560520751
1.2807941882361855,0.956757167095898,1.0192463108939445,1.0208803521815353,1.0173585306931756
1.133254293778646,1.0005043624959238,1.0244445096977188,1.0243141336619273,1.0245294730415142
1.0721061392028093,0.8865814863940926,0.9267760425381486,0.9270326459325507,0.9264141750806665
0.9406229414730589,0.8366142039227598,0.8591322838689628,0.8591225935304593,0.8590410079876676
1.01826370308253,0.9473282959100685,0.958821151660364,0.9587135780518791,0.9589277412487168
0.9669948508980174,1.075301988407762,1.053604068123017,1.0538679803908968,1.0534796368327994
0.9437845888854518,0.9676861155014799,0.9622671338353932,0.962304919343638,0.9622421733311329
0.8369342725456389,1.1143331049816576,1.0600812867767728,1.0588334089692866,1.0614588322395442
1.072497313206583,0.9793537123756393,0.9966170009456415,0.996542031156047,0.9966669280098284
1.0847726827767588,0.9738798413786743,0.9976621222692227,0.997559478499542,0.9977390837809194
0.9826543555513141,1.0323550780933382,1.023464043265759,1.0234770004795317,1.0235029775266629
0.8895354910813863,1.1056705130215574,1.0654636528981032,1.065192580784202,1.065988539150704
1.0833579020100048,1.0632739794809085,1.0674323828630778,1.0674091221134594,1.067447005698944
0.9755909242931031,0.914239350524642,0.9263984359327769,0.9263240136320737,0.926446020558338
0.8775416267116012,1.035557338482086,0.9959655393389769,0.9958598973905016,0.9961891779594592
1.1506877606130903,1.0206625434986782,1.0531309104039694,1.0530511693531306,1.053210043815779
0.9097452060492333,0.9626432428617782,0.9514338739606278,0.9515317728577143,0.9513559158031006
0.7991590285412672,0.9807541905213016,0.9413967224912123,0.9412060146774144,0.9416526263442149
1.1324784239627819,1.1030146164986148,1.1079165866292784,1.1078500213268057,1.1079818574901394
0.928132756461405,1.1613784954081043,1.1287893678083916,1.1283657095014616,1.1292603758396682
1.04754018046123,1.0235593748655802,1.0279827010960043,1.0278779627792753,1.0279882501710165
0.7484244239044244,0.9431021531851417,0.9083555285233753,0.9083864866367576,0.9086976919760434
1.1075321378536527,0.981581134988803,1.0087885460669739,1.0084574742152883,1.008913707777439
0.9107408106805883,1.0320942241286568,1.0042793622502677,1.0046498884745263,1.0042115626515766
0.9660266319217555,0.9764555717665665,0.9749590133025917,0.9749599724702931,0.9749778050187158
1.2235988620935392,0.9520281310967874,1.0008627793384268,1.0019083436314578,0.9997374221676207
1.102402915579274,1.0673560865191902,1.0735778372440952,1.0735034845105258,1.0735653166786396
1.243848570659219,1.0261256920067574,1.054370870375133,1.0547894091098682,1.0539465279109042
0.8476545039016732,0.9997144162947816,0.968540300828747,0.9685852055000774,0.968511654523932
0.7849783054102896,0.8570798160168944,0.8427535401657436,0.8428474954183683,0.8426610558774563
0.9160136317649528,0.9854054713389372,0.9738476553177886,0.9740214690679109,0.9737023822833941
1.0226926550056346,1.1373477928677977,1.1173565027462833,1.1173530679747852,1.1174929112125067
1.2395014068072452,1.1365807033242954,1.1572072224218788,1.1569817099338502,1.157329023932308
1.0445430952744512,0.9720084095773459,0.9892938833132345,0.9891851261489144,0.9893824897622299
0.8470262143090496,0.9758464676288647,0.9508553868330667,0.9509538857771201,0.9513774548543416
1.0699225337680291,0.9641707632704997,0.9902827932081573,0.9902812788804701,0.990094829488435
1.0233644787606204,0.9342115777438963,0.9538628438871644,0.9534327607681634,0.9541269556115425
0.9878943248269288,1.0793328652803575,1.0653373167180156,1.0654434636233046,1.0654805895939332
0.8419228322372794,1.0570923107526404,1.0160485154226915,1.016154192034755,1.0162402861960462
0.8888871328272443,1.0794986753650861,1.04801766908475,1.0476334372466158,1.0491572200750356
0.7999604642411389,0.8762541715497875,0.8621850774175197,0.8622925749102451,0.8620848132149409
1.1743597308440614,1.0511604766932903,1.0743169262395058,1.074241519628001,1.0742560442323073
0.8853573625197937,1.0155022925452273,0.9897132867898546,0.9897820893094119,0.9896511678117468
0.9572975681132834,1.114119642971698,1.083239078601563,1.0830698271101447,1.0834967492726184
1.0519965946232415,0.991247945165831,1.0018782710151959,1.0017739598082125,1.0019821476067108
1.1337753524468885,0.9493256793813294,0.988630832004123,0.9885574863361692,0.9880399088857601
0.9245972640467458,0.9506697003564952,0.9465561588688636,0.946615826579595,0.9466117478026452
0.8110498190721254,1.1163944654143307,1.0666068002112798,1.06593035373087,1.0683004601451591
0.8393037395689695,0.9725086410063345,0.952228623098553,0.9523302061517553,0.952140551786461
0.5047540696884665,0.8771880847083776,0.7897005627810063,0.7862774435650195,0.7936694953296725
1.1509379403110678,0.978111533550138,1.0120721654521452,1.0121427410728874,1.0120008650402537
0.9172448957756446,1.0835302897412695,1.0460864262978138,1.0459738314511198,1.0462373833600185
0.9256723618973065,0.9707480167621775,0.9642028207541785,0.9643262872825141,0.9641997640212959
1.0744205629233679,0.9802930186091227,1.0005075969665906,1.0003443057109003,1.0006543329084185
1.200557641121179,1.032216223071168,1.06308540582448,1.0632858613377385,1.062834015928118
1.0049914820993624,1.0228106275170183,1.0188742223657403,1.0189105344774358,1.0188828127277525
0.908244196794093,0.9969518101713125,0.9835887399790502,0.9836697742303887,0.9835428341312215
1.0316304032486612,0.9885527415271761,0.9962545998298216,0.9961260431659941,0.9959857609938749
0.9186333541816766,0.9518701713853742,0.9467667884910098,0.947067355480486,0.946681571105136
0.8678221017541012,1.0312133692446825,0.9929042167381986,0.9931035701797617,0.9928238393896764
1.1929148148374027,0.9947525984688009,1.0253079873046518,1.0255689456531867,1.0250465370963038
1.1564717099159851,0.9620002722811972,1.0049593462935622,1.004654926752589,1.0050712455204187
0.9371270104427607,0.9843153036375373,0.9750748299345862,0.9754185518208538,0.9757672224615508
1.0645789260731326,1.0265297205339483,1.033253417083355,1.0331509255776519,1.0333425622627663
0.9829549630384004,0.962795635233388,0.9666195428622194,0.96657078071826,0.9666512575130315
0.6398918486854437,1.0468134127845654,0.9566327516758175,0.9516480135048849,0.9617038686490719
0.8581559827093554,1.0280888950899103,0.9953741892061303,0.995235017014817,0.9956929994418722
0.9172386093740821,1.1101825895026411,1.0622352074285761,1.062118756948835,1.0624578550949502
0.886394304357786,1.1102619473134254,1.0666350986977273,1.0661947302619563,1.0670860202745276
1.1854202730433612,1.003400538823458,1.039556178019958,1.039504768856939,1.0394126417868785
1.1488076283164443,0.9388237305801396,0.9760672687555352,0.9762704526943073,0.9757678245112231
0.9437195513011194,1.0763615148462449,1.049201432341267,1.0493553863478249,1.0492271350033966
1.2952412643505125,1.0508900644560868,1.1016513282772191,1.102378819349564,1.100918981963234
1.0897991182491,1.0345912609908787,1.0478705392102479,1.0477321093648426,1.0479735509285897
0.9290796022469139,1.0110940371006905,0.9962548445124628,0.9964399411719048,0.9962234641078265
0.7204431934906186,0.9044798459890788,0.8712057085977204,0.8719355838803552,0.8729264315637567
0.9248163996252892,1.053457318927725,1.027798101153109,1.0280616058570173,1.0279890712952886
0.9665933497971363,1.0405751432796253,1.02326020349392,1.02336640182113,1.0231562577772173
1.0048802303031694,0.9130733232738072,0.9307285942849033,0.9306076380644508,0.9308491856346706
1.0532129050635035,0.9948761826828503,1.0069722403014367,1.0068625580532544,1.006872135875288
0.9131613579556783,0.9730644702120692,0.9589328000538612,0.9597260352501702,0.959245868420974
0.9301194654408351,0.9320665510215244,0.9317035253527891,0.931709821410086,0.9317096381267203
1.0975982859193987,0.9771777888767956,0.9931511031545821,0.9930564164448118,0.9932447664041759
1.0706336246804946,0.9686654221092097,0.9891667036209659,0.9890983098130425,0.9891673494871931
0.9917617300258043,1.0446524557189318,1.0342835266847639,1.0345392433644025,1.0343291914911588
0.944391449548385,1.002635544906108,0.9889623184867065,0.9892244841982325,0.9887906295004822
0.7985850420874021,0.9446804414327948,0.9268769863772325,0.9267796035600401,0.9277582317894469
0.845461725562796,0.8848843412906789,0.8771676606866126,0.8774758695827268,0.8770049348857609
0.805063921730435,1.061099322075678,1.020002883273564,1.019161480300531,1.0208543514900743
1.1425577728691616,0.9635119229235349,0.9905851996608956,0.9912694814875941,0.9896284258527142
0.9271711802252343,0.9734534131046815,0.9642638317428577,0.9644988257814558,0.9642541692699302
0.9290285034794911,0.9884132656471227,0.9794337716475783,0.9795229523506418,0.9793496549397772
0.8322686846817474,1.0470767265930823,1.0088014072979867,1.0084314987043348,1.009590329166492
0.9771242491366402,0.9787554528765867,0.9784111281206274,0.9784150234295295,0.9784083457669849
0.8842578394193015,0.883105791616771,0.8833448556199999,0.8833422307665406,0.8833474324833541
1.0893812699007048,1.1185710251637877,1.11398491832271,1.1139879440543417,1.1140006078760711
0.9072611742700143,0.8317728407972272,0.8475420419475704,0.8473706310169997,0.847692733004692
1.0998303867213077,0.9747548128686593,0.9933219867293107,0.9931392456196557,0.9933449111996636
1.021702805586867,1.0653593924594469,1.0570226455065967,1.0574267284589167,1.0568789342407536
0.7225039009818063,1.002826092414666,0.9558670679812127,0.9545800438275589,0.9586991284413529
1.0454862340300473,1.0023411904922739,1.008899170197961,1.008803365219128,1.0089577532969864
1.0997596356671708,0.9871496846453971,1.0121078862526542,1.012026686706512,1.0121807130567246
0.9056175754445334,1.0330347388921846,1.016697362499302,1.016765064471372,1.016633430354111
1.0315392661036291,1.0061869292399088,1.011264887363554,1.0112211388399714,1.011308217584771
1.0989765385545482,1.0535331736630253,1.064097385348519,1.0640044048684392,1.0641366858491161
1.0542679778973243,0.8493995461470227,0.8842456127339589,0.8849090946174708,0.8832155679568396
0.9242916659822543,0.9923262454630102,0.9789835861426704,0.9793652788086333,0.9793218793734744
0.9991326949138353,1.0743160961986151,1.0583172272264798,1.058463077176731,1.058317437526062
0.9149747916351836,1.0324486851951198,1.0096184721701071,1.0099741403092173,1.0099487700372105
1.052684489590701,1.0682231159829285,1.065138788848043,1.065173394893885,1.0651120384100283
0.852558830802602,1.0273012762741864,0.9887298370995289,0.9887342004449738,0.9887381194522579
0.8228684705238344,1.0401613798155411,1.0056694791594933,1.0056054717115261,1.0058316289041125
0.7639368237588208,0.969674829773793,0.9375961166246255,0.9372721565498499,0.937921011287391
0.9985540199012307,1.0802205887003191,1.0647498958289296,1.064925934159506,1.0645936430437428
1.026400308120847,1.0119723462733776,1.0146013543010137,1.0145823256280513,1.0146021977852429
1.0469002313857825,1.137267070311362,1.1174220925382685,1.1175386291337077,1.1173360089477609
0.7548263450721918,1.008142563871947,0.9705428869340047,0.9702890310325836,0.971461083151795
1.2074210039444484,0.9386768077342065,0.994033511782523,0.9949327619533028,0.9923514696813146
0.9385346084764307,1.0393664008642236,1.027367312953347,1.0274980222376973,1.027237333085649
1.0338851942579148,0.976567619891015,0.9869079868888189,0.9867072958411043,0.986991985278729
1.0823193036382273,0.9651028377889802,0.9875842836427772,0.9875564872459317,0.9874766816995446
1.0489181619073507,1.0407303514517388,1.0420694001185544,1.042041511446652,1.0420827189423059
0.8366489347983496,1.021358509243143,0.9941280006925635,0.9940663723276871,0.9942374713879844
0.9248426028428628,1.1011014817484592,1.0570585703933362,1.0574254653818898,1.0591050165233122
1.0114514111628077,0.9283471931067984,0.9398269597282773,0.9396559633717824,0.9399685906892995
1.0558440454190565,1.0886630776921364,1.0830107601614851,1.08312758557644,1.0829213691477086
1.08607029673391,0.9807653136002953,0.9987967849088345,0.9985508780069601,0.998987343794682
0.7738560198175166,0.9837425713416083,0.9511030520960752,0.9507566936975957,0.9515683685347839
0.8063019675515319,0.9835260419926167,0.9554004183310493,0.9553784993126145,0.9554233911435656
0.9904294421376912,0.8646260497343032,0.8850280578700491,0.8849796518074982,0.8850278977861099
1.0827738786538288,1.0074529900940323,1.0217411723891758,1.0216137704755208,1.021867973090364
1.0176755898598047,0.9573171453472579,0.9707362896273966,0.9706429346924563,0.9708276496914026
0.4797589898595054,1.0085728124497944,0.8996924157109892,0.887618551821298,0.9122054973674032
0.9545634616832799,0.9992764564822849,0.9910527446146905,0.9916764844329469,0.9912146445728396
0.8905399634208391,0.9854837531274396,0.969826345649567,0.9698379816467824,0.9707879830147689
1.1562143000183764,0.971531694301264,1.0024282205615158,1.0019716228941031,1.002483406536825
1.017542584433088,1.0599254311281852,1.0523004538104912,1.0524053320683446,1.052250097499046
0.9814081660021621,0.9477652184311591,0.9534136818543226,0.9533222847039664,0.9534803241563463
0.8442322443810317,1.0482172936580716,1.0122958782636418,1.0121754904859073,1.012646569667542
0.9767362534079909,0.9397760303565514,0.9462824748246862,0.9462110561814611,0.9463537100511328
1.0099941303344064,1.020391629348178,1.018999266674563,1.0190708644419826,1.019022621482565
0.9425519231378036,0.9937593382282873,0.9852617987893789,0.985465503686319,0.9852327906941714
0.8807853234109317,1.0198999239790785,0.9945847518621218,0.9945878992023071,0.9945889471691383
0.8580585120857321,0.9010653192282887,0.8942019478732486,0.8945031649931344,0.8940726575547437
0.8952012529430649,0.8833485106662106,0.8857126414433613,0.8856472864879761,0.8857077536330544
1.0273957484442493,1.085638859153186,1.0766214599751658,1.0767158502902605,1.0765285525212955
1.0561751421274372,0.8867079903993309,0.9266701908433826,0.9254729445120258,0.9265184652599222
0.8903954193595783,0.9886819139989772,0.9689193229497229,0.9689602664618565,0.9689083227038664
0.8201225611131351,1.0252086288569142,0.9891142640834023,0.9887766796643465,0.9894549191429032
0.858242524559016,1.0716856205652516,1.027409742290699,1.0270450054327704,1.027817673458772
0.8596804931428107,0.9982442322332621,0.9760194025041097,0.9760962411999853,0.9759586984718867
0.8302404624612305,1.0072873836815082,0.9775464221318708,0.9774969216474376,0.9777490250222184
0.941720993372116,1.0399270636359108,1.0202877373281285,1.0204259434877678,1.020164009980478
0.9400320824114143,0.9005988239686503,0.9084890298837408,0.9084150646734512,0.9085627798559011
1.0594268312102384,1.0153052241374851,1.0252035849495948,1.025085932246371,1.02531466530272
1.2907725399586156,0.9981724354127879,1.0453442536516944,1.0472639491756812,1.0432927048514733
0.9968696142358887,1.0635858426952203,1.0494192276464684,1.0503317458025327,1.0490699543511721
1.029323827361439,0.9762385300796173,0.9860661301769212,0.985957681852013,0.986140821459503
1.010719535660368,0.8918328899213867,0.9175849069367452,0.917086780866067,0.9177233740440349
0.9401840787387873,0.9972099922666825,0.9875439709680424,0.9877281056170991,0.9874472970992406
1.1656446370414217,0.919842689299881,0.9772781423667873,0.9781201135378168,0.9764215954979105
0.8356282651397376,0.959106191468282,0.9314760075118746,0.9321087647126792,0.9312509611524272
1.151038918870983,0.8966038194607204,0.9531574724191045,0.9537326290002761,0.9522243773292589
0.873783230151351,1.013035503850422,0.9813112274879701,0.9813741281791346,0.9812970741321616
0.9860481236817372,0.9741833606513295,0.9768584842134164,0.9768408175161216,0.9768734969017661
1.2252477074936985,0.9793943383340165,1.0242389734029396,1.0248010617176688,1.0236748021163278
0.9495442951150913,0.9835590887227925,0.976474177929084,0.9765766921088406,0.9764651893621452
0.6790736269841531,0.9931210705582975,0.9257729588066075,0.9256788815814956,0.9278268323489715
0.812501293775329,0.8908357370402422,0.8769522089132011,0.8771752263934239,0.876799497325012
1.0414142476754236,1.000285246668206,1.0087815926102837,1.008486027432693,1.0088396602064775
1.0022282139522045,0.9339523631363887,0.9480562355187978,0.9479442283742924,0.9481680114704562
1.142054514258053,1.0037762702335418,1.0199668007683005,1.0198895229519174,1.0199642362707482
1.1132867018351214,1.01532414336768,1.0361874009196999,1.035785147787239,1.036209111531108
1.2133244062421202,0.9948333865325804,1.0550445153081363,1.0553924542401723,1.0546908888602227
0.9056283078668524,1.026191272074403,1.0017820988820998,1.001721759750522,1.0019712964975807
0.8068622220636896,0.9813338699588985,0.9462104032560874,0.9460838538415381,0.946368233965343
1.0893123344954339,1.1039934854573492,1.101083046507442,1.101147820354015,1.1011238430953711
1.018132069919837,0.8940006898051698,0.9153550795160691,0.9145537525211983,0.9155268926826311
1.1651730337441104,1.0379383622324734,1.0568413515014992,1.0565049838223837,1.0568567550894972
1.1295915849390215,1.0378742913840309,1.0556763740117083,1.054576180588703,1.0556352262734838
1.1799226503804168,1.0046394162458387,1.03853860790508,1.0380112067207174,1.0384557347973749
0.658748026086255,0.9519372413946267,0.8910215109369365,0.8895725351834901,0.8926641234307875
0.7826883290715484,0.957635155244526,0.9245648951183864,0.9243306824057167,0.9247999297875812
1.0022998474445939,1.1250304185859306,1.1015765837364824,1.1017863902050558,1.1014604891444426
0.927671368413144,0.9849483144189244,0.975821825050082,0.9759390961893302,0.9758034502723032
0.8090185199339504,0.9581596390717776,0.9312239809309916,0.93130106494056,0.9311476767896736
0.8600611119629614,0.97243372863016,0.9533725169815253,0.953515531662043,0.9532346641911633
0.7655663639655826,1.0895905037149822,1.0280370272625847,1.0258391570718097,1.03029059322711
1.0210672297571284,0.945066615245748,0.9554885536719436,0.9552537981844677,0.9555595860418145
1.0143440567283337,0.9378783271620206,0.9543073257479198,0.9541817567638359,0.9544303086221576
0.9639286431289447,0.9963826049317521,0.9899463365978947,0.990032699513435,0.9898703943959821
0.9296678510295687,1.0237956566649602,1.0028081097301007,1.0032076304527022,1.0032026294700906
1.2885070097041482,1.0545666167897656,1.0842708863008237,1.0850337992716703,1.0818474527999487
0.8033345091093262,0.980661208080929,0.9453149666412836,0.9451680354477762,0.9455097534635012
1.3931071003338082,0.9456460777545748,1.027573536539086,1.034144113878733,1.020829604073309
1.1398157876069104,0.9427408377141695,0.9743063370022546,0.974663360345048,0.9738849870229447
1.2746603470155737,1.1148701034961828,1.154185012919452,1.153678178920389,1.154384734010209
1.021841825321855,1.0748385691704019,1.0652605539707192,1.0655059379877332,1.0651344095838793
1.0497206245337045,1.107722871066697,1.0963783532592628,1.0965794061567433,1.0962308102003353
0.9280512205386215,0.9570686215931963,0.9516516144275247,0.9517218073812588,0.9516466555525516
0.954250635693088,1.0690497499024805,1.0458924972066186,1.0459510899451239,1.0460001158442027
1.385106393150519,0.9620335748024105,1.0427316049762352,1.048093735945832,1.0372828329192831
1.0652795738695306,1.0909856524945916,1.0866472614921971,1.0867414829845778,1.0866864231931408
1.1262143592025669,1.1047229832696694,1.108847549352785,1.1087140066761165,1.1088956715564735
1.0282667991882979,1.0149201110836947,1.0182155846823628,1.018189910228476,1.0182409866621345
1.1615844211457302,1.0433475733347726,1.0684849158913419,1.0681841450455611,1.0686435016712852
0.8442149793379679,0.9358146224122262,0.9187985952775317,0.9192174940225091,0.9185989525801459
1.231870653322634,0.9751134967473617,1.0292610179567305,1.0301990878239444,1.028195996440508
0.980552659804298,0.9667797961954445,0.9694224004726482,0.9693284542193431,0.9694767478136541
0.9764560848220082,0.9490852758353776,0.954053569664138,0.9538716162651995,0.9541338190175734
0.9205000622104803,0.9262303419888729,0.9252343527522287,0.9252514996372768,0.925240017044886
1.292322093439068,1.0109145778012323,1.0754826612388013,1.0762915166279594,1.0743958798339548
0.7453792307066756,1.0792268795701616,1.0134728477101895,1.0114323694799823,1.0171281831465353
0.8082062837342681,1.0544470425048245,1.008706060010554,1.0094188406747917,1.0093760274081356
0.7168220862225689,0.9393821552131104,0.8947323949391984,0.8942717148850647,0.8952105681640568
1.0172118510546626,1.024473876571778,1.0236354682513302,1.023655591365779,1.0236225789738707
0.9893236621382698,1.0970557563790342,1.0758990319958741,1.075994021375169,1.07580824809052
1.1323322590545062,0.9556487281552091,0.9969677658056371,0.9969948362002279,0.9964628552608708
1.0560303246647924,0.9058412528785554,0.9325324098022149,0.9319590578023971,0.9327300280409585
0.9549479491971562,0.9555260100732497,0.9554251615053363,0.9554267794618697,0.9554238541806096
1.069495625821838,1.016283024961715,1.030319085867412,1.030214788256304,1.0304204783619495
0.922936225878489,1.0634937693907636,1.035159522743591,1.0352647728653566,1.0352092451684198
0.90263425084689,0.9261283184601752,0.9214907098820017,0.921595266004517,0.9214571911553848
1.0750950807797373,1.0103425983576633,1.025550019735205,1.0252168201941376,1.0253734038625106
1.0476349337981024,1.037316283148729,1.0391027351826916,1.039007764420497,1.039141265063812
1.1313588151817346,0.9267747969353404,0.9735245908034242,0.9735000170628362,0.9734698957896555
0.6920496377492051,1.0030424451711957,0.9283413242854781,0.9269548851343828,0.9311664753009384
0.9832522986683843,0.9536204598724126,0.9601004029453285,0.960029224994358,0.9600703330307528
1.1282844205570048,0.97099848246002,1.0006333158635332,1.0007124933023144,1.0005347090456667
0.9218039588300413,1.0417079308269028,1.0241405694444765,1.0242449538213971,1.0240502783662713
1.059179635848154,1.168717085719579,1.1492747258972935,1.1494093927722588,1.1491419828126648
0.9314673801132697,0.9241324693561269,0.9254856331513439,0.9254684629949108,0.9255023601351626
1.0564070464917275,1.0529642730466402,1.053647838959157,1.053637275875366,1.053649475565052
0.9549215902487171,1.032315911960863,1.0173202695604644,1.0172837192713573,1.017432399179559
1.155717437373465,1.1047309979178437,1.11408523088864,1.1139838111196276,1.1141852033086241
0.8837323773524999,1.0266323164478286,1.0045287946221904,1.0048211966734208,1.0043669975612506
0.8225554652378387,0.9872014960585349,0.952632676803747,0.9523983429311605,0.9529893842959761
1.0300003633272823,1.0123302954338294,1.0155507077116328,1.0154123631038197,1.0155648566626017
1.2355032985442684,0.9490450108223535,1.0031413422902025,1.0030242044730406,1.0012775484610505
1.1713760697873556,1.0425130530604094,1.070346858921341,1.0697570361820867,1.0703229454128314
0.8457511441755918,1.0283195080108787,0.9965907016161057,0.996486789594273,0.9969972900738011
1.113757094953648,1.03879393668162,1.053370306595176,1.0532398456872596,1.0534983124474926
0.9225729564763211,1.0501369890365186,1.0255567426602172,1.0257455321159292,1.0254697649573816
0.8325041293518424,0.9895557698521154,0.9575274836622747,0.9578900344552101,0.9583339706065934
0.7970181419237392,0.986395886214401,0.9475042847382663,0.9472653237538116,0.9477628949987464
1.2035605876750728,1.0623570433846892,1.089872502960357,1.0899463189394318,1.0891915213950418
1.0475545120931993,0.9863002691544889,0.9994195934540389,0.9994591127606913,0.9992503428013133
0.9811167413459567,0.966905256604109,0.9697993792708633,0.9697404633970921,0.9698195172464584
1.1004597034666737,0.8841730710699398,0.9319533865535621,0.9323209922120196,0.9315780966869854
0.716572712832321,0.8619029398385947,0.829904005097706,0.830064034774017,0.8299812014779735
0.8041097882093663,0.9848740492180649,0.9466364782679777,0.9469249010909424,0.9469682967860158
1.0084368105939647,1.0554782266243787,1.0467474356411453,1.04691819276286,1.0467713728076071
1.1018006168360333,1.0527474479936985,1.0610244420161243,1.060863638855324,1.0611472823174217
0.9743518323578274,0.9997272742947946,0.9951462518812633,0.9952414811485543,0.9950781979125776
0.8437183265379941,0.8596781718073799,0.8569076744103246,0.8569557534870418,0.8568739473612055
0.9285978503876717,1.0279932133977199,1.006345874929653,1.006543356359102,1.0062513736058196
1.086967720032496,0.9794065825600154,1.0008779610683372,1.0007633703948382,1.0009812145900268
1.0753074445645132,1.037579911695091,1.0445487079254405,1.0444734140684013,1.044598176747546
1.1386839641897797,1.0863940939261594,1.0948775456313709,1.094749949271224,1.0949815149211997
1.1101842086987435,0.9430498262785543,0.9749980469797568,0.9748081733637083,0.9750921673287765
1.1349171992144687,0.9023869335184118,0.9544013686079762,0.9543078536655498,0.953903506080757
0.781845300189913,0.9225545386023805,0.8980360357597358,0.8988821056448619,0.898154845351311
0.8624276885283242,1.0201548831862766,0.9963896649912309,0.9965520978940634,0.9965873219031656
1.0451533667061748,0.9379603933862178,0.9572804513990416,0.95715361067752,0.9573029313016075
1.2652497428319909,0.9401233143309939,1.0098464100119087,1.0113294377722153,1.0073476633758076
0.9773643478031286,0.9265797543056818,0.9358173782538992,0.935432140940041,0.9357629192177512
1.131746326519805,1.0420998303198805,1.05911454623906,1.05899090342112,1.059237866726079
0.9724216034741507,0.9896104985638297,0.9860915329404387,0.9861418760595638,0.9860506960251003
0.9080162739568187,1.0902117766117538,1.049726853541098,1.0495913347159,1.0499203606669427
1.0888050182463245,0.9984682845926253,1.0174208269316027,1.0173133597293467,1.0172994113726812
1.092894233638106,0.9641963220883154,0.9877854691426081,0.9876875102179227,0.9878752409905146
1.0763424860320836,0.9411907292053575,0.9691865558404598,0.9689449929567361,0.9692033921350663
0.9055822311778308,1.0018269158928856,0.9836754627887331,0.9837794561554283,0.983618878025784
1.2949168085778737,1.0900399305687587,1.130359210605584,1.1305036355443132,1.1301822961157275
0.9912304066104644,1.0215540495477797,1.01670062406545,1.0168178245893724,1.0167139119300117
0.9435844871727728,0.9313907248717813,0.9335643181287467,0.9335368049233821,0.9335842905483248
0.8019037360016437,0.9934405063396848,0.9611163414805166,0.9610292160057584,0.9613428706014044
0.9292770552099304,1.1608394864805494,1.1204222990262083,1.1200454333244563,1.1208735232610243
0.7972783065947913,1.01012400238093,0.9760103847981115,0.9779660292483319,0.9773183282836615
1.1781931376682389,1.0349296951489113,1.0578840614791538,1.0577561747321713,1.0579420534641462
0.9653983934286036,0.8364293351590779,0.8618833717802716,0.8616079519693012,0.8617357544190896
0.9443327370621508,1.0068265875668432,0.9948732103922638,0.9949616732822031,0.9947902614506738
0.9108797015847362,0.9537255054624609,0.9472511411400208,0.9473351918323745,0.9471675914185377
0.9859437497110014,1.0392609878526329,1.030263862257642,1.030432043612387,1.0303165045981375
1.0344544161313047,0.9611353208333628,0.973414599323357,0.9730471170330325,0.9727858179370362
1.1279567416212295,1.0277135168648557,1.0529132936184102,1.0526435469784632,1.0529640797475315
1.057045474821743,1.02102412608064,1.0264951874033088,1.026440733405737,1.0265306851797413
0.9409305193933263,1.0645561912871295,1.0366090502254808,1.0366809734973397,1.0365631939714501
0.9922263452438485,0.8771103479118633,0.898713502185964,0.8985435060645256,0.8987725094278708
1.1503351071034944,0.9877934309670746,1.0141510811846248,1.014463679223082,1.0137014591390692
1.0627132114523148,1.0798806706044595,1.0775670643155684,1.0776036762608077,1.0775312183123016
0.8957606217957712,1.0797100138830407,1.0378311288592232,1.0377085854011594,1.037959138148397
0.8448002814933401,1.0798636844240064,1.038502588155653,1.0379756815340904,1.0392807737183731
0.9444129447669252,0.8676638543843123,0.8844389091056932,0.8843558698772624,0.883909575155586
0.6645125824383781,1.0827821454766258,0.9992039357255944,0.9942530420987608,1.0043085474689672
0.8565087183917686,0.9962875245821526,0.9740114033381357,0.9740907483361828,0.9739322999492903
0.7810073863811828,1.0888402099309782,1.0365006049927583,1.0347540364936099,1.0382640083296275
1.0767484490926689,1.0434921218305115,1.0492260826685624,1.0491111674802445,1.0492760758806232
0.9015878716147078,1.0184447743667195,0.9956971525613327,0.9957162636665114,0.9957129062117881
1.006140668765014,0.9040611584609974,0.9248659846143239,0.9245469366483987,0.9247753947411288
0.9818561840005131,0.9264645158982404,0.9393687984331864,0.9392763532566577,0.9394610227406344
0.747257496621315,0.8852549143983399,0.8504193978304345,0.8506166491926582,0.8503353187882954
1.1091288893632796,0.9396765630982803,0.9692455370537599,0.9692306379628726,0.9684406151151307
0.9712820006456361,0.9548024475820337,0.9581150919350231,0.9580883459327194,0.9581194354365031
0.9958494319540591,1.004538270846069,1.002458942198039,1.0024790934348324,1.0024448138681157
0.8466000212110683,0.9629804106742696,0.9375763869407264,0.9387103178817408,0.9377440823423815
0.9976661467770354,1.090174064698911,1.0717216346286784,1.0718770579574275,1.0715770709074999
1.0879574321407084,1.0859171103564733,1.0863278566365482,1.0863172106975871,1.0863289028730787
1.0359854792550363,1.0735907728497844,1.0677314164232985,1.067795472923455,1.0676703170685888
0.7336112431936633,0.9204121504748083,0.8858807380912596,0.8862242559243492,0.8859109912333367
1.0121822342001927,0.9884257114337427,0.9923713330881857,0.9923225292393109,0.9924198195445353
1.0749554342181176,1.004322556222264,1.0197467895613017,1.019664651456038,1.0197816905111678
1.0793716735895689,0.9813955714970568,0.9990454892882006,0.9989585068633393,0.9990924013413214
0.996071274158498,1.0269906438081484,1.021269215534158,1.0213328549861715,1.0212073429331956
0.8422286781740582,1.0214357165381627,0.9852406467368613,0.9854743221566125,0.9857203609638361
0.9605743053226932,1.0427785298921493,1.0301752585091097,1.0303376228314989,1.030029537683272
0.988147232723948,1.0603935946355376,1.044224322343876,1.0443121608004757,1.0441414734011554
0.8117918085756345,1.003376527421556,0.9679049858015905,0.9679234152895235,0.9679409536293357
1.047376652349936,1.0071370596909812,1.0157346930411986,1.0155844567510668,1.015801204571478
0.9453589010033135,0.9031063933138929,0.9101187933688771,0.9100065550508472,0.9101278626676086
0.7982959766848343,0.9846178249081781,0.9524928902318449,0.952239365320299,0.9529201434056341
0.9697805621712031,0.9789291322237491,0.9767306690770844,0.9767781962304216,0.9767262707436685
1.2102788470579247,1.131411017994316,1.1438120543057753,1.143649902789393,1.1438979677619598
1.1928220283419138,0.9279540967185461,0.9828379836398442,0.9838559315087357,0.9815753622843983
1.006204167450138,1.0544469928410596,1.0447289194100522,1.0447927861852686,1.0446943667528519
1.1131739000860486,1.0141601535240397,1.0327540120097063,1.0326361291319353,1.032867940058066
1.0726987695913406,1.0888969689843404,1.0856187136007622,1.0856500193589405,1.0855925171632919
0.8384934877035157,0.9813222702616915,0.9518733491337652,0.951777826452497,0.952105320948057
0.9513683720454252,1.0031455334265553,0.992562064640741,0.9927965274649475,0.9924535271181057
1.2010694594097615,1.0602154347333872,1.0807491786300207,1.0805226203404172,1.0809433521509897
1.136151069093215,1.1144807836540207,1.1183247385382213,1.1182920989328113,1.1183547714894522
0.9734640946858402,1.0304188672753276,1.0177788510157388,1.017878148924722,1.0177395947135968
1.0805549607572842,0.8574664238626962,0.9044444516281862,0.9047114764916855,0.9039253148783892
0.8261930671167327,1.0019508984040655,0.9677009841428879,0.9675739262161973,0.9678622227667164
1.1027406163050264,1.035769630523985,1.0502831902374767,1.0501269294003799,1.0504214047720122
1.0464838023978662,1.0991677048072501,1.0899007935992224,1.0900286967997899,1.089804180456736
0.934372374380362,1.0365714431934978,1.0104271394307336,1.0106815837613583,1.0102480487948993
1.1188071362472922,1.0636915170509764,1.0733772524184961,1.0730664289853589,1.0734200250705164
0.8654207393859594,1.166466620760005,1.1011489665121874,1.0998598340047476,1.102816702488706
1.225428964270284,0.9753961626509481,1.0294044534665365,1.0300069896358115,1.0287147745083918
1.2874318455468516,0.9175467774321132,0.995414822710142,0.9989987161879719,0.9916682887973117
1.0278119752375856,1.065593797136186,1.0580321902965584,1.058153413752121,1.0579463444013322
1.0428743017122821,1.1033261665379015,1.0907480611163325,1.0908555719670316,1.0906518399464549
1.1626526556430472,0.9569160612987486,0.9974696847219349,0.99765879594386,0.9971492810883172
0.9006167005650016,1.0260564147989284,1.0023650720834332,1.0026308108345363,1.0021797800962946
0.9075741287051378,0.9774042056717184,0.9644528031444364,0.9645640598847388,0.9643421697291427
1.060044686340721,0.9767810749909077,0.9926364220142628,0.9925139208633162,0.9927582640462943
1.007953493492557,0.8914735523186502,0.9118177778363927,0.9117091226946686,0.9118717880095006
0.9516059929089881,0.8941662224213831,0.9070337570877112,0.9066016717104097,0.906684626565144
1.164096607132853,0.9429957474862065,0.9905386366909267,0.9904784140826507,0.9902749114083135
0.6189752529229711,1.0236017336812666,0.9350726970218939,0.9308905728424675,0.939311315354557
1.1729585065018768,1.0984723439588302,1.1149257600848794,1.1147707859145422,1.114938516724347
1.156614236979889,1.0502303685930365,1.0641337811631866,1.0637425041164255,1.064340157377955
1.2477215622909772,0.9882875652264586,1.0400844520798171,1.0406793853138463,1.037240238409479
0.7897049538947808,1.0630826711425292,1.0135645397040334,1.013787254432159,1.0141425845666072
0.9003786302720631,0.9541361993517373,0.9443061628620742,0.9446177350112944,0.9441068796004688
1.114493062237368,1.0406738743898043,1.0499093031448123,1.0496648841778995,1.0497831548150773
1.0147514046698989,0.9926283031785965,0.9962842932711802,0.9962336464999975,0.9963227525397763
1.087341691140963,1.0320860640377223,1.0417954708854131,1.0417008422249299,1.0418872295169677
1.04928554375523,0.997428558127028,1.0085829622673408,1.0085255805811055,1.0086010823232
0.7048714662291911,0.9623849902734011,0.8968076299356493,0.896923947246339,0.8972468296493571
1.13171207858055,1.1254134144200896,1.1263437642162,1.1263281016871138,1.126358199521143
1.0582515399237886,1.0098405622388977,1.0183607504325567,1.0182051094204843,1.0185010947574635
1.0154445180107379,1.034359680306915,1.0307132049620253,1.030824533241271,1.0306606824777838
1.016279372590624,1.0284306332326418,1.0261125469672818,1.0261757523082562,1.0260645589953934
0.9713714900910956,0.9412003097089429,0.9469072375136774,0.9467547042068165,0.9468082211347582
1.0747832546301042,1.0348729179382996,1.0420936091989181,1.0419366670249508,1.0420873802473523
1.0440289319459006,0.8873583754439629,0.9109039295390158,0.91125244753532,0.9104166395460399
0.8690814927792305,1.0279560139832102,1.0008869623929229,1.0011761166718636,1.0009227004327665
0.9765361960691984,0.976615690857704,0.9766040143798851,0.9766041948451811,0.976603838007157
0.9812422097040676,0.854098969945649,0.8728269443767132,0.8726016289100815,0.8729608605851708
1.1677405568699872,0.9236030534880535,0.9612292281222632,0.9606640735191434,0.9596387858784097
0.8609825960765132,0.9003073804724584,0.8922316506816936,0.8923122976434024,0.8921543051917794
1.1548490411671155,0.9664407455540984,1.0110731389054972,1.0108084288275834,1.0112352387561976
0.8722563234752083,1.0854712153818198,1.0537305771360235,1.0559484908808847,1.055513989899284
0.9949133414848262,0.9712461273401707,0.9754446688652569,0.9753825538449699,0.9754754738167595
0.9229471610186019,1.0273577207850908,1.006829948389472,1.0069679953175585,1.007020249529891
1.011906738443306,0.9673954160755365,0.9752831026429658,0.9752021216507728,0.975361237913807
0.7183075941626625,0.9708886226749278,0.9100346340348205,0.9096890454156161,0.9107933499127435
1.1963587589250821,1.0042516548766087,1.0432793093391246,1.0438035747074237,1.0425927769588563
1.158704330214799,0.976645436482845,1.0143103490402914,1.0143725847037925,1.014137627771102
0.9911971118180276,1.0474116147745332,1.0381130846759956,1.038275824220663,1.0382742231409843
0.9620197521407137,0.8250696782953585,0.8404929274450027,0.8404118370968469,0.8405721522102746
1.165916254336492,1.037442110543346,1.0590313149371577,1.0589069827366462,1.0591500497617736
1.1795780942518344,0.9835725557517645,1.0346225846872341,1.0338625423761998,1.0346062517917767
0.8218958392784375,0.940175529506746,0.9164496988524572,0.916417682415672,0.9165079729103044
0.9545759634614721,1.0204310516855113,1.0108807027801214,1.0110016825610413,1.0110670692230215
1.3841250269680065,0.9100885221433738,1.0109540122968965,1.0183543952818113,1.0032003880223126
1.0620131768575687,0.8600126744669756,0.8949507288443598,0.8950320700026043,0.8947030915116627
1.120294337846931,1.0816377494391465,1.0876559442845954,1.0875519465585295,1.0877536659597333
1.0030101673207297,0.8503724938340704,0.8829036973898992,0.8828752818503519,0.8829294838470223
1.1716625093020092,1.0245311769945007,1.0591794295976829,1.0596311376251808,1.0581965331322443
0.9476836674903101,1.0404377815969446,1.023295876989014,1.0233677972779003,1.0234859657974957
1.1670447610679278,1.0135700065171622,1.0388234810243984,1.0381804146777007,1.0389657227689733
0.9144127752812417,0.8590803879265209,0.8679466932668638,0.8678202169137708,0.8680549523305257
1.087455009284033,0.9960051800801747,1.0131954193613681,1.0130287304498788,1.0131929345986022
0.9013127383782245,1.024079791485857,0.9952041503431637,0.9954320980898907,0.9950217944536693
0.9698421198223989,1.0621167895885897,1.0455378180336063,1.045682145704754,1.0454969373176053
0.9352399235002262,0.8850860511934748,0.8930507451552125,0.8928846150993965,0.8931690994795768
0.8779318498978811,1.0692977434363757,1.027778552231963,1.0277817482172034,1.028004167650463
0.9596653607729231,0.9493911406892833,0.9515269282517312,0.9515081615384917,0.9515434881935902
0.9615648715083894,1.0014064343061622,0.9948415776794814,0.9949132263683572,0.9947887897720631
0.9918136979810338,1.0434537373463897,1.0340157336545068,1.034105174517631,1.0339573942336902
1.1369479395948758,0.9549154972359767,0.9880332293208894,0.9880054220262076,0.9880245639781657
0.972767759102376,1.0539749832464675,1.0401942476255028,1.0403257558654169,1.0400633637637167
1.1336000911536661,0.9567477237948551,0.9861948276277249,0.986323845026144,0.9860355713686695
1.1981980054037873,1.067397937991403,1.0887051874114075,1.0882027811117585,1.088719152872005
1.0862704341392313,0.8536252626411329,0.8918869990231298,0.8925599787438824,0.8910783702892975
0.7525880333059517,0.864108920162373,0.8426764101895681,0.8430627876303279,0.8434994604588955
0.7364019271163257,0.9711044817803482,0.9428606875512333,0.9421515027478969,0.9436161208906995
1.1440905620191915,1.0329286922029093,1.0547186009862068,1.0545924124251886,1.0548370858103162
1.0119769874839544,0.9437157390873546,0.9584141621155171,0.9579972822311861,0.9585492876060063
0.7420152774906869,1.0561110939597302,0.9987869098418435,0.99630484790343,1.0013322776101177
1.143392013186612,1.015299299479557,1.0366991758099289,1.0365860587769489,1.0367317894708397
1.0534808159911562,1.0512314185660985,1.0516846242055646,1.0516804849974226,1.0516885688410595
1.268700945443865,1.066039813380567,1.104867791768375,1.1047898550757276,1.1048385078560472
0.9485913318876876,0.967208738520871,0.9638217901575948,0.963846080188822,0.9638188634720748
0.8247950091442928,1.1027076352303626,1.05968957112257,1.0586471450337165,1.0607369916881415
1.096855742784406,1.0774706691272913,1.0812018236718008,1.0811644571697527,1.0812343695641147
1.1757249120535875,1.092997315051364,1.1110093269964187,1.110886090411119,1.1111321954720959
1.1145221687740454,1.1024618978706924,1.1055546825315434,1.1055228989460444,1.1054972287645901
0.9258692635012775,0.9439035820521393,0.9407117083588263,0.9407353985985943,0.9407071225356078
1.0025552462857292,1.1539734334293377,1.1270466778230597,1.1273508370963616,1.1270094600631833
0.9634717773989486,0.9404370140454468,0.943877795737333,0.9438225763729448,0.9439109700399901
1.1745088534716366,1.135592348711091,1.144086276609116,1.1440188462017877,1.1441303602257884
0.8844380584250731,1.0916384394121317,1.0528290432569722,1.052503186730494,1.0534740218851868
0.8066856177958899,1.0008159111001504,0.9655201687884382,0.9653544024024551,0.965710805671242
0.9768683179122679,0.9708921432483446,0.9721725719488257,0.9721603369751439,0.97218476709549
0.9167693405338224,1.0254068064693516,1.0055961764835541,1.0058106551032633,1.005654935463935
0.7962765906237121,0.9590701993726602,0.9296610819753877,0.9296351297680499,0.9297985062350551
0.8072453587748374,1.022045737888532,0.9862453738640587,0.9857606003832748,0.9867362563450934
1.0594627777665595,0.9601927918605713,0.9749947492661869,0.9748519877852884,0.9751370725776576
1.1780789352016616,0.9394201851479654,0.9822445236371369,0.983070226792857,0.9809311827860818
1.0796802197496786,0.9590803453806702,0.9825073828553121,0.9824052907769625,0.9822773572886763
1.0588656532945888,1.083348869626593,1.0791357479972918,1.0791753808111662,1.0791014708456586
0.980103569464067,0.9836663540827555,0.9829972169557286,0.9830073414117052,0.9829929404880562
1.14322072148333,0.9270225453343128,0.9659206173393482,0.9656327784392694,0.9630384201239796
1.025262211264828,1.0297085619401736,1.028840735051717,1.0288513945817455,1.0288321742008766
0.8057359415403281,1.0210112805180622,0.976689922613512,0.9762634646592991,0.978263373943977
0.8850494369507594,0.9906825046075128,0.9721910325425596,0.9723148841138076,0.9720673577493625
0.8464724936102447,0.9374855433822666,0.9201159908681832,0.9203086854984285,0.9200661934738424
1.132247388860843,1.0360531239481177,1.054513987167555,1.0544193822441794,1.054604514583896
1.1100165071718247,1.0394161912358146,1.0561175516010493,1.0559382661443997,1.0562779052381697
0.9078680394674947,1.016075572616906,0.9958498789953629,0.9961616386567693,0.9956792880330291
0.8979623385471714,1.1456691848456548,1.0865705240360903,1.0860022001464267,1.0873600912127286
0.8249340519971641,1.0338835099172914,0.992091790099436,0.9920657799352973,0.9928138461307059
1.0365762373639413,1.082566612616368,1.0747793204499636,1.0750424589220462,1.0746871320807676
1.0982960853850772,0.9571650007278016,0.9859818703474063,0.9855290477247158,0.9860169391206626
0.9466107042479698,0.8984868119196139,0.9066742696167976,0.9064646772021597,0.9067751821710328
0.9771584693118487,0.9644261286906575,0.9671795535626341,0.9671064060869081,0.9672045495056376
0.9705847685133769,1.106949528601708,1.0835305191877016,1.0834836912311965,1.0837376795039502
0.9951275208463982,1.0998754733761396,1.0834775407718626,1.0836288978540254,1.0833447668608893
1.0154087140005692,1.0260504043823928,1.02403979083106,1.0241181943649276,1.024139685438788
1.1866751786169165,1.0858868955911785,1.102316456021574,1.1020369887282495,1.1022542656951948
0.9537301155287837,0.9842010636748665,0.979181669545,0.9792565152297644,0.9791093987396827
1.0720666496401496,1.0033999002077374,1.0128502510631543,1.012582820929188,1.0130323755250892
0.8731875249543009,1.015881389306879,0.9919748270442619,0.9922185756487919,0.9921957218153448
1.127756601499819,0.9751797296783732,1.0007569675175036,1.0007479294932131,1.0007613455396118
0.8152676432153328,0.926195106371791,0.9108702679336314,0.9110820453561697,0.9107489283736634
0.8123548840422947,0.9935570273641532,0.9611314771196255,0.9608606334488756,0.9616123163609025
1.0467108582064908,1.0032424572995982,1.012931179992345,1.0128441013116403,1.0130135879671505
0.9793861448664692,1.1494180997814056,1.1177937141751224,1.1179090977082127,1.1178028044757908
1.078390127728258,0.906818878163715,0.9389532815737321,0.938846693301967,0.9389062235483954
1.160042319226054,1.0633311737554916,1.0834324572739205,1.083299104398637,1.083402372297903
0.8966236126598198,0.9764236400874494,0.9615325110217199,0.9617019910415316,0.9614094309966067
0.9457444310397329,0.9014998481347369,0.911425649448416,0.9112304553541882,0.9114782364868017
1.0718321211149873,0.9751526346121997,0.9950288083407639,0.9949094013941634,0.9951477551799014
0.9198332118504001,0.9481216645790383,0.9413281180448638,0.9413815123768403,0.9412751288477531
0.8925705631719694,0.9809207881003157,0.9655232402940707,0.9656556316369974,0.9658446315717605
1.0370517296565536,0.9977030293095863,1.0050022729690136,1.0049088939070616,1.005076947124016
1.0447493830203816,1.1034713573115253,1.0916405616375837,1.091772159325053,1.091533396864191
1.137711019560984,0.9358909832850303,0.9834306854108299,0.9826353662035318,0.9825948527548434
0.9360366692174719,0.9849652408981421,0.978110069406168,0.97825601865572,0.9780274267738553
1.0757309460228885,1.02701052673262,1.0349421561030334,1.034874968739849,1.034998440799833
1.1267187655922426,0.9992436692834638,1.0245888136799233,1.024327069233886,1.0247971213214175
0.95005272759566,1.0720403815699444,1.0471920758092792,1.0473759389445352,1.0470700176828287
1.1199375225039532,0.9903493814353403,1.0132235521274637,1.0127639523773742,1.0133473682379348
0.6311481114621389,1.0946120474363974,0.989569563578187,0.9815438286420559,0.9979610142179705
0.7606574014527879,0.961293125199375,0.9163053588877319,0.9164864634894803,0.9177832574265734
0.9736002210810702,0.8300988866790299,0.8516201166003334,0.8514381378071961,0.8517014702361938
0.9171641209872573,0.9296081234852736,0.9273079872391097,0.9273390780900845,0.9272839556459644
1.0115154257155383,1.0646548415546988,1.0547318816413918,1.054822739162548,1.0546826767471629
0.9645239417953807,0.9617317838903374,0.9622420385510095,0.9622363015203143,0.9622477605625135
1.012310579657922,0.9122909332858424,0.9308920878051852,0.930766109296706,0.9310170778242153
0.9313210153387459,0.9435173605941642,0.9416472970461078,0.9417090554245446,0.9416068826651616
0.7575825208602575,0.8670564396217715,0.8473930194709053,0.8478370922801584,0.8470520527648548
1.0336821206034505,1.0109425386659008,1.0148381665762893,1.0147921529698143,1.014884055898237
0.7222373380750589,0.921960307270564,0.8834966802421825,0.8843421399077335,0.8848499133391677
0.8284024824370163,1.0470596333382307,1.00617872515746,1.0054769255267384,1.0072126148308551
1.0767018666058061,1.0109028559218234,1.0205522722205402,1.0203863187827862,1.020645202127224
0.7090409734484648,0.9847954404093959,0.9137347551580799,0.9127167289683009,0.9149444330981649
0.39442219321690886,0.9476506014536874,0.8515340673481829,0.8434135154414825,0.8677726132444159
0.9572398245639931,1.0340294761373978,1.0236086748072537,1.0237240328281387,1.0234965044013316
1.0921573492282572,0.9290884297222107,0.962712518524851,0.9625023072838923,0.9622384544655291
1.0093250323207446,1.0836986237783346,1.0693859159346408,1.0694742028311839,1.0693284597792976
0.9295660348309512,1.1253416446017452,1.07618284445657,1.0762417952374583,1.0767519675631736
1.0738678586676296,1.0509450826984912,1.0566212832963802,1.0566192446007647,1.0565665479184831
0.8349925073169555,1.0507832024966288,1.003803534705176,1.0034327988480667,1.0042239732714133
0.9961086035248747,0.8847575654070016,0.910597269706318,0.9106271096773197,0.9104389462476133
1.0136667854270325,0.9609978897532621,0.9709062840880828,0.9706511318743986,0.970997889368732
0.9731238413340176,1.1558930965777772,1.1161757183222305,1.1160294770749302,1.116334873985455
0.9402398021347637,0.9797781260430143,0.9715747126041183,0.9716185054793827,0.9715375521418447
1.0875538296135348,0.9468676044032772,0.9742660721311579,0.9738589848910021,0.9744665083915381
0.7999395286858934,0.9633744804228361,0.9279060777353526,0.9279432139331224,0.9278694675895203
0.5918665945742545,1.038784844195946,0.9433483749295424,0.9372488532867236,0.9512296918142426
1.070490003111028,0.9354466809603758,0.9633172395512622,0.9632380575044919,0.9633839714853005
1.033103304895558,0.8756409978845713,0.9133429187106253,0.9131966130393304,0.9131248607628247
0.8833181000728758,1.0914613007446254,1.0594423953444638,1.0591272002839114,1.0597981828582896
1.2410464959064909,0.9438174043377965,0.9982807457278736,0.9995038365617925,0.9968285929879432
0.8290452569104556,1.0671625924216932,1.0324460766516863,1.0320210758447605,1.0330711811708775
0.9300493342354448,0.949536886961372,0.9458070198571672,0.9459192888311933,0.9457458781249425
1.0920587646347384,1.0455992721923637,1.056288282590323,1.0558523097822254,1.0564337891898479
1.0469107673324713,0.8476830225514257,0.8895312792842497,0.8900659653920889,0.8889001114741957
1.0208871875206202,0.890000212961727,0.9211135993696767,0.9210502741033965,0.9211742423721501
0.880427599976381,1.028451749308883,1.004646193152652,1.0049411319442692,1.004747815392872
0.8781374270303413,1.039909574750397,1.0089354455173614,1.0090240871672955,1.0090457612319346
0.9269493688421838,1.0291054995458242,1.009835037743268,1.0098982225986168,1.0097992289742612
1.055498946778751,0.9655782734222061,0.9831921750102599,0.9829943634125972,0.9832797834373784
1.0786565580958838,1.1316831940671754,1.1208858949477667,1.120961718246336,1.1209193489888833
1.0584732067828722,1.1585629583389587,1.1411380746995037,1.141017806433606,1.1414015246482112
0.9821179677798664,0.9250870506123167,0.9357373412257888,0.9355756501612755,0.9358889194476232
0.9670470559735797,1.0313195954738532,1.0203317263419003,1.0204876785210049,1.0202036224888504
0.9642098067806169,0.9203029036017246,0.9288756331674778,0.9284726250539156,0.9289012204618736
1.0113276202985653,0.8920475942362021,0.919100500639475,0.9186501603563878,0.9192489646427292
1.1587839252908823,1.1003434347649927,1.109939656068067,1.1098652287480766,1.1099998721200521
1.0246447253084299,0.9774016513143846,0.9844559367743168,0.9841726522996179,0.9843371626741275
0.9276493922740288,0.9083952277419785,0.9126279273548918,0.9125918660948196,0.912662846502411
0.9030097413511333,1.049659645070866,1.0195739574908764,1.0201322800826689,1.0194192049178958
1.1104836378803107,1.0229497133232415,1.0350323061836868,1.0349037173904263,1.0351604006293402
1.3362405324480955,0.950727155330877,1.012465198930339,1.0166505614985013,1.0077104396508303
0.8132493981455221,0.8751453701253193,0.8615567191670297,0.8617025649854135,0.8614402636741999
0.8639456470433904,1.0020138690494371,0.9818790304514684,0.982301707071362,0.9816484604433109
1.0355098698516996,1.0662985147503194,1.0606493355038713,1.0607557078714156,1.0605765785210346
1.0438210476231486,0.9962734782542599,1.006521436440363,1.0064162997054376,1.0066100514548948
0.8235714965758288,1.0546952392477547,1.0104431370259106,1.0098616025120597,1.0110266860130583
0.7693106895898661,0.9622812388555501,0.9223087547158527,0.9221226493248147,0.9225469979588907
1.1367486090878072,0.9857943207706426,1.018304410861143,1.018206706649177,1.0183934068527147
1.0445195855693161,0.9681305290398015,0.9809629330801891,0.9808270471338069,0.981097495880857
0.7840443473473033,1.0129614138873524,0.9666717589862565,0.9662671553164186,0.9671745694331062
1.1634855089615777,1.1105303701193743,1.1200765535383035,1.1200230786208794,1.1201135604347359
0.625442559514515,1.0292141748161832,0.926402722262234,0.9218106717172061,0.9310668867435481
0.7833900469341593,0.8975300387238521,0.8779693591130743,0.8782567168733714,0.877738926491439
1.0481311279822354,0.9895312869672955,0.9998443381844264,0.9997430830590845,0.9999404458856721
1.172369294768916,0.8735237045259832,0.9364511522728075,0.9379727096059539,0.9349170062812937
1.2212279196693607,1.0699072782444812,1.1006073595597006,1.0999117524158182,1.1007105301427371
1.012933689669159,1.0536904650854062,1.046215903999879,1.0465156249877294,1.0461059086317968
0.9984926611776809,0.901381434214858,0.9203783334335432,0.9203204454707946,0.9203831622201568
0.9575837060316518,1.0502127014295817,1.0346668256699043,1.0349076778055615,1.034566598478153
0.9083499691787776,1.0516033486878849,1.0199103433292744,1.020052276712998,1.0201732714785439
0.852573060674569,0.9500808372486403,0.9303937616015796,0.930583999981101,0.9302214681192793
1.2461607664499996,1.015952268990365,1.0610700177641814,1.0614280762315969,1.0606672524055623
0.8385683093003174,0.9819547901870413,0.9526498103904197,0.9526662773507514,0.9526843914737024
1.15795510910533,1.0668799456020042,1.0840255519496673,1.083791883989288,1.0841597495708069
0.9857917091705298,1.0262650584740776,1.0190389285588852,1.0190817525303042,1.019194774236829
0.873078991763672,1.0181829279402088,0.9937401561279383,0.9939961531530374,0.9939543230375874
0.8966427958791439,1.1005626404758022,1.0673951238489825,1.0670686860439516,1.0681775509661309
0.7929968738380893,0.911886136031872,0.8872090319005161,0.8873601336377025,0.8870638464987589
1.1429648418849403,1.1476207378653687,1.1467201445937274,1.1467274221020478,1.1467132228175445
0.9455528221845129,1.0535441476674148,1.0364775664487103,1.0366181855083132,1.0363381397263336
1.2692559732699644,1.0245383885744228,1.086293280093672,1.0868670617128648,1.0857071580132953
0.9032210280825651,0.9801534490755269,0.9650608039301868,0.965180006321001,0.9649418358130329
1.0893748494029756,1.0994084858000548,1.097200699032836,1.0972359070574846,1.0971806446307069
0.8179129601155876,1.0428634257119405,1.0081461159782599,1.0082602555695819,1.0084206813456116
0.9712989848784919,0.9850482886665131,0.982259464001775,0.9823500038640433,0.9822014267903157
0.9253780122629132,1.1306989173432953,1.097289865448414,1.096992096735074,1.0977537624624099
0.9222127567344057,0.9470584212673596,0.944778411532527,0.9448359555879454,0.9447226202226806
1.0423146743596197,0.9271507145409832,0.9506930835430989,0.9505674127176122,0.9508095209701544
0.9154676659702801,1.0359056053151197,1.0168994420973396,1.0171684617721435,1.017274443332572
0.978542947454236,1.0074201466070867,1.0014164271838817,1.0014362964023948,1.001501444889021
0.8410027604041328,1.1426859257419089,1.0945961053438107,1.0930142660973172,1.0965451341984438
1.3773813750811765,1.1138239647665678,1.174020803261714,1.1747086284727277,1.1731122969329113
1.3181692429905911,1.0145474297751675,1.0452304328877031,1.0471613430377549,1.0432483035875468
0.7335490847878241,0.9812784634351976,0.9424620292775513,0.9420236236271293,0.9434559671726208
0.9835344161276491,1.0540366027435764,1.04070569100667,1.0408817211345514,1.04058671640963
0.8848827981488515,0.8716117435807496,0.8745782204099967,0.8745525020091456,0.8746038271226675
1.0442741894096266,0.9873399404643445,0.9957813736837399,0.9956923916532481,0.9952377993729223
1.090815888593331,0.930581548643485,0.9561723595149759,0.9561576656741303,0.9561007887669146
1.233994756045603,0.8697965747836679,0.9581985570245626,0.9603573744711972,0.9556502860513415
1.0543150275101596,1.0643273657305197,1.062396623605404,1.062418518771606,1.0623764341332795
0.9320495113800037,1.0286071590741572,1.0073044284710684,1.007607354835108,1.007202679493177
1.0229414826080472,0.8984875243881352,0.9226404535418583,0.9223837357786069,0.9224546724047067
1.1193679687007947,0.9751934826995952,0.994820522568477,0.9944713116411251,0.9948959979229576
1.0647051268159873,0.9593211965558948,0.9828039011619603,0.9825381352074603,0.9829363044364682
0.9455675178889763,1.0292244039592793,1.0166190857433601,1.0167584561475218,1.0165138065886263
1.0405229480915088,1.009144457216866,1.0144304515559879,1.014349933956513,1.0144109757885515
0.9349240970255895,1.040778076820675,1.0174066645734836,1.0175545031889306,1.0172684578163687
0.8951500131411007,1.0472374858862203,1.0195010133028881,1.0194848547240851,1.0196724510731692
0.7987378117669031,1.0041713642783001,0.9735387570258096,0.9733598307271898,0.9737664285860216
1.075816807963266,1.0219043862632455,1.0308141122714516,1.0306068678180056,1.0309746175969932
1.2128859721091434,1.035181908278658,1.0704067439544915,1.0703035841955861,1.0698469420401944
0.8528859521961853,1.0268501829642138,1.000441205897836,1.0003431101201856,1.000547929248794
1.0590357358893885,1.0733992811348188,1.070579885370491,1.0706052000833712,1.0705556902128355
0.7971316231461172,1.06466091783669,1.0205495620617915,1.0193455159538036,1.0217604011232555
1.2558050507449854,1.0087176702770342,1.0528854420125446,1.0531855437194788,1.051675130961506
1.472694651419464,1.0565908257640018,1.145063256286128,1.1495018011436062,1.140063814904235
0.992894531849264,1.0341658670133111,1.025204446354595,1.0253736083790617,1.0251334609201148
1.132062802771604,1.0695072370700904,1.0821073199422655,1.0820006964314373,1.0819359727602667
0.9242662629590377,0.8928560983332448,0.8980910762383857,0.8980081305354778,0.8980508860028709
0.9781085969347318,1.030851560691898,1.0193750520522258,1.019503171341986,1.0192712001080904
0.901152929343742,0.9036942402470352,0.9031487347824289,0.9031654140920906,0.9031431259348242
0.8601720587241288,0.9544621837191688,0.9379827943870772,0.9383504722876627,0.937835140200173
0.9493878280282327,1.0128055464301664,1.0012947179217213,1.001433137367464,1.001188266955125
0.868376792885042,0.9470339442151794,0.9294687951899194,0.9297953593503432,0.9293681840197787
1.1554370400957825,1.0088298807668754,1.0382676158807889,1.0383060903108527,1.037508418974963
1.0655770813735799,0.9560163128687604,0.9777191689160974,0.9774599923779799,0.9776771946656175
0.9349899714304081,0.9461938672684941,0.9439094431646624,0.9439631237183485,0.9438816729158555
1.162393334560434,0.9657138947153927,0.9953578136881768,0.9948006560982174,0.9951742527870253
1.0911560060933836,1.069014553206588,1.0721068245764076,1.07205699121014,1.0721561951794982
1.3128076649028513,0.9326474017332103,1.017513524817557,1.0202223995542339,1.014435979526263
0.9276417335315241,1.0655177521884187,1.0393365881187033,1.0402501721767468,1.0392699376350638
1.0874031764381842,1.0377637724080178,1.0462841601682284,1.0461891206345606,1.046378925218315
0.9831126103059009,1.0152095526681433,1.0093991648227496,1.0094721613203272,1.0093333529175281
0.9941780103985949,1.0100481967481436,1.0076422852265847,1.0076817784304564,1.0076189740984687
0.9746808131968255,1.1258854738665705,1.0948375740487655,1.0952193708469433,1.0945911874813852
1.0961442470932672,0.96766334319504,0.9929066618905291,0.9925606642772119,0.9929601382564263
0.9509695118221856,1.0603307556019013,1.037801238708597,1.037807498751555,1.0378623844505261
1.091523344046687,1.085887266830857,1.0867699392079848,1.0867591088229542,1.0867805145453047
0.8013621833812247,0.9618111247594848,0.92978812688582,0.9296487513989724,0.929980202502977
0.9847217750562949,0.9364254296680726,0.9453789035768336,0.9452345574836729,0.9455095320970988
0.8056737222739099,1.1732690065166933,1.0905876702340893,1.0885870676759226,1.0937961266316265
1.1385048117477559,0.9804789888684444,1.0129481396667297,1.0128013450736335,1.0130121793416598
1.1884952673412468,1.057938248559685,1.0848163816835013,1.0847509042957464,1.0847492809448964
0.963903366625228,1.1143557740655055,1.0925928479708586,1.0925970611458296,1.0927293825883446
0.9190025586303651,1.0364406787622678,1.0097432020222994,1.0097829947192019,1.009711043630381
0.9373430798162832,1.0202103883324556,1.0067788061320417,1.0069201365041318,1.0066557856585094
1.0077476925212483,1.0216992234675792,1.0193204770093713,1.0193462809934282,1.0192949816849777
0.9713495969846021,0.8746461915094385,0.8921123628332714,0.8921350605045361,0.8920315823072058
0.8903150146771868,1.0362399550000037,1.010443519009087,1.010525010719117,1.0104485575029583
1.0075553537763846,0.8910349727238405,0.9136697673484626,0.9134640036871144,0.9137425848442565
0.8789391003954226,1.0071842313284909,0.990455644385708,0.990929240481511,0.9902975011689145
0.8976737271449042,1.0925750865967825,1.057592292410272,1.0570022130349024,1.0585454790108402
0.845545765669474,1.0058288178427706,0.9802705992060703,0.9801736974852308,0.9805390622263139
1.1321058664600239,1.072413935078419,1.0838513483967727,1.0837488519342313,1.0839454981389214
1.2190119925768463,1.027444627077556,1.0672604745710985,1.0673778713104083,1.0671380203613139
0.9983708303115063,0.8838167452610014,0.9046836834964138,0.9045645118713804,0.9044776743523018
0.8248666367579042,1.0005136049078382,0.9688370132272859,0.9689701112862125,0.968806963624876
0.998916544990589,1.1228453462351504,1.1040323408093573,1.1044959096857592,1.1042096220971298
0.8486528598487889,1.0964587870418931,1.0518855512261165,1.0517364023518478,1.0524610965588335
1.0980188262528188,1.034499959332102,1.0475701913678745,1.0474194789113036,1.0477081633680405
0.949887149134576,0.9191180160107599,0.9249363290118561,0.9248885499129988,0.9249738433408501
1.1217317828804754,0.8905427805933018,0.9384431678985652,0.9379201833933001,0.9380906798506192
1.2065099848839358,0.964084394023738,1.0100927184566753,1.0100197774385125,1.0088932944672286
1.013307471434805,0.9859317507006458,0.9913239257104044,0.9912690313058918,0.9913785180064552
0.8713297594992611,0.9383141160966288,0.9285663397198186,0.9293397595379326,0.928189019683207
1.052934215780014,1.0217855568546397,1.0274631313525828,1.0273859791880686,1.0274692432745085
1.241582517592342,0.9160123493684805,0.9772865202865183,0.9772605516678583,0.9754064489656553
0.7989602046564571,0.9638054546101518,0.9402694881919593,0.9402553265136309,0.9403209088989776
1.0884986719556222,0.9782645475510877,1.0036532238246902,1.0033206370731864,1.0038795613071554
1.0333621397341533,1.007307598027416,1.012556077273176,1.0124555164385858,1.0126179132309803
1.1256378121654125,1.020146853057457,1.0437030571721098,1.0435209630115723,1.0437961216057685
1.186367842333826,0.9319076862112974,0.9888497988160333,0.9896357754135408,0.9855693315955791
0.9493990968399948,1.0442512901561414,1.023399887550051,1.0235798914543464,1.0234045085610028
0.8204993745444591,0.9848339720159016,0.9584180694913212,0.9583782734497512,0.9584587992120561
1.5189583624359677,0.9525265964166891,1.0807804278745279,1.0961576294712656,1.064809954155804
0.9276617015922329,1.0678239713987319,1.036762374263093,1.036941905415103,1.0366826829102809
1.179567045039323,1.0328999380061736,1.0537850504556507,1.0538159369173539,1.0537222315438082
0.9020856837630836,1.120060556517225,1.084889771011798,1.084607600144737,1.0858671385671732
1.1621537709391188,0.9175143962325365,0.9669615213517871,0.967369066824902,0.9661749161241171
1.016725662088601,1.0563073128527738,1.0497023200234576,1.049805449464792,1.0496310436608298
1.1754668512153825,1.0280769750524716,1.0544904659919947,1.054226166271505,1.0546028240139536
0.6222368266808802,1.1222724142116076,1.0215794243457632,1.0133989631944218,1.0299403457722487
1.0154762710303582,0.921972327641126,0.9374395798721078,0.9373444965105595,0.9374041153160974
1.1325405399968873,1.0324742771872986,1.0523242058188158,1.0522353328692398,1.052412965594577
0.9249623426414072,1.0337564458975268,1.0156932078663248,1.0158170070682733,1.015569582491569
0.8737262090437375,1.022086752127734,0.9912355987945611,0.9915521538740782,0.9915121455516014
0.604713015855526,0.9312296211463416,0.8709423952889292,0.8692158797186567,0.8732965152367183
0.6545665112587772,1.1140949680289305,1.0230618063707582,1.017378393949384,1.02998420915072
0.679505085549365,0.9666657667389524,0.9051387085073499,0.9035985767427527,0.9071220555055095
0.9516691079000181,1.101407049836067,1.074798936144332,1.074726167912572,1.0749271748903555
1.29292402400357,1.0260101176029401,1.0738678968599504,1.0749402828734982,1.072713941576617
0.9667352487731949,1.1120813393537907,1.0842305806449555,1.0842926728031574,1.0841685266189536
0.8872821221569388,0.9802058297086489,0.9609041551170537,0.9612797561992777,0.9606472858289697
1.2177835441393812,0.9520887397409517,1.0059485950011935,1.0073444074941729,1.0043499276602668
1.027092008523999,1.0358961123454247,1.0343216901004388,1.0343563402049332,1.0343018306776302
0.6984802459295816,0.9937000703025065,0.9427411199273984,0.9420833662133549,0.9437951277278142
1.157381925041799,0.890868395264975,0.9341803196428049,0.9353805526780616,0.9329409652773855
1.0366813156896402,1.0833031930706156,1.072766420415549,1.0729503804156777,1.0726819368581846
1.1777290404508656,1.0086522305718673,1.0384132598946467,1.0386721228666318,1.0372953043611384
1.11308891736294,1.0043694140093085,1.021291738061603,1.021175810024782,1.021407479718735
1.2551453061737479,0.9103794621745561,0.9698022012921065,0.9724620010628776,0.966655669719215
0.8363340689524613,0.9760062209979693,0.9492941590273771,0.9493346141829575,0.9492539628886094
1.201859056647297,1.0140774792317426,1.0575858545891563,1.057717153236298,1.0573923734968236
0.866153424948086,0.9619399739014648,0.9435013787897462,0.9436053584065899,0.9434347617707748
0.651605148538784,1.01883332340095,0.9614036001477807,0.9585696995075358,0.9662480809731846
0.8507099277269489,1.0118654357070767,0.9811701591386859,0.9810411052853447,0.9816168402938004
0.9561678006932529,1.0182145566784122,1.0074380068143232,1.0075557814346325,1.0073404093094251
0.8246623547754721,1.0336325279826746,1.0035749530810818,1.0034230568537197,1.003854091441358
0.9537205612802396,0.9481558720656638,0.949150839420309,0.9491569165574198,0.949114693964739
1.0274687400417528,0.956853380354024,0.966093802281872,0.9659032707343049,0.9662165723991549
0.8784497089866803,0.9562405852074978,0.9393933638015466,0.9398258535278328,0.9391707240408744
0.9397526456733888,1.079814070601726,1.0512612371137726,1.051158165483104,1.0516842905949875
0.8257381297475219,1.0273091263566534,0.9866794668460246,0.9872048225133839,0.9867284435478044
1.4174115554140918,0.9883653707175994,1.0757747979242653,1.0802917928315046,1.0710324669022437
1.078521712284318,1.0071600980746598,1.0207757657288337,1.0206580651755157,1.0208932261051353
0.8936317552170088,1.057544389479395,1.0306860229936337,1.0309296482335433,1.0311364741072526
1.1963417296374135,1.0569199186159737,1.0824786951603973,1.082239744768282,1.0818572634390835
0.949424649764446,1.0258670256255886,1.0094347713498135,1.0095458920283897,1.0093238717269166
1.0766605305646189,1.0565008318031444,1.0607265064293994,1.0606808558088232,1.0607539644396389
1.0301945674716648,1.0231201382206634,1.023998495060895,1.023974556708368,1.0240131268208246
0.8171005633876858,0.8746679260641922,0.8651059430513153,0.8652545375242177,0.8650585820713709
1.074884540219214,0.9275687075038825,0.9581867646470561,0.9580665291322179,0.9582881260131367
0.8376080644605164,1.0336708973711772,0.9973700964556449,0.9972219606282635,0.9975501454485587
1.155226389134273,1.0140425258836865,1.0410279361637806,1.040983594019467,1.0410686866893002
0.9386085851427853,1.0268592488499442,1.0056454570604665,1.0057944884067127,1.0055389168584543
0.9188681651580798,0.9689411130672161,0.9596942118258982,0.9599088822566674,0.9595973138983434
0.9961866728257369,1.0108310567562415,1.00811181255709,1.0081405528237093,1.0080832331540577
0.9102074256479353,1.0017495086761659,0.9861237085208615,0.9862287192098571,0.9861018025500087
1.23547739765741,0.9486326038996923,1.0127669336330565,1.0129611843888053,1.0111807839860063
0.8873661625253964,1.1320419045661387,1.0838491074224055,1.0831511687074435,1.0847188715282292
1.0569797253547326,1.0649129044435215,1.063418816442048,1.0634620765354243,1.0634322428612362
1.2988595438255957,1.013405367147083,1.069231328592689,1.0693313613744455,1.067662701577659
1.0424365183619169,1.01794854537383,1.0229998130928422,1.022893110931621,1.0230595557985505
0.796345252611787,1.0979522874818297,1.0325909217394198,1.031032160855749,1.035189611240372
1.0108487983309893,0.9373796265426897,0.9541817171297253,0.9538907495522503,0.9542282445362673
0.92390122738496,0.934192141111748,0.9323542043538948,0.9323666552801528,0.9323476858985886
0.7503692883198381,1.040055977568578,0.9784938332631572,0.9779525150318751,0.9812712348316686
1.1254243467758405,1.0694156603481002,1.0800905796215183,1.079941980058044,1.0802348198416167
1.0217523792682353,0.909633510911938,0.9308411753032031,0.930657037383818,0.9310001338000827
1.0827536443705674,0.9876719966819286,1.0035812470983245,1.003221398636441,1.003636671732182
0.8206838540253021,0.9794324764678742,0.9503196737433373,0.9503168742465598,0.9503242508682791
0.833570493813087,1.031513667033376,0.9946117199273301,0.9943586240722202,0.9950027367485447
0.8348516462915696,1.032751110935841,0.9883599104722006,0.9881242287177003,0.9885967079756308
0.9844150420106704,1.050993081411002,1.0408914855833733,1.041232622780073,1.0409187141346417
0.962581504109952,1.0740585121694957,1.0496029606027055,1.0496849029672903,1.049522525947073
0.9774076752123335,1.1109824419581456,1.0933449347609914,1.093557571113349,1.0936807373992052
1.0380301693036427,0.9365251042131872,0.957764458197571,0.9576670539810035,0.957849911226208
1.1414895310081565,1.0231029593685341,1.0397112060947498,1.039492796613683,1.039843270036196
0.6343365145513764,1.094330373620933,0.9878976202108494,0.9820964975924332,0.993884874441771
1.0310429707300093,0.9877164096356242,0.9947750070213912,0.994549595721852,0.994898106423911
0.7967460573424324,1.1522192027355034,1.0847824378079047,1.082934877120331,1.0916405108276812
1.0099850385443798,0.9655697341048297,0.9758273566418197,0.9757941082976311,0.9758141547642891
1.1837762873925137,0.9172952378316992,0.9661811150125024,0.9669624389850806,0.9646932776393096
1.0290565344254194,1.087767044455963,1.0749852230998111,1.0751043879948465,1.0749362617774556
0.859006527989093,1.0560130852833927,1.0240497685265002,1.0238137068643345,1.0245808722525278
0.8763226825895656,1.0228236654198408,0.9945857506372469,0.9945205277816148,0.9949847824610103
1.038954866142165,0.9444811218347176,0.9613661244718745,0.9607008896983495,0.961018195347647
1.025662567587875,1.0493618707445695,1.0456234068180528,1.0457124171447492,1.0455585694487164
1.0665351359171877,1.1213613576443358,1.113330900667981,1.1133902186882223,1.1133059817054658
0.9741311202254195,0.9623003487875058,0.9645483100683744,0.9645128081115023,0.9645749266528576
0.8892256841997321,1.0870331593020672,1.0488276704277788,1.0492120378938246,1.0490058653466396
1.0909347860650294,0.9399669837668413,0.9685346228669997,0.9685355884004505,0.9685283412802014
1.1815984668521444,0.9241308835430903,0.9860270463551752,0.9868486303823506,0.9846703584817501
0.8588693437837626,0.88828855653335,0.8836008637169416,0.8836785327283203,0.8835318685678328
1.1380853097893309,0.9814767016626358,1.0236270581567841,1.0235328293087314,1.0236468716170681
0.9407110724641001,0.9983649473942767,0.9883505177797102,0.9884509758523896,0.9882861855430721
0.8912076488020644,1.0595564503882096,1.0295823663663544,1.0294590121061686,1.029722477760219
0.7840278806422945,0.9594263599129287,0.921250209752469,0.9212278256798417,0.9214105951820711
0.8434684967499175,1.0535397405357791,1.0044576718663545,1.0038864754189385,1.005302023619671
0.9975180825335415,1.0772250258379175,1.0604162707689915,1.0605497455019395,1.0602926873769665
1.0510153826644852,1.0709670626004018,1.0663455756807176,1.0664022791574137,1.0662980421861357
1.0463422578143264,0.9915516255204704,1.0011309453336144,1.0010639404924353,1.001110685786239
1.0691295410880242,1.0636832613523566,1.0648854997025579,1.0648690956977338,1.0648961439886664
0.8448230749861654,1.0405091139501517,1.0016941934031705,1.0015127126803673,1.0019082002554471
0.9689856111690652,0.8549314244276263,0.8798318635597562,0.8797201229571971,0.8799426768433106
0.885726225808655,0.9773379399710261,0.9610929337457486,0.961221340242925,0.9609667295962454
0.8838738065341204,1.1050054071696318,1.0500393012243499,1.049595153708751,1.050509378411994
0.9537767406192541,1.0391382820124069,1.0212563067462734,1.0213964083486569,1.0211693711695964
1.0927755479803394,0.9723640064806628,0.9947723499305055,0.9945106775278146,0.9949136109854475
1.1193276304397477,1.0141992027033113,1.0322415874171618,1.0316222389093217,1.0319084414057906
0.9165309460904014,0.9524945618897709,0.9442095864455524,0.9442897301857615,0.9441835524908988
1.0093982079128174,1.0771452856191375,1.0681787026914185,1.0683847126639818,1.0684212639394404
1.0816436817428396,1.1046079896311576,1.1001739677351592,1.1001592016370878,1.1002298555275316
1.2293519878096697,1.0925262882807798,1.1203707946572496,1.1203031990959078,1.1204374044919811
0.945495140675847,1.0525959942013416,1.0335989846052416,1.0336977849828537,1.0336762383756448
1.1920803487876266,0.97738735436364,1.0166749177251877,1.016730220331189,1.0163108075122766
0.8849194391944778,1.0664657044831178,1.0314992377210093,1.0318601287594937,1.031444523901889
1.0155344919498286,0.9562235321524881,0.9649406562293229,0.9647215951001082,0.964908512917139
1.293056555400065,1.1371323305891041,1.173640226004516,1.1737111014053538,1.1735692047927004
1.1862245853832947,1.0603991727425006,1.0830819929433244,1.0832216961457541,1.081620667557333
0.8621577989556147,1.0320361506992626,0.988891758570923,0.9888697027285039,0.9889430549973363
0.820275372388303,0.9596148788063442,0.9287002581670372,0.9287854724142509,0.928827053819234
1.261832678963728,0.978430907350847,1.037809402244298,1.0396761522268028,1.0359185009297571
1.241135985336401,0.951103783732762,1.0182918921201884,1.0193607751743845,1.0167216790189546
0.9103524510224758,1.001894756575351,0.9840156845275363,0.9841795457701017,0.9838619312712282
1.0827271468449229,1.120206603246036,1.111817730671545,1.1119214585982786,1.1117422195255513
0.8734936987611888,0.9863662269510568,0.9563961601050305,0.9566371386835575,0.9568759454118261
1.0678070880030945,1.0448811093925876,1.0501230448713406,1.0500862967067988,1.0501577786118181
1.147771006538704,0.9593928429611944,0.9924595592115562,0.992730433759621,0.9921354313409125
0.9826190951836431,0.9930619565325745,0.9913654866979313,0.9913925699323876,0.9913458886017911
0.9736468922586903,0.9567182863509109,0.9595932838400095,0.959558357163317,0.9595686112273927
1.1962383997985373,0.9840612686079039,1.0210019152289174,1.0214287663250505,1.0205379743319196
0.9622241737451505,1.0097704328877188,0.9985709471133863,0.9988460579957982,0.9985410311543719
1.0126071305377118,0.9956891809554212,0.9992940845528118,0.9992470729301747,0.9993241800973787
0.9813675224324298,1.0293832675935874,1.0199520460122629,1.0201345991032404,1.0198297355136745
0.7924065987360653,1.051365876700984,1.0083782505407792,1.007373398142466,1.0095649545816139
0.8009271017808085,1.0087992128953298,0.9758122051388116,0.9756587936945502,0.9760694292585055
1.1649742530556533,1.0577465908627013,1.0836765577874867,1.083553680517992,1.0837992427778922
0.8220480132875597,0.9314466637668602,0.9110378500554849,0.9111277068214654,0.9113260315945648
0.7228287545794649,1.0493875545203801,0.9817489261143846,0.9791728103810541,0.9854458264309615
1.3123508413918992,1.052470995266586,1.103587918325439,1.104316682823098,1.1028114152576043
1.0164795350735576,1.0511500160142273,1.0444327479928766,1.0445377627782957,1.044402857967383
1.132444233867225,0.9738937287258757,1.0019039091376445,1.0018443013035687,1.0019387726098072
0.8826568805681778,0.8863193433735631,0.8856168761641725,0.885624335209606,0.8856094358715445
1.128604338798231,1.0534958967084822,1.0721509731009613,1.0719924665419416,1.07197607648562
1.3079531790289807,1.030637475814893,1.0831110488120184,1.0842351527065963,1.0818330284826287
0.9705355727455651,0.9795124288280879,0.9777387403784826,0.9777788600563698,0.9777200227262942
1.0709013067061148,0.9256075007499498,0.9537185327905898,0.9538721993807331,0.9532649626625006
0.9942891199205801,1.0057245800190635,1.0035204335579058,1.003550271611476,1.0035828354258225
1.2525565092372601,0.971478785256354,1.0156425107409672,1.0165090634765823,1.0144519000269576
0.9613487032537372,0.9812202154035127,0.9774380682554283,0.9774848464240774,0.9773966881605025
0.9625999258293523,0.9919820661179741,0.986311715360711,0.9863674419027325,0.9862567152148404
0.8165386875504066,0.9465275162861658,0.9236149443896879,0.923515911334208,0.9241711937014503
0.8616851400338952,1.1131813852058317,1.0701946592134783,1.0694632342686814,1.0710493234040213
1.2582026585685393,0.866258959110151,0.9390272699197255,0.943345947439223,0.934623792430094
0.8705349892923226,0.9502290649217446,0.9337949864563618,0.9339320626193691,0.9336607559576515
1.0275119656758933,1.0355487048111653,1.0339630745931725,1.0339833830539802,1.0339797134817779
0.8346469543225297,1.013839636708099,0.9817881067325324,0.981306515427991,0.9826943321366112
0.9840851794595254,0.8912708638438462,0.9097727453272304,0.909636278050568,0.9098717610436128
0.9812330226519587,1.1284948518519702,1.0938750356702915,1.0942526762223443,1.0937588429318148
0.7722880551288921,0.9622282522405748,0.9298822052803861,0.9297679062085275,0.9300570010632344
0.9612089650832466,0.9639445493091204,0.9635164370020471,0.9635215213162468,0.9635117867916576
0.8633776528227738,1.0338286959298393,0.9957371491249702,0.9956548072885882,0.9961585529003629
0.8045769297355179,0.8731577014843696,0.8602883087197155,0.8604062252310376,0.8601707512618317
0.9997818209244818,0.9963673773848144,0.9969811731847004,0.9969737686332956,0.9969833739949581
0.9105311650188038,0.9231399519074285,0.9205001921626421,0.9205255968157897,0.920474904169361
1.0089527930728457,1.0199042838478114,1.018099180453498,1.0181130776423988,1.0180883349487448
1.154321190044969,0.9745298695390753,1.0124056171602813,1.012556242239454,1.0122502172310108
0.9557427720237683,1.1042876867239595,1.0785687016236787,1.0796528085104942,1.0801449552401912
0.9649305174388957,1.0739365941772205,1.0537932115496413,1.0538819318864747,1.0537202648122521
1.0450097669231173,1.0136754979639542,1.0194055181611255,1.0193614106438877,1.0194436070853463
0.956201689879745,1.0711659956430133,1.0530134042016366,1.0535241852172303,1.0531041781036814
0.9033435764653706,0.9842503963936058,0.9695991317287177,0.9697482451229678,0.9695355564533115
0.9834365663377158,0.8996799641217188,0.9155535590479151,0.9154245660425943,0.9156788165567278
1.0175465425615222,0.9883600236452823,0.9926231396077525,0.9925614719277418,0.9926846377953841
1.077734919051539,0.9178024686087226,0.9424889944205421,0.942286832160871,0.9425302304557074
0.7756148899626156,0.9702046399614273,0.9290018444912969,0.9288010403653812,0.9292390265528616
1.0337753822056324,0.8998500061851932,0.9240738678221762,0.9240566031181477,0.9238820440166238
0.9734452123696379,1.0917125990823682,1.0719441795751443,1.0720344337049483,1.0718619862990573
0.8061257572523017,1.0385999563582204,0.9900381435997976,0.989518708333158,0.990559181470334
0.8776762222658299,0.9870507800945127,0.9707467391888185,0.9713099616900694,0.9713901700752456
0.896450702953456,1.1849868788376219,1.1245432701265894,1.1234196514962718,1.1256787778589106
1.1222398178409565,0.8941262506633436,0.944937545376343,0.9456086743113189,0.9441726680918302
0.9969566023837434,0.9886549850166174,0.990120183620004,0.9900810654780561,0.9900748243740153
1.1584033526601731,0.9616294201757194,0.9905126742748126,0.990261958882818,0.9895501013228667
0.8953861211520404,0.8339711939786632,0.8450788466912723,0.8449752145780136,0.8451643811644634
0.9072404219531763,0.8435107294941032,0.8550456614895782,0.8549175901783148,0.8551677346388331
0.8193124867977343,1.0786052300724212,1.036097451625929,1.0353780918889002,1.03684871891327
1.32803194812996,1.040597432075348,1.0939431915122297,1.0940569890991945,1.0912472208244255
0.9736939260233246,0.987607096878582,0.9849242593243169,0.984936175691742,0.9849907447813689
1.0343144632008703,0.9904012728555931,0.9979739724567944,0.9978666911428198,0.998077839806368
0.7797219041180774,0.9055537112683436,0.8855812782042758,0.8858534598185586,0.8854316875760128
0.7660994103788621,1.0406518477176572,0.976483492439155,0.9751866966352138,0.977814636601889
1.2186563087574722,0.8987379294452561,0.9619511177455967,0.9631221378519017,0.959387446219903
1.0679310469760306,1.0032298495284855,1.0163841213407627,1.016268268799517,1.0163950254234526
0.9741806125603092,0.9698689344446095,0.9710048519907448,0.9709974713894066,0.9709932659719456
1.042619495134449,0.9681638221530078,0.9814277889648552,0.9810607750601156,0.9812457360077417
1.0473948004828644,0.8754553587360429,0.9081709670774913,0.9082360690961866,0.9080990148423999
0.8891132507427204,1.228500800721507,1.157707405124879,1.1555088929010917,1.1599609160737416
1.137947384132392,1.0453607003184089,1.0675433657034676,1.0674681930913446,1.06759515165604
0.964215289924232,1.0533336771538688,1.030912360613403,1.0313683495729693,1.0308051639621074
1.0064243626930514,1.0778502549293003,1.0643421845411225,1.064474645793217,1.064356171267688
1.0249691599357489,1.0690088280583985,1.0600080803408507,1.0601232886724348,1.0600774086215576
1.093852201317731,1.0070421921240227,1.023092032959188,1.023092112743734,1.022993241570427
1.1124222832623574,0.9914304153805464,1.0122725313127208,1.0121274526060466,1.0123726569376834
1.025336309830462,1.0970712404118956,1.0832469139378116,1.0834579862027764,1.0831505523241418
1.1528643576022977,0.9301946527516607,0.9782656229958034,0.9787409585129468,0.9777809805633443
0.8373386889472685,1.0332957149171733,1.000914914596208,1.0006495233222759,1.0012611198160053
0.92278221009865,0.9617442688229403,0.9545581139851688,0.9547400410278521,0.9545029207467266
0.8229186386858625,0.9230480154549418,0.9044678851900099,0.9047887698674673,0.9048685888281229
0.8186833509381662,1.0368801252334308,0.9914834553289407,0.991136518928569,0.9919030392792345
0.7474653442950108,0.9581437508314492,0.9167687509794514,0.916620272378397,0.9171732830817352
0.8919034736921623,1.0008156470721519,0.9785798736173765,0.978839498153085,0.9783781024523923
1.1824703315646499,0.8933702994925914,0.9488975679464494,0.9492469915579977,0.947325676601268
0.8983686020777397,1.0333268592190037,1.0132679109192921,1.013376977979479,1.013159478278363
1.0015287287090728,0.983074953837004,0.9874349486717741,0.9873298741646166,0.9873672327553988
0.8258141563782428,1.0170351228698664,0.9846611004161534,0.9845329534893488,0.9847943482756897
1.024137242865557,1.0175124835753127,1.0187712681595407,1.018751406838779,1.0187776990996809
0.9006683487280179,1.1402359808679756,1.0984752937744404,1.0981710713442303,1.0990725301562276
1.1116954967909964,0.9994810101005448,1.0192287103752908,1.0182880409075432,1.0193492262558415
0.9742589237869668,0.9164496150793198,0.9298164011024447,0.9297416996645942,0.9298725772816563
1.178822251469826,1.0928294593379595,1.110367412972536,1.1100548712754754,1.110424238415346
0.8002586008417085,0.9606935051897181,0.9283018043671664,0.9282919974747315,0.9284894097510545
1.1218545322470428,1.0647504982211657,1.0745187285230442,1.0742623091148806,1.0746815528795066
1.0695003226551885,1.0407738571441445,1.0453971526486514,1.0451401825807283,1.0453263000395423
1.0235783487056693,0.9339878387088407,0.949806670670375,0.949684798863726,0.9498581626149936
1.1706872234705576,0.9919127291608635,1.0260024286759024,1.0256685589828403,1.0257601004853434
1.1118016624431044,0.9644607126698979,0.9897869525506935,0.9896791601293176,0.9898491035461694
0.9768681670102801,1.0839581582842055,1.0622163195379917,1.062412735530629,1.0620670896296571
1.3319358838922506,1.0368981978580627,1.0982400357361044,1.0995254517762785,1.0969350427334519
1.0214579445979675,1.0390930349475835,1.0356378564909572,1.035718618165783,1.0355904358971078
1.2812816453578586,0.8857254944033255,0.9680730990438806,0.9726994826110668,0.9633666143732244
0.8537300873881973,0.9578182849154941,0.9409942039909079,0.941406311934863,0.9407035775486249
0.9721441049472808,1.0031263792375913,0.9981579865274346,0.9982544866060001,0.9981064333985034
0.9535868600158078,0.821757699928465,0.8461584644482292,0.8461084994839734,0.8462004729755991
1.0225141932893083,1.0309592137823556,1.0290887987023887,1.029105239864869,1.029072483177235
1.0982607739356651,1.1067426210788538,1.1049592525786052,1.1049811285528448,1.1049388458022773
0.9895755240098834,0.9650681693519506,0.969692155461762,0.9696423641897747,0.9697371915733854
0.8979675659395998,1.0437631856570013,1.0130843342106803,1.0131327704524142,1.013037462185323
1.0166988336789144,1.018761415135847,1.018354323710102,1.0183582374853268,1.0183507503187512
0.9778279533398051,0.9850308067556157,0.9833291306848431,0.9833465746081447,0.9833178461181268
1.1271634193863376,0.9081084656817004,0.9529154796181657,0.9532761946580416,0.9525463266830834
0.7541283616351038,1.0223960452211427,0.9728641332100818,0.9721045758489393,0.9737298338191891
0.9855412720367338,0.9539726781995382,0.9614162558900876,0.9614026817574381,0.9614011076497989
0.8689863206082754,0.8625602815735344,0.8636788112668881,0.8636480021902316,0.8636949591179165
1.0703826189400851,1.039871304312723,1.046454913083354,1.0463908972428584,1.0464252260187483
1.1247712786321014,0.9561923119851973,0.9897154694563123,0.9897518992476954,0.9896521857720519
1.2038174412384737,1.1000407090804734,1.1165815994417865,1.1160511439848546,1.1165747416941052
1.1419244711788725,0.8101269694736057,0.8814237892816456,0.8831489561110619,0.8786047417878102
1.1141169017469064,1.0938106405512342,1.0979005839524747,1.0978599195694505,1.0979410576770958
0.8925483201169954,1.1227815880082688,1.075808314111727,1.0757222982469172,1.0759804933790984
0.9758298338622861,0.9743878993197979,0.9746517129865715,0.9746475470037228,0.9746550424939009
0.8434230221398055,0.9947301644998717,0.9737832436785989,0.9739742250104736,0.97381628078937
0.8825332857033416,1.0342563645485925,1.001076394217306,1.0011534786063767,1.0010177033181031
0.8662738122682814,0.9668018688258184,0.9507422209493391,0.9510635465545905,0.9505559240044072
1.049350154671513,0.9622138808712368,0.9783558168401915,0.9782936237148535,0.9783183606837558
0.8585513300132841,0.9642068138448034,0.9440118558637844,0.9444532878718299,0.9437527880004726
0.8114435165891236,1.0824841063129749,1.024115392121988,1.0232888421857302,1.0251383107552652
0.7971510421222814,1.0784560168140107,1.0305443232571279,1.029542961714454,1.031901103016567
1.110989977176242,1.0712346463058193,1.0782542181021635,1.0781745637988265,1.078333639113953
0.8867641325745762,0.9647967169067051,0.9515953134302124,0.95185303353163,0.9515066776560108
1.0958239641048715,1.1357932496298977,1.1274715802252206,1.1275598542668321,1.1273922543051196
1.0844829021252775,0.8693560980630138,0.9134949141010258,0.913658533937571,0.9130963917774738
0.9241079208577592,0.9115829098558833,0.9139996753221356,0.9139693836547467,0.9140287428766795
0.883985955652643,0.8910767457192406,0.8896172422484278,0.8896305783757498,0.8896065610153021
1.381665719363741,1.0405989629640424,1.1168841075984768,1.1168714636494814,1.1149385013863962
1.068656494362617,0.9639557909180264,0.9848625181575228,0.984669270945973,0.9850361483058465
1.0179921659379894,1.0708982201081596,1.0595795234377172,1.0597319006455854,1.0594507084542601
0.908326236990873,0.9798506059544271,0.9684469057257801,0.9685521738260976,0.9683440123771172
0.9278018512968323,0.8605427069391061,0.8699555133707687,0.8697137377803985,0.8699522649886615
0.8241617753335313,0.9246556538473276,0.9058096732210673,0.9059973774425105,0.9056885088172982
1.1280238102986024,0.9534119189452054,0.9892515950002746,0.9895346338799329,0.9879940217017741
0.6910519103707663,1.0281524416495302,0.9544208738547212,0.9521332690796747,0.9567876334524752
1.0498594623294624,1.0267319509365118,1.0312119665919943,1.0311564544894434,1.0312661551492392
1.1629574033419106,1.0354430957984533,1.053532156291036,1.053419446073286,1.0536157847620657
0.9487206855162291,1.1114082053459415,1.075505900513679,1.0764068326288427,1.0767993989851625
0.9707067358541378,1.0030391270814851,0.9968733639093345,0.9969432999982981,0.9968055931264956
0.8621979463876924,1.0774755488330146,1.040090398655755,1.0398077606558822,1.0408433899104506
0.860869437594783,1.0732219611978882,1.0341346497851538,1.0348436117685977,1.0351576150098725
1.0750736747868221,0.9679928877836135,0.987554870096389,0.9874312139982583,0.9876783503297073
1.0148618489937726,1.0306472216534532,1.0276236578540323,1.0276938835441738,1.027605177855353
0.8048160588964289,1.034436720923714,0.9852837901234978,0.9850715665493296,0.9857358871719893
1.0355519262582484,0.9531239508484856,0.9669299205370729,0.966473793605649,0.9670578864868864
0.9485241725755233,0.8703567743645955,0.8869449313111017,0.8866531539765521,0.8869538839894284
1.1375159847253087,1.0154034299617316,1.0409138060454612,1.0406508807886006,1.0408654200316851
1.0321759502391983,0.9952925007559492,1.003226527826901,1.0031554130434694,1.0032163107320424
1.0362477455401438,1.0616633303473644,1.0565855887001048,1.0566461872655495,1.0565279730313333
1.0525840824463009,0.9841493699271235,0.9985458262804402,0.9983779699415622,0.9986384052124903
1.060787341117918,0.844654910355766,0.8759949257456272,0.8762323263468629,0.8748859628598622
0.8739325695437999,0.9402443119847733,0.9267669265922849,0.9268897588063142,0.9267894270488841
0.9545797781457271,0.9535632128581595,0.9537581981715726,0.9537563561216704,0.9537599934072041
1.120669788771489,0.9764964245493047,1.0049640775929412,1.0045391150443745,1.0050084498247998
0.9771197024252163,1.0962564433569417,1.0766908743763124,1.0768511322554142,1.0766423973285213
1.0165914738651851,1.041140233373959,1.0365461803158902,1.0366845509476084,1.0365195456932226
1.3063891925302653,0.9999958970833932,1.0549275009109595,1.0565998113668444,1.0531263583168424
0.9726344939174612,1.1491752199117442,1.1123198723342211,1.1123150772456356,1.1123512726071585
1.074432957747635,1.005468556782765,1.0154358132478483,1.015440245477154,1.0153691972942596
0.9821692010276819,0.9908626280123998,0.9895220196184819,0.9895454356787693,0.9894996722416062
1.0835538166789085,0.9519088340138585,0.9754989032129467,0.9757026047435848,0.9744856183774904
0.8996936661580345,0.9884010182998353,0.9757276380326696,0.9758448294635884,0.975611798844418
1.3001529050572744,1.000706040501808,1.07187159857125,1.0731896821447156,1.0702772361197437
0.87849481922099,1.0345736899350089,1.0044976448773848,1.0047244287869164,1.0044437437357263
0.977628513885955,1.0782945865714746,1.0594261041307809,1.0595762131920619,1.0592788647112288
1.1080251393312617,0.9509856032506261,0.9825358530993479,0.9825856442937727,0.9824797326005452
0.9988435935085361,1.0574698480377165,1.0456498326049533,1.0457510010989985,1.045661108406168
0.826417714644429,0.9334173369498504,0.9087946661338904,0.9089664968898683,0.9087893381725224
0.8571606127653302,1.0084755770396858,0.9802847617139558,0.9804509083766014,0.9803990282950068
0.8691349554227998,0.986778892707584,0.9568225877573535,0.9569395385488457,0.9570344944421252
1.0882799762567956,1.1057915006644092,1.102686340956223,1.1027048696176187,1.1027104028417907
1.1541184315413466,1.0924676172109602,1.1039282393759065,1.103764295834107,1.1040675528182269
0.9743206084225762,1.03077542418771,1.0161800067135884,1.0164214608898967,1.0160026839606187
1.0675738632640064,1.0331826398410564,1.0393199711315257,1.0391766650357999,1.0393190664355147
1.0892601777569675,0.8679307025318161,0.9118978648736261,0.9123156807579983,0.911238745727786
0.8735550568789683,0.9614150238157695,0.9430303753935041,0.943169229302165,0.9429152158041193
1.1150757120590093,0.9192715913739788,0.9623458363067579,0.9616845225998961,0.9616055716164726
0.900647006930249,0.9929210706199186,0.9775182685171526,0.9779802098222912,0.9775809348860234
0.9865728006409865,0.9789655488375394,0.9802824053937298,0.9802543928822869,0.9802674896611927
1.0813807816058176,1.0627274625333902,1.065975945597834,1.0659374503361352,1.0660137801007428
1.0743461170037842,1.0199018856969388,1.0298392413998902,1.0297597825957159,1.0298856663993243
1.202613449957192,0.9625378516327294,1.0172547065535382,1.0179598011451465,1.0163934066473088
0.9711027970356065,0.9384788611995822,0.9457378145491415,0.9456183519312608,0.9458056481684163
1.0657171491409303,1.0992470110420043,1.092536889916466,1.0926110038574695,1.0924669286190756
1.009015023435124,1.0221945413416365,1.0200480450804512,1.0201343094033233,1.019986904097657
0.8638938675641944,1.0791664462578114,1.0431907514718162,1.043547317320336,1.0437873574860692
0.8549680437742111,0.8772586091921145,0.8725066925738961,0.8725497363331265,0.872480759386556
1.0427887987594853,1.042565699834833,1.0426075677271076,1.04260708541117,1.0426078283519618
1.0512982364430394,1.101767184302431,1.0925198129160631,1.0925977551477177,1.0924442676941626
0.8812993812403768,1.031008199690992,1.003606265959927,1.0037206906486598,1.0045396913205553
0.8686761477594754,1.071279910704856,1.0245934126941822,1.0242056170571512,1.025165113073942
0.8823139260595364,0.9845823155534148,0.9645541984584657,0.9646261453745401,0.9645684297782691
0.9798249314287344,0.9412595539703487,0.9494030064269711,0.9494056850059197,0.9493262196200772
0.857671032672993,1.1527006691829287,1.10097798840639,1.0995835840594705,1.103617594561996
1.3063162804114803,1.0577829300759976,1.1101160431562607,1.1102889434589847,1.1092990633904247
0.9100095508670318,1.0157320400641672,0.9940723569274403,0.9939609790618165,0.994403160131411
0.9316448472567971,0.9889090147665167,0.9758297037536047,0.9758935382609067,0.9757885932361823
1.0613753337531104,0.9968186618063737,1.0098300629943617,1.009686972367182,1.0099558685965269
0.9409106474746629,0.8889176238098013,0.8995669222454867,0.8995075563834948,0.8996035963050197
0.9486714825685663,1.0649099553618484,1.0417568973411362,1.0418510049781184,1.0417245744605614
1.1838616777150714,0.9666355452613945,1.002371123943937,1.00289703683575,1.001823739600186
0.9018715819620732,1.1290959840968013,1.0748161189870618,1.0742192614894517,1.0754188850944648
1.0984281521691708,0.97104884870184,0.9933344493696141,0.9927735798986542,0.9930292559366396
0.8487200005809161,1.0407866850039862,1.0123529420427237,1.0121902200184374,1.0125378286444529
1.2116243599400325,0.9837384340062747,1.0245206106916307,1.0248860466094738,1.0241233250966009
1.0161138047517926,1.0105066132673317,1.011635933961705,1.0116233295158976,1.0116478999684713
1.007787192201607,0.979211813591836,0.9838464822405625,0.9837390571315785,0.9839094819147757
0.9682550377194011,1.0105281010783376,1.0030835045742645,1.0030807786529734,1.003290115950993
1.0805729064877123,1.0514121852857008,1.0552673639530799,1.0551051796609718,1.055360869167551
1.0821733724446476,0.9461662564810557,0.9736018312011884,0.9735213302061717,0.9736672738227001
1.1455315499984835,0.9900396290204259,1.0223864325963248,1.0223906711476085,1.0223044003272892
0.938020538414177,1.0517322654541745,1.0333209447168488,1.0334090514148953,1.0332607832391774
1.0317865105735768,0.9804010438762162,0.9906447638011482,0.990483572062008,0.9907632771325011
1.0125316949965597,1.0369061565716828,1.0318425563554863,1.0319181858658197,1.031837370471516
1.0558618427521584,1.0064752336259255,1.016281174692762,1.0162198463657508,1.0163300404074405
0.907269422920234,1.1239795753043973,1.0715631819410498,1.0712469667526456,1.0723909921501626
1.0514692730754438,1.0966641986387344,1.0867721455880626,1.086885225845113,1.0866714476413026
0.8141531051137225,0.9269045273621009,0.9071614162944593,0.9072964805047792,0.9070375068997543
1.174043828813271,0.8972485620904637,0.936643925723355,0.9380141755652807,0.9349355564367157
1.1043987366030175,1.2244831418842246,1.200188818240886,1.2002714049224943,1.2001119955341224
1.1421766219085454,1.110019960664517,1.1162607246863478,1.116190662251293,1.1163262842640829
0.8961528761347283,1.034310626369799,1.0046345635977862,1.005045583848517,1.004792616915776
0.9897304745249711,1.0666994818380893,1.0499390651356633,1.0501578507203335,1.0499519439229144
0.9638432607034578,0.9143769311816966,0.9232028597733299,0.9230339738697778,0.9231111938008207
1.3650718528070431,1.013511276658354,1.0714599951955044,1.0735952642070308,1.0692464953597682
1.028108154677593,0.930201814107031,0.9471433506548939,0.946942717585229,0.9469602785780687
1.0997235819057982,0.998818443888168,1.0154051127626937,1.0152147161952718,1.015521507579351
0.9868038047720152,0.9294459493348892,0.9406461352855028,0.9405238680057516,0.9407655799347788
1.0637248263150862,0.9672066377986545,0.9850501659481101,0.9849997705023633,0.9850820215979188
1.0778559596864545,0.9980611883836762,1.0128330488676094,1.012699151593601,1.0128948802546682
0.9958440289712323,0.9121424695171995,0.9291532554460266,0.929054388183649,0.9290665736493443
0.902715331137002,0.9405492921584901,0.9320988016698265,0.932171921825825,0.9320259886277802
0.9208286632222074,0.9718408882989864,0.9611135673122913,0.96128554104746,0.9610548840373588
1.1739032089472081,0.9796211818933284,1.0151155324624972,1.0152202201560552,1.0149353087819897
0.8863584306653464,1.0727622515272008,1.0418120505083421,1.0416199586796995,1.0420093598698204
1.1214767384353317,0.965070203933872,0.9906294549870005,0.9905916120284394,0.9906666493059055
0.792360160321483,0.987840161408836,0.9509141099682867,0.9507264801777981,0.9513856023404357
0.8403341509031319,1.0358386079350377,0.9918982066793244,0.9917248466976932,0.9920778479746999
0.9764424070920777,0.8807210913184803,0.8960312901238823,0.8957166742879995,0.8958822942760043
1.012562913267301,0.9812027243607451,0.9861907056365613,0.986011807458243,0.9862913479945801
1.0794852968628275,0.9382162937601152,0.9646192587782199,0.964343800183092,0.96475348891674
0.9694858959741521,0.9589612879354883,0.9610328372940175,0.9610272058037557,0.9610294908929848
0.7054311566827762,0.9954694973505578,0.9222109516807139,0.9210247533838581,0.9236304161678741
0.7884446133071684,0.8247524818619771,0.8177262609203877,0.8178776695023351,0.8177210717078693
1.0619585635982396,0.9786723454907776,0.990587701390672,0.9905661445368037,0.9903219301340986
1.2161345673715331,0.9270511672714477,0.9801107189888376,0.979983645472809,0.9779807453441631
0.9170888426866682,1.0015870803978828,0.9862305497887408,0.9866930053671512,0.9861933353772097
1.0022845598958394,0.953324988367951,0.9604193062797735,0.9602251064985429,0.9605086106048184
0.91218781502623,0.9470560597090335,0.9402501794597714,0.940376958938125,0.9402732706367098
1.139635954916264,1.0142754500294109,1.0330322653856616,1.03283582703084,1.0332035923195035
1.023211955745475,1.0033811084749273,1.0079945152930505,1.0079041054905988,1.0080287434465007
0.809300219290738,0.9891442488160235,0.9642866860565911,0.9648572417229274,0.9649233197307381
1.1936651391707305,0.9197089566177273,0.97295132708877,0.9742913597099345,0.9713750421834315
1.0987838943374306,1.0175115230348584,1.029788848399109,1.02959308180051,1.029952072958448
1.088179588002435,1.0432718049505116,1.050973268817324,1.0508658735241747,1.0509903702174357
1.17854199417742,1.0130280740085338,1.0411575392485262,1.040820348399748,1.0410243999937825
0.6833485260598693,1.0444105168797335,0.9627567822219641,0.9600123558951791,0.9657995226051451
0.6752404834723417,1.0185121126621046,0.9535802632157803,0.9509686742301647,0.957224909550837
0.9090787743884955,0.9653595489927707,0.9550753176006417,0.9553497378502934,0.9549668637779356
1.0583046042124342,1.1428068782527545,1.1257524200886717,1.126106124876839,1.1255373639165949
0.7943691349949881,0.9095392250908543,0.88552190455541,0.8854639268024725,0.8856230981828028
0.9898641220417411,0.952554192401051,0.9596191662911578,0.959410643602964,0.9595970078662462
1.207950482728723,1.037479160786582,1.0710444703188147,1.069034109887333,1.0707296309287946
0.8837244746087153,1.105218586083597,1.0560749865586798,1.0549640184389375,1.0582659697268806
1.1401693983084433,0.9524608969878751,0.9863012281483126,0.9856150603732656,0.9856519913503623
0.8233836222581932,0.9536609192460185,0.9282563639309714,0.9284645103854243,0.9280930975834885
0.8772302191790691,0.9916177026894,0.9715073752714661,0.9715537124043147,0.9716333986046557
0.9651690166615644,1.0365371188605303,1.0190281012971463,1.0192717993917826,1.0189904464912858
0.965323942976175,0.9847956705954714,0.981064687878091,0.9811369791039023,0.9810181668735265
0.8068933153783265,1.0133628823858294,0.9815473247656386,0.9813682364183434,0.9827317205450852
1.1619855085682704,1.0387227245791018,1.0572799263322508,1.056912233006799,1.0570831916618069
0.9199983498320672,0.8099586915280534,0.828657138391878,0.8285273558610309,0.8283841081423184
1.1558024091718258,1.0662763069991008,1.0847160930018553,1.084643620030309,1.084721785291621
0.9044102537870864,0.9273292902301268,0.9233728054314674,0.9234264920349062,0.9233299812437785
1.1761665646110444,0.8846085895222371,0.950894478655635,0.9519260022506657,0.9487671420045809
0.9762832818750053,1.1210210778068084,1.0855061252183593,1.0855594944970623,1.0854857578651558
0.9212384731292025,1.2104884302853938,1.151788502274552,1.1503737795996738,1.153270813950892
1.1186560142340318,1.0269248221242175,1.0448976204524065,1.0445888225336304,1.0448351752735356
0.9902395083884018,0.9508874653693372,0.9581443059571151,0.9580929576232184,0.9581695206831152
1.206744293358604,1.000705822542874,1.0480542777921538,1.048282943324716,1.0478227382879122
0.6864170793930062,0.9656871731361036,0.909957022585562,0.9089550516373279,0.9117747227035955
1.0377845503499152,0.9958447002983022,1.0026942226523194,1.0026084880323514,1.0027784142029326
0.9748415307320079,0.9681333711021489,0.9692880787890653,0.9692479397049671,0.9692969873812046
0.7113787074447775,0.8885125419530949,0.8512205298382298,0.8521231234665119,0.8508175758099122
0.8444928727753962,0.9902755474485603,0.9723473654022551,0.9721637335887771,0.9727919798576962
1.109633967214022,1.0001822583029838,1.0169776077550676,1.0166146050824592,1.0170179102245624
0.8277420785306251,0.9516498616969331,0.9306397066494866,0.9312246636318384,0.9305267235603699
1.0110152461807094,1.061596896193208,1.0522685445158,1.052371745743255,1.0521845061127095
0.8989897317506986,1.0090861889947689,0.9909747895347913,0.9913214983878942,0.9909660725831395
0.9973511496060252,1.0838673983961613,1.0685950499935604,1.0687441933529067,1.0684499146899866
0.879354397186617,1.0296382915156037,1.002221678359958,1.002684785082808,1.002294795860983
0.9821250001934017,0.9629730851027342,0.9664026698525298,0.9663766565845655,0.9663963253904531
0.9783955034063787,1.0404536520955434,1.0298880421176309,1.0300232781688394,1.0297653514712397
0.941475424243225,0.8592175203550613,0.8744040150299551,0.8742378837616361,0.8745581704128085
0.806641638792001,1.0799445025764243,1.0180887679188964,1.0175942216034826,1.0192965921328194
1.2244320188195839,1.1261439357556073,1.1468690198648617,1.1466362870510345,1.1466667859104123
0.9822927224684327,1.0003576324398973,0.9972873271167313,0.997324944061023,0.9972547264945046
0.9253692266336534,1.048903829819428,1.0236154410279366,1.0238228567215597,1.0235403256354423
1.0619347482527988,1.0526615348977768,1.053945547851552,1.0539050564718644,1.0539670194579336
0.9941887871333511,1.0613923953009732,1.0480204027431335,1.048091139006003,1.0479950481221048
0.7647906830764828,0.8633305467914626,0.8433764882779329,0.8434771649758892,0.8432801915157009
0.8693258406996643,0.8606706810880369,0.8625747216714641,0.8625577088342297,0.8625896345478798
0.933367872448932,0.9651820307117301,0.9586267556446627,0.9587120662958036,0.9585552198219717
1.2144979387112609,1.0106907478205636,1.055094071523331,1.0555506004432103,1.0546345244459996
0.8082556891125608,1.015164266402485,0.9750947805606854,0.9749970340763168,0.9752947188169058
1.0501579432023485,1.068537085985052,1.0657081523204186,1.0657663411366842,1.065657083083456
0.882454920586756,1.0080368983963508,0.9820270475624141,0.9820384269592033,0.9822817283480092
1.2108809754152094,0.9546692794149264,0.9933537645566636,0.9941332646329628,0.9923336774580493
0.8958946565659892,0.9545284188023138,0.943321833117909,0.9436522866314189,0.9432023387708064
1.1722037992295251,0.9835460490190503,1.0195886316246563,1.0197072414644546,1.019435186343622
0.7274489859732887,1.0950642264332788,1.0078023278938426,1.0042172939275846,1.0114536076343286
1.1633922996966006,0.9266918522180907,0.9740296313996161,0.9746439735298251,0.973119143243646
0.8975387091649303,0.9385664903065799,0.9298204742109564,0.9299149488496881,0.9297319608473089
1.2165080735657092,1.0950653391612157,1.1149798357939595,1.1147615132738016,1.114384412447465
0.9649202338851782,0.993150385320346,0.9891155315799155,0.9891917254385784,0.9890560804391557
1.2663096151808317,1.0192782408651617,1.065426909495395,1.0662691414611107,1.0645400448885853
0.9679357194084682,0.9102045483185218,0.9211350609878497,0.9210062617025093,0.9211092471803837
1.0225208675271524,0.9370153255773825,0.9509032947116183,0.9505483824933969,0.950828937112614
1.0060555159341864,1.0571615410397286,1.0483949908669272,1.0484900738027294,1.0483016834499508
1.16793928827587,0.9642495717392375,0.999148790937479,0.9994342626798746,0.9987340726335974
1.0728802442057386,0.9501794206004462,0.9758288680169543,0.9755301475827807,0.9753793554391339
1.2393483315699254,0.8626979855577622,0.9312994639901856,0.9351073205276224,0.9268502404111011
1.0791305723435032,0.9958617917407526,1.0098314521579173,1.0097016571753774,1.0097230184811468
1.1031958709714162,0.9873121182707963,1.0142098966926847,1.0141221293301081,1.0139892025609456
0.6637867142615722,0.9882644241196856,0.9319574583514189,0.9303465599715321,0.9348111333336188
1.2845430971408545,1.0052217111556707,1.059978059035794,1.0609115141186918,1.058776778762244
1.1669974679682538,0.8854936382788048,0.9463757560591456,0.9476907330815647,0.945033477162138
1.0551192481853064,1.0427652159429293,1.045568138092135,1.0455560559400137,1.0455565128103554
1.0343944119444834,1.0872261755102444,1.0768409202699465,1.0769430106751183,1.0767478864455926
0.990067795350411,0.9152398722109418,0.9258566725096122,0.9257726770807272,0.925898875547449
0.9398167621461555,0.9568000440093998,0.9533918732750808,0.9534619978127115,0.9533468399045799
0.9022222979819912,0.9438744845500525,0.936459506285605,0.9365541989164293,0.936369631144358
1.0437888460195457,1.0676006209355209,1.0645024146160402,1.0645416904255929,1.0644712632126037
0.9038677614425085,0.920226774019774,0.9174755033452096,0.9175098349965898,0.9174416193905519
0.9576595927112628,0.9196350721892729,0.926817032640062,0.9267796030481043,0.9267217012936941
1.2423424616671912,0.9162133372950267,0.9814811557980949,0.983019731864635,0.9797174375741401
0.8312218847531091,1.0448319553558056,0.9937335578097866,0.9936324737079465,0.9938886335262049
1.0178061356732342,1.0263289341118365,1.0248468933088761,1.024882529378837,1.024821373552477
0.9851278191331883,1.0333811029571507,1.0238093853009087,1.0238963971544963,1.023722837689314
0.7012815862640412,0.9859292829015297,0.9291043099274338,0.9276733974191358,0.930749993611329
1.120969261859195,0.9539178667405187,0.9855943107828326,0.9856433964888112,0.985543889433524
0.8443870239034222,1.1033486153200105,1.0341514707146537,1.0339741937684763,1.0353619575521171
0.9799728923045825,0.9386411674829903,0.9479413871375197,0.9478601664437015,0.9480004684968156
1.089631226413774,0.8727660866760605,0.9107575793800436,0.9111654362409828,0.9102928363434583
0.8512880625360545,1.0160594558174671,0.9872471920399071,0.987126603705369,0.9874478869604737
1.1121355134959252,0.9127030026848463,0.9460883557055307,0.9465709124129102,0.9451526144258035
0.8195602777426766,1.031684994546184,1.0012796394984946,1.0007589819683491,1.0018428482225303
0.9847372628129484,0.991579266197839,0.9903466548475858,0.9903682890102888,0.9903271317972646
0.9805063408047832,0.9400000935752022,0.9471148055289283,0.9470889875761642,0.9470494068959678
0.8648950134686642,0.9570994221753926,0.9404917009891336,0.940677173422105,0.9411419720946523
0.974309658863796,1.0033208934332285,0.9991086262379111,0.9993997626615306,0.9990906476348318
0.8810686471537286,1.0855264289404587,1.0465691425331825,1.0462361311738924,1.0469191900702133
1.217803612328143,0.8530183201765109,0.9266335534395,0.9291329419261646,0.9239386177619413
1.0099316128269127,1.0209269596461872,1.0186865873411786,1.0187075676205348,1.018666586346273
0.9929011183936088,0.9915952477553812,0.9918661328864172,0.9918628298724689,0.9918683943724544
1.3095728606165682,0.921369610196229,0.9821041946144456,0.9848582792301125,0.9785669986760468
1.0183306339542946,1.023408860993482,1.0224591041852773,1.0224707995913522,1.0224480745090367
1.3988206415073052,0.970518964894455,1.0845450136303416,1.0888776471375008,1.079865442533174
0.9404975447746113,0.8159892920509694,0.8414928452371868,0.8413241861756986,0.8414527882816275
0.9660724535049059,0.9420328541800417,0.9467438134069692,0.9466909896961886,0.9467904999210353
0.9566759034505643,0.8969744987238834,0.9089747202403033,0.9089099806503543,0.9088878110598566
0.88871865450812,1.0695426273522655,1.0434900919914343,1.0436024100799057,1.043617816097244
1.1144574414321702,0.9702339292371662,0.9963641025673107,0.9963071440340705,0.9963846461905439
1.324347414052908,1.102342366572367,1.137854998602356,1.1380031695219945,1.1374545291977554
0.8326744802394991,0.8987029737043017,0.8868246335534168,0.8869216155317309,0.8867800018401992
1.1022162849970907,0.9174956228943733,0.9598652044036048,0.959079524205145,0.9598163439884002
1.1004192363926442,1.0138250817721142,1.0323291371087862,1.0321186118164625,1.0323601670766434
1.0465290451940055,1.0603477341251097,1.0577496868663716,1.0577794911696319,1.0577202196322504
1.0741995592117652,1.0315564293007786,1.0407289700845426,1.040400598236776,1.0407814705504208
1.0658423942271606,0.9246442597823998,0.9481228285005254,0.9480505967848715,0.9481945010146243
1.0352814377721657,0.8686351977864133,0.9001748125697784,0.9000359511268019,0.9001598793658074
1.320341673570069,1.0174464805654138,1.083016526495785,1.0844534200749756,1.0814617911333406
0.9898486323446828,1.0349731511918698,1.0282311513054458,1.0283197340333787,1.0282533457202692
0.7217802483040314,0.9972202899719159,0.957540822104471,0.9560713828306542,0.9591339564641908
1.017148762245961,1.0765078837375799,1.067245528759071,1.0673515686208022,1.0671439581423112
0.862920208215831,1.093116646138308,1.0525757164643488,1.0522067552423713,1.0532697241028068
1.177502762197239,0.9259413268757994,0.9750270872831575,0.9760395296058708,0.9739487067095824
1.1196396450387327,0.881460949076648,0.9337464190458878,0.9337214742307056,0.9325046079925844
1.1304928648128982,0.9430571375837216,0.9880631215239914,0.9881698493965091,0.9879516900631298
0.942346217614904,1.1209033548807574,1.0898593896557838,1.0895336745249404,1.0903481459794595
1.1683085949563317,0.96538041997815,1.0138678176217988,1.013924322091539,1.0137036748399915
0.9878367683632918,0.8879473848580277,0.9006731040114341,0.9003866246318265,0.899597782828315
0.9008798166339095,0.9757655913442178,0.9611893027927212,0.9617780551495173,0.9613979803750943
1.2310489998399181,0.9606508611990123,1.004282327883244,1.0050726837590476,1.0028896155348916
0.9836954381316433,1.0466931244571898,1.0372724603186683,1.037509234107335,1.037134303634255
0.832990645256792,1.0920629574798102,1.041370127430753,1.0405428507750827,1.0422058467190183
0.7475839390314166,1.1327205893656007,1.0515105491959438,1.0485927983309662,1.0559098329584038
1.1077603877670852,0.9104053169983709,0.9506214221662257,0.9508193952406977,0.9503947791269678
1.2596056572358196,1.1005782454057071,1.138162129163436,1.1382795592126482,1.1378276500048636
0.8401573060018295,0.9868359067255253,0.9626040260795371,0.9625754044294951,0.963741661890524
0.8870292587337901,0.9633826381023973,0.9495390732589413,0.9496145709074416,0.9494760127619976
0.898226517877527,0.988623412743623,0.9713161988217626,0.9713704146433851,0.9713013673871713
1.246145990881398,0.9816016598458165,1.031234295814662,1.032025542011305,1.0299927626765943
0.9313413265285465,1.0983319066750388,1.0689554837068844,1.0689761504419741,1.0692470830729832
1.0711928561384827,1.0139615295410749,1.0228103018019161,1.0227750033249317,1.0228032832529252
0.8807862818147035,0.8573223685028021,0.8623065593194333,0.8622590564646252,0.8623441662923632
0.9049086476172519,1.0260084500541105,1.0026580257113853,1.003016704513539,1.0025229927543498
1.0186137124828172,0.9764574985204223,0.984970433386537,0.9848933755735173,0.9850454868280349
1.0147518683925187,1.067055454748425,1.0579619850902227,1.0580556328458115,1.05786920845822
0.983842173132915,0.9948690093225047,0.9930428404239058,0.9930699618542017,0.9930260498689794
1.215432409366004,0.9427823585320517,0.9998340722893418,1.0003521311659083,0.9990081345604263
1.0091067582261974,0.998173580095931,1.000404365315372,1.0003741975365632,1.0004247110531013
1.032346238428481,0.9795573571605085,0.9884849680739617,0.9883164336426356,0.9885387275924198
1.057917528279968,1.0476147571786325,1.0504428431702273,1.0504144555605057,1.050454194840278
1.1221477288701975,0.9953328367720914,1.0166275206183402,1.0155960651830322,1.0161198308443307
0.9056781890415574,1.0578209610411244,1.0324949656433466,1.0324468642632043,1.032581210119865
1.073349916881905,1.0280473314849519,1.037526956439104,1.03712266447444,1.0376510623483437
1.1891552837400117,0.9886732474749363,1.0319877187664588,1.0323410075643469,1.0316318708144705
1.2236370248887352,1.0292501135521241,1.0594768342408993,1.0596354451718393,1.0592173412546058
1.0742911271366689,0.957725796724739,0.9790262722931207,0.9789157293806103,0.9791350149058036
0.9576954480930038,1.0225349392908767,1.011383615172494,1.011499672335272,1.011268053842099
0.9990025145098117,1.047960252655956,1.0381793458077464,1.0385669534579431,1.0382714930970374
0.9761952957004515,0.9072664684537964,0.9229714767415506,0.9226914387904005,0.9230590501379918
0.79583068677896,0.984685918856552,0.9407370953125759,0.9404532021287397,0.9412809824260413
0.7455183564775736,0.9998398768197078,0.9503989114301833,0.9502251046968174,0.9521850653441704
0.9377503272752955,1.0412723060371079,1.0261451299235695,1.0267006987450928,1.025984908264543
0.8283372592594521,1.0358784625782282,0.9943729119043256,0.9940307735512048,0.994850040225923
0.9257624723770346,0.9961006075741933,0.9817903746414123,0.9820130335527106,0.9816284912363812
1.1802126922270166,1.0753374427616507,1.0985842450342203,1.0983685610839717,1.0987695972432927
1.0135472822165397,1.0063316356272556,1.00774633266061,1.007717844297644,1.0077705109189585
0.8808642669177577,1.0792726693084669,1.0304425142579607,1.0305649995090358,1.030493365921179
1.1031411153389592,0.9291200110339992,0.9603263484131284,0.9603159948773712,0.9597458470761266
0.9579021094748904,0.9036009141904267,0.9142922219829059,0.9141675450955637,0.9142823011618084
0.9596141422877646,1.028718450445896,1.0155615105143372,1.0156788804574486,1.0154472726734902
1.0471290418896393,1.0478805581213217,1.0477421475949633,1.047743703499786,1.0477405967226756
1.1153035448778994,1.0659419750474495,1.0741344586202801,1.0739648337673753,1.0742481268503805
1.0453487788873688,1.1098881547707187,1.0970525191272384,1.09721977703702,1.0970268977564586
0.667261951888972,0.9173070024790421,0.8602097877506272,0.8598366552879361,0.8606684612350479
1.0427147818159312,0.9633981296715951,0.9801966226759624,0.9800284620488446,0.9802819941065106
0.8292644528934469,1.0093169974821392,0.981977320596829,0.9819557305500587,0.9820829361078104
1.0923852074316696,0.9895903081459436,1.0101493636131111,1.0101358742724682,1.0100093377403452
0.8718075996476485,1.0129082761354693,0.9851008587028025,0.9849459004447358,0.9855035721673198
1.1641175652105662,1.1083438435604345,1.1194018142241298,1.1193053053710376,1.1194978063022218
1.0415335594936095,1.0349830525058752,1.0363603722662078,1.036347235214512,1.0363732871249054
0.9206148772132827,0.9180407468769264,0.9185063945228176,0.9185013661992893,0.9185099948348887
0.8727410341275049,0.9110117496873699,0.9029897836063947,0.9031074334552281,0.9029484827749258
1.2125315317350394,0.9649448134780362,1.0129853962530693,1.0136464361967008,1.0122077482129188
0.8611165721000558,0.9393027151657293,0.9192661594714711,0.9193771289727866,0.9191668275837837
1.1117815912279325,0.9456863552500754,0.9785192992476596,0.978556446634361,0.9784715784934256
1.0002577938455173,0.8302340981529938,0.8578633841416319,0.8577610260430756,0.8578289326411275
0.910668521670877,1.1058225930722263,1.076876957356842,1.0769939605692012,1.078086562699987
1.1184749877669073,0.9027936746291763,0.9383386798600258,0.93808491693359,0.9374142988763345
1.029767048792985,1.0729865029821888,1.0655977268411334,1.0656918783363594,1.0655262246510617
0.8441490363204148,0.960241713677627,0.9402722044258542,0.9404213186983135,0.9401526511819562
1.171833787502058,1.1198182289987713,1.1276421926746778,1.1275401675919694,1.1277435966441716
1.1434203264437965,0.9110345774001725,0.9531007707105322,0.9537051160943288,0.9524906007725911
1.0905631707079457,0.9256173404929893,0.9560081306716048,0.9559922830247222,0.9556025872204535
0.9697131649872267,0.9361175087860334,0.9432773950198972,0.943217471805805,0.9433363961895029
0.9456087817281341,0.9604875629529329,0.9574872072782646,0.9576431015040143,0.9574101685017036
1.2447858651104289,0.9564036671928564,1.0185856142933674,1.0202931153913006,1.0167870928243121
1.3883690993752307,1.0743523878665577,1.1372677718514825,1.1387518604366464,1.1349417152043801
1.0454062263536565,0.9275493770618157,0.9490697347405213,0.9489047775587974,0.9491027710221103
0.9689252720658992,1.0326530531190468,1.0198240788637698,1.0200100575272029,1.0199021911358668
0.7375005821690148,0.8892475392194064,0.8585212063022494,0.8585474769752148,0.8584984356196865
1.0018354547847879,0.8779631161188178,0.8957639432525268,0.8956910763229782,0.8958348902358169
0.8358781250433487,0.9469678368340682,0.9252110957377957,0.9259357429065176,0.9259839341071521
1.09474283904638,0.8994161792530213,0.9331709195315491,0.9333340323555,0.9329805565172042
1.029494285695772,1.0522838403768775,1.0488075461790427,1.048829248116381,1.04884083805628
1.1907626787185737,0.8942808154202775,0.9522119283279671,0.9541132527452029,0.9502892820220477
0.9038650721583188,1.0259399342314632,1.0027550510883225,1.0028667895519352,1.002649228627981
1.0434960135762883,1.0839878683465765,1.0774529916633173,1.0775601242097432,1.0773559580323433
0.9070571305069796,1.0631454239595932,1.0314080860437398,1.0320437030258574,1.0310689529300157
0.8532452918718092,0.9565351725949172,0.93786971492181,0.9379833751743276,0.9377659096970379
1.0822894381867059,0.9675428376981625,0.9918807705819646,0.9914316789539512,0.9912717492900602
0.9406292330736187,0.8987135995032043,0.9056055204929079,0.9055175041146758,0.9056664627536997
1.093027217504525,1.1307342386047181,1.1238330906683902,1.1238924736011582,1.1237772632704601
0.9102967002373361,0.9715747601921305,0.9627018420957536,0.9628267133179217,0.9626481889719534
1.047980013387636,1.074984878842618,1.0684545862829036,1.068606214340116,1.0683999890546767
0.7640118945320206,0.8747048827728183,0.8568820204690217,0.8570323877809359,0.8567365760656029
1.1434180550531876,1.090288190245998,1.0996914095969437,1.0994882900824585,1.0998506708089328
1.1186584365638559,1.0268048560548695,1.0433018129310279,1.043174821367702,1.0433817397657026
0.8547598565658756,1.0524199310056408,1.0139141175035296,1.0136240196152133,1.0142182007168266
1.017461031546521,1.0465005450215754,1.041612487789994,1.0416711485139178,1.041554054060803
1.1239485879419755,0.8979088904340491,0.9333236501113211,0.9334219253859973,0.9322011167499753
1.1015844155988355,1.0383077378191758,1.0500530548816984,1.0499611887135782,1.0500244460694033
0.9669301503483045,1.059889593122949,1.0417999020882327,1.0419394364275438,1.0416957664842168
1.1771600408510086,0.999641213957361,1.0290574432372392,1.0290448876269704,1.028935011263627
1.1094451595322194,1.0251458058558856,1.0424611782465822,1.0420557244570463,1.0422759390493155
0.8204975131404771,0.9806593287208152,0.9432300055397551,0.9430785939181319,0.943713794495045
1.0277054960060978,0.9827785185376616,0.9902308469764107,0.9901357373342349,0.9901568769361506
0.5914831289730309,1.0744396589690834,0.990832930494048,0.9833065966857537,0.999884599515921
1.0709002273411965,1.0002880565843297,1.013506822081624,1.0134661256911235,1.0134848872388154
1.0643315456036846,1.0791554397036578,1.076208932674744,1.0762621289678658,1.076173990155084
1.1189727817683983,0.9921134182083831,1.0179152971864185,1.0175413757740455,1.017802222545577
1.0070602562568272,0.8364301349948262,0.871326976751297,0.870730891775077,0.871280491083897
0.9609703688701047,0.9199208826665549,0.9292212303413369,0.9291647397843346,0.9292693494400672
1.01544839808202,0.9067384165602178,0.9284467921216792,0.9283617369482677,0.9283058416181796
0.9961019996960588,0.9761023942152094,0.9808449331663861,0.9808088119182482,0.9808807133819331
1.1031003303078795,0.9002892524436849,0.9471764558770954,0.9474036452926612,0.9468962182030667
0.9824626288495707,0.9846874318079625,0.9842699898167477,0.9842740322120279,0.9842681508160829
0.9283597742811482,1.1520724266760958,1.1167828899359329,1.1159785432383549,1.1175936267078022
1.1052378033687387,1.0766770428379633,1.0827769573274828,1.082704459391347,1.0828404878308215
0.9464513860563268,0.9691065678424775,0.9650802073012391,0.9651298921293094,0.9650573773580688
1.0614223637920615,0.9555127518727593,0.9750666526597245,0.9748802601028901,0.9744412442068607
1.0783826748398988,0.9905972882349254,1.0055852341198708,1.0055042225817619,1.0056048190998133
1.0435023267637882,0.8885118731837329,0.9196931473093141,0.9196375028387711,0.9197465493158639
1.0664857668740497,0.997962484035123,1.0111953545774914,1.0108992437010484,1.0109475711523044
1.0837115255064855,1.0226532457172193,1.03713350048051,1.0370405948537225,1.0372261317508342
0.6820753894352658,1.0601086151381933,0.9684502440011263,0.967315819329283,0.9709563942177293
1.2327791157658465,1.0415230435306422,1.0805147131464723,1.0809639591115623,1.0793146114892682
1.0575752159759262,0.9597170036643315,0.9798104750482942,0.979547925371901,0.979917652530147
0.9801058055364449,1.2246894117239493,1.1625948700911473,1.1627363613407165,1.1632112066742948
0.7866070801016289,0.8815776548351368,0.8609829643417379,0.8611603172804879,0.8608368420220829
0.8285626480836125,1.0933808122478805,1.0445413078471217,1.043688849600018,1.045454251070839
1.0017970640793556,0.9610646675086455,0.969596623244399,0.9695242596913057,0.9696432651267262
1.0546615075539452,1.026021515523266,1.0317646913810827,1.0317089488484608,1.0318202984824434
1.0232550375845013,0.9749090405917706,0.9826418813512795,0.982531052521729,0.9827384109956668
1.3497838925159111,1.0045325760456774,1.0654007903696638,1.066993039791226,1.06334684947572
0.9344456283111491,1.110062123677696,1.0849770773365803,1.0848404376181393,1.08515407197067
0.8318072046181323,0.9643534164467055,0.943645534931974,0.9438774893435061,0.9436396316024549
0.8295886606387,0.8979205831876625,0.885158979489904,0.8853797045908938,0.8851339733369479
0.9355721491927788,0.9061166212101104,0.911982600560763,0.9119144561983051,0.9120448197894109
1.0202503179729503,0.9996894527450192,1.00270120333814,1.0026565680496322,1.0027442267684497
1.164028333071691,1.030529312578701,1.0598609899858917,1.059300259866533,1.0601953609754144
0.5734096480900271,0.9876111233677408,0.8938070352867711,0.8895193823622783,0.8993486630930503
1.1937333445595355,0.9145245499231249,0.9537477357417599,0.9551498664126713,0.9523312499859258
1.1203464660451192,0.9298239621158343,0.9573925804661828,0.9575227772200183,0.9572400499959224
0.8807946552666615,0.9948293028938185,0.97686445217169,0.9769553342806664,0.9767804319333284
0.6825537247521682,1.0932130798809538,1.044453829516,1.0393216740083735,1.04991817817976
0.8902304190616601,0.9770378901263564,0.958423201458705,0.9585437516307131,0.9583028676105483
0.9578279295112662,0.956247288733955,0.9565193670658746,0.956514381571393,0.9565232749761476
1.1997706878555692,0.9249181132520802,0.9856304413399133,0.986056950149551,0.9825003261518214
1.1280295938910938,1.00114279246274,1.0229447711739104,1.02289941973553,1.0228777007214904
0.9838219781316605,1.0670937269518146,1.0550464837638587,1.0551358555664034,1.055059903272678
1.1414009771376228,0.9943248705023409,1.0236423084942199,1.0234711113083255,1.0237978735923037
1.2060682750747513,1.0464773087727666,1.0705402197729248,1.0696225632667813,1.0696816166099476
1.0229556540811455,0.9877720335032084,0.9949001403341002,0.9948395787672267,0.9949513253708793
0.9712805362682364,1.0538860605455476,1.0377548984726486,1.0377617736337506,1.0379527957517376
1.022699733593143,0.9809812370975618,0.9859045456819958,0.9857591900882974,0.9859876256931409
1.2093426165011487,0.9416374955058002,0.9987327440819993,0.9995199586371648,0.9969786146049382
1.0324077825834828,0.9538817502509824,0.9673888585864902,0.967274095870702,0.9675028246472553
0.8627116905237133,1.0668206137244587,1.0265229272724652,1.026299174078644,1.0267632229134005
0.8094513566375992,0.861376219765563,0.8509120308905149,0.8510206718555634,0.850871259206121
1.0684038680334567,1.0167538349059864,1.0248606792877308,1.024760615789735,1.0249581207366703
0.7937934778267641,1.088169244558808,1.0298175532477696,1.0283333297447044,1.0315527299801461
1.1327515831108341,0.8700954836602066,0.9270382895337463,0.9268246535547718,0.9260144791069242
0.9880309523179291,1.014672240624496,1.0096432837164755,1.0097101698560735,1.009578496385277
0.9114999425847519,1.0673092184747708,1.038402185588404,1.0383096149198539,1.0385732653236657
0.960259031903237,0.9335410689641231,0.9379708010970961,0.9378192302091797,0.9380456283633294
0.9695780788155209,0.9438116617350018,0.9489743601538737,0.9489350854518745,0.9489807148749342
1.0167864704250438,1.0467062148694841,1.0399235209299702,1.0400285012997954,1.0398456698566607
1.125245153227241,0.9370187170226711,0.9760714012977526,0.9761374237906462,0.9758999368165016
0.9459606636229659,1.0014633684373824,0.9901587929841276,0.9902843359676723,0.9900371451258125
0.8088068514986272,0.969734127591226,0.9393818942928231,0.9395605336314576,0.9394880990984876
1.3121738314740594,1.119984148955233,1.1593783581611823,1.1594007822039951,1.159269268820216
1.0998933694217077,1.0550276802757208,1.062362278885416,1.0622405527258125,1.0624424076335401
1.0146701540931298,1.0115484269728925,1.0121858791425036,1.0121756314224604,1.0121926349224335
0.6888107875914669,0.9704855337417911,0.9104077933347803,0.9089963367810834,0.9118735043676325
1.044795087016944,0.9808995805784756,0.9919027323033295,0.9917980675777366,0.9920025587015457
0.9899691899073789,0.9725454901173796,0.9770605677534835,0.9770054797931345,0.97708711696398
0.8684356912103284,0.9757003465525882,0.9498990455902107,0.9499797995755163,0.9498496420947675
1.2387210648304985,0.9350659467557334,1.014924766689843,1.0168944259437669,1.0129299778282226
0.9177276535277256,0.8424630693178872,0.8540344952314615,0.8540035103136936,0.8539083926049014
1.1239676208330813,0.9345309799895615,0.9621392614776079,0.9625642391809203,0.9615666443437134
1.0263720518490769,0.9432415951983547,0.9589965737666725,0.9588874267969862,0.9590957438555915
1.0795252539372047,1.0042211518858548,1.018943728116856,1.0184807096442987,1.0192289821955267
1.1349466046044003,1.0963554161075562,1.104378633470584,1.1042735424402712,1.1044761549139632
0.8736697875602081,0.9820962163008201,0.9576636236117717,0.9582658373711976,0.9580094786133215
0.9590244657288878,1.1014554982093743,1.073340851142186,1.0733426469808822,1.0733614375199574
1.2217984483860918,1.155012291128787,1.167837575540174,1.1677255086040288,1.1679493978205713
0.8809306198126635,0.899470012984367,0.8957389775774208,0.8957834476696015,0.8957006024987618
0.9729314366249513,1.0199030630351869,1.0122481449443468,1.0123299680906777,1.0121993131311267
1.1514552360254555,1.0674428526136925,1.0863132969082616,1.0858732275592884,1.0857846644964573
1.225456327604214,1.0255779169559793,1.074704850281608,1.074892558280714,1.074444828519985
0.8821976433984585,1.0358215248017646,1.0132059244927727,1.0132717819110972,1.0131412458910805
0.9626634686606134,1.0315352539933216,1.0198726170199084,1.019990413179762,1.0197551526513031
1.1364996950485853,1.041003373682247,1.0612288744920952,1.061179521741155,1.061032667419846
1.096087803354656,0.9654273555500199,0.9838557965732646,0.98378460742778,0.9839269136258275
1.0816990694377695,0.8118775848020631,0.8783074529663288,0.8793235864640369,0.8772856941383053
1.1164935973484973,1.0079349280028933,1.029506196743318,1.0293649164842154,1.0296372644182465
1.3259014385349064,0.9731642523082534,1.0503200102849863,1.0534376330538724,1.0471564301592842
1.023532137204513,1.1137818506245307,1.1030784636985753,1.1033069076165845,1.1029151643185646
1.2204980305018167,1.0430087305124434,1.084970995912913,1.0841419978981075,1.0845606872763698
1.1469522155536034,0.8928623056423819,0.9362959552629834,0.9370850372617545,0.9350954330088239
0.977122652936676,0.9054777208616994,0.9209414360605699,0.9209435401098488,0.9208547603780246
0.8460221580359157,0.938836060676153,0.9228685032088482,0.9229806934475822,0.9227855575238451
1.1182515680218044,1.0365563865359375,1.0548254977212022,1.0546817644949096,1.05496348818428
0.7159321873220015,0.8636600436750632,0.8358549874583223,0.8363569399995124,0.8359466636160818
0.8752811262792518,1.0285071760555986,1.0013785405934665,1.0014690822672347,1.0012976981189345
1.2126370167161395,0.9189368364603488,0.9804171996518513,0.9816200291788886,0.9792078264449439
0.9877636504123434,1.0213862341691184,1.0141709064494329,1.0142552724669034,1.0142732176997733
0.8864684756172766,0.9329185410236097,0.9231661147297858,0.9240552806803793,0.9232163169502214
0.9642567857195153,0.9880058900121202,0.9829671309644389,0.9830175568231098,0.9829378506307082
0.7206710162189216,1.0616994335127408,1.009446159878585,1.006784603247885,1.0129658369100878
0.9503761954316159,0.9127210901825701,0.9202597639743657,0.9201835566864085,0.9203348269524452
0.7761381641997882,1.025937853132164,0.9726571303420984,0.9717387404931834,0.9736373835831706
1.0529968171605164,0.9411169742414814,0.9654311297656865,0.965339316262186,0.9654280954420251
1.0507993422599158,0.9756251233529217,0.9893868030085815,0.9892577611747723,0.9895113756336477
1.0557160191394757,1.030571396794989,1.0359479734947976,1.035875358051575,1.0359638358735073
0.8878519246105748,1.0487890964702984,1.0201853878396443,1.0201327500332773,1.0206641555877813
1.0923451280741492,0.9922613537530939,1.0115598855440673,1.011559898173252,1.0110380122865006
1.2256459135926934,1.0498663672860629,1.0811236239594146,1.0809197398378896,1.0810614281095172
1.0669922876525817,1.0459119681722528,1.049970755030196,1.0499242904594015,1.0500154945390352
1.1605491397957075,0.9949491070165285,1.0234832329729657,1.023339000891697,1.0235226186532043
1.117777539815188,1.047342665678772,1.0618335027184234,1.0615878593482233,1.0619997852869512
0.8414513268948554,1.0170927437019373,0.9792506974323019,0.9795297283419077,0.9795144764283872
1.1708140437890369,0.9497348688924304,0.9967780703981478,0.9974165614904809,0.9960664612953041
1.0065870492587374,0.9047023147120176,0.9266900133967362,0.9265461316278251,0.9266970102752276
0.8880480401795741,0.9481809456789893,0.9361608359786587,0.9362520917661546,0.9360783965639107
0.8742862948623968,1.1309017992506163,1.0871957599045865,1.0861926534069357,1.0886888461432287
1.0977321838455105,1.0077022714098236,1.0277528243490763,1.0278202648554666,1.0272085816569638
0.7569200283402981,1.0300025747066905,0.9702410252396112,0.9706686490813169,0.9723320980617779
1.1180242452288034,0.9695676134768624,0.9948925630505433,0.9948436749569377,0.9949381252886265
1.1627087676065322,0.8692524171912902,0.9266183218730323,0.9277581486188601,0.9254327910703013
1.0975908976759645,0.9442055806728041,0.978844360255376,0.9785811575665239,0.9790175963988567
0.9298410646347444,1.0018508496695626,0.9897031161395832,0.9898100948696574,0.9896018530521974
0.9584943078820642,1.0083423972610617,0.9978317956781987,0.9980655790538792,0.9979714610198631
1.0518142634503098,1.087912440614054,1.080870516015527,1.0808972324020096,1.080865115747245
1.0122219326190391,1.0538946329400223,1.0469192556765985,1.0470461893303524,1.0468287100460087
1.2248314402135543,1.0238399935891562,1.0664361193147367,1.0668785573049355,1.0656297076125467
1.2217904218448457,0.989218853545796,1.0289296693987569,1.0294800186536224,1.0283280711448313
0.9205511117009689,0.9620133284132425,0.9539508390802792,0.9541199583449905,0.9539030801668246
1.0721613271739154,1.0553063360245114,1.0591256155226245,1.0590898509971567,1.059152193529598
0.8507263164740397,1.0515083850819023,1.0049581378629562,1.0049573614080145,1.0050662658176535
0.9515085398512486,0.9879924184278109,0.9796818216936328,0.9798096348955599,0.9796300789284896
0.7571474212588526,0.9494691419808284,0.9071501160292746,0.9083151600641237,0.9071062111297488
0.8599678880590684,0.9706694870249855,0.9461706917031842,0.9462024355148041,0.9461638502854018
0.9233206572155324,1.0871771872284939,1.048891760194111,1.0493284009644357,1.0490897749937877
0.9566808316431329,0.9137420154804585,0.9207350904598274,0.9205761909637524,0.920698302841356
0.8357246059813941,0.9187068426434752,0.9018866648575256,0.9019992098641957,0.9017953765592468
0.9511905390532824,1.0590564485900837,1.0445286880300388,1.0447607138822148,1.044375797076611
1.1642400573216316,1.009918096351587,1.034901824424385,1.0350721677407893,1.0346289614090955
1.0009743087601897,1.021181455719315,1.0163304503420547,1.0163768630682442,1.0163207911505463
0.8208633041528074,1.1086948020781846,1.0529471249184132,1.051132868518141,1.0559797818619474
0.9768158044782818,0.9849028633081128,0.9828323030686097,0.9828692865372406,0.9828163311126608
1.0263965638809183,1.042236774781887,1.039489622417981,1.0395837484714974,1.0394963863312294
1.2796720039500686,0.9848973637855278,1.0460454661586274,1.0458641155630584,1.0440370546272204
0.9988201743295351,0.9740735814878039,0.977982963733987,0.9779222231312225,0.9780408666063225
0.762494244443698,0.9949833005629102,0.9544008746502868,0.9549503755809421,0.9561287588787308
0.9921915686473712,0.9904150165390098,0.9907652528186298,0.990756752521007,0.9907672394378303
1.2662067572099391,0.8825992027090731,0.9727580300484401,0.9768837808542202,0.9683889291174292
0.9476478291153445,1.0178202569750796,1.0050560498035548,1.0051693673735043,1.004942998290882
0.9131079557962097,1.08447516560165,1.0493422561743817,1.049188759664642,1.0499362503507792
1.0990477573796316,0.9047642392209085,0.9442942086669576,0.9441698098238216,0.9439478890771855
0.969992980343808,0.8460204479494379,0.8652299704200461,0.8652638059556989,0.8644443061900016
0.8711966042836721,1.0083468445669737,0.9826036572033424,0.9829122332938244,0.9828546904817049
1.1005872448597767,1.0118962571631884,1.0312361315762903,1.0310889020131528,1.0313791998534578
0.9834502426547753,0.8962068142225987,0.9140867930531911,0.9134929742008076,0.9140785509536782
1.0011617155961612,0.9705121589153822,0.9758454658876877,0.9757667689333728,0.975707868504876
0.9895978129387308,0.940492634305676,0.9488601807253074,0.9487732494698637,0.9489383707400951
1.149359673876182,0.9687598010071703,1.0031764386401971,1.0028515751037759,1.0027977318400747
1.0811191593517764,0.8681281735943931,0.910355669358692,0.910687891522528,0.9099774601558959
0.9269672432378715,0.8563716677215113,0.8684266322489058,0.8682438816296005,0.8684341643103114
0.6734827213190702,0.9361802234886252,0.8794525718705308,0.8794078314101068,0.8805267273596342
0.9601382411086526,0.962851064758158,0.9622562948312587,0.9622661388292669,0.9622516513351846
1.1007501833134625,0.9834515805662133,1.0051147967727738,1.0049754581003314,1.0052101965412077
1.1410249874867933,0.9425371135647714,0.9890606218962503,0.9889509012619003,0.9890356692621719
0.8532905834461765,0.9665945876428808,0.9443937282266955,0.9445233991761591,0.9442645240255031
0.945217033599578,1.0265349832324815,1.0087529729289126,1.009131219418453,1.0092733998203451
1.163851889287994,0.9260880242513586,0.9817056438782028,0.9797002183177289,0.9795596382735032
0.9472977663914143,0.9990097145666529,0.9874434362064191,0.9875410653426394,0.987369874159602
1.182080820642728,0.9621118437320049,1.008094033949048,1.0085461437913608,1.0074222698686077
1.2900328085289354,1.036169679874621,1.0856562215633414,1.0861722780884786,1.085038911829811
0.8400675223981003,0.9127126833705625,0.8983713846120975,0.8985328668942726,0.8987290904175635
1.0370263725563749,0.9402757587460996,0.961383053678205,0.9611713174323337,0.9614661670169264
0.7269193606708552,0.9904439914707719,0.950109873425583,0.9494459038638255,0.9509003144052034
1.0169955826393775,1.111730541282788,1.094313089987972,1.094427646579225,1.0942044120640162
0.9584405409348006,0.988277126240833,0.9831195473410738,0.9831890551789879,0.9830977366614649
0.7863505476763252,0.9739791485301346,0.9289359582853209,0.9289729748623892,0.9290563147367358
0.9978618514600919,1.0738866824224178,1.060828953065383,1.0610302227781516,1.0607748872819824
0.9297376142881096,1.0330908280093998,1.0110212936817606,1.0110469995260936,1.0111552166252933
1.117103225153446,0.970426097177416,1.0057557874250898,1.0056860549196152,1.0057756180055628
0.8486505523703436,1.0440405727193978,0.9973893476703398,0.9973812399792968,0.9980234944918146
1.0716151384157904,0.9554470359916026,0.9730117513506563,0.9724494741080709,0.972921230877245
0.8468627441757596,0.939590390890322,0.9207771738987492,0.9212292586855526,0.9205317742188475
1.1132515452449891,1.0468238762076918,1.0599206094281965,1.0597279582798578,1.0599090139583525
1.002986204221354,1.0020604476782535,1.0022098561611303,1.0022051946418893,1.0022128015227887
1.134117395543649,0.921522113592267,0.960617526231276,0.9608872273099658,0.9603276405445011
0.8455110505687278,1.0274093950805223,0.9925666545996897,0.9925923183354339,0.9925556067086924
1.2256405470717975,1.064165470121856,1.098196556471097,1.0982202208818104,1.0976954630848104
1.182958306290993,1.0683599978081273,1.0907198128127122,1.09061190590466,1.0908275867061585
1.0169898535853859,1.0733471658164284,1.0657703899612359,1.0665913850755937,1.065851186893711
0.8896621760232262,1.0649794863289435,1.0283117310919727,1.0286336826469131,1.0281330823775643
1.0732878548918865,1.110653777104254,1.1028470032880742,1.1030553323169003,1.1027411426006863
1.0344379494859905,0.9714476650317594,0.9839709999244942,0.9833880717687375,0.9841484196527235
1.04537973655537,0.9942704129548569,1.0018649519487137,1.0017791751314347,1.0019188673620318
0.9600902960819327,0.962583831752625,0.9619853939593822,0.9619895418614934,0.9619814450033202
1.1723077144299034,1.0766901995560718,1.095978344312714,1.0956374675868896,1.0959902692363979
1.1508440513106963,0.9540181218493348,0.9960294946490316,0.9961245471720357,0.9952355812184992
0.9581950105993803,0.9840207077759672,0.9801818020228267,0.9802460668797962,0.9801638167954914
1.262218763198141,1.0067368603473288,1.0454870217240477,1.046505169939322,1.044453098288044
0.7707979221950703,0.9320984131317801,0.9024267577578662,0.9025569629251394,0.902433815734021
0.89195655571483,0.9922313185707102,0.979453843990505,0.9795574580928231,0.9795205808705272
1.210646032102347,0.959760297875998,1.00802756037786,1.0085934314837273,1.0061673388193069
0.7661479262321245,1.007974772669665,0.9758374865518373,0.9755800129946566,0.9765158283569241
1.0176773967298658,1.0567082602357756,1.0489956936399345,1.0490941011828772,1.0489502544357956
0.9666490680382944,1.0534837393418155,1.0384046151249535,1.0385583978233879,1.0383545925661468
1.0224826640634026,1.0299413093440086,1.0289150072300737,1.0289334366798704,1.028896840245276
1.209827191959294,0.9195541469111266,0.9711416230275033,0.9721699470361076,0.9695393448956325
0.9349457478848618,1.1102534260486767,1.0725455228657843,1.072464074019209,1.0726758100569453
1.033333258339764,0.9319009360413659,0.9521807505110657,0.9519868172724726,0.9517691563861718
1.1165105582154842,1.0334268492493184,1.0486326294863604,1.0483912417074452,1.0486158819906248
1.0484303486722035,1.0169376344279615,1.0243023196457681,1.024237156957466,1.0242530971318187
0.8389627537075466,1.1480169062239403,1.082593615618044,1.0807580635395313,1.0851993934310729
0.9157050979017949,1.0726086920341003,1.0417040749031456,1.041714316459629,1.041799258048031
1.3124039152154712,1.0049809364332527,1.0665475931530406,1.0684093016958656,1.0646236162936746
0.9707143031111505,1.0644776011500248,1.0449468852599078,1.0450721702787193,1.0448362332334957
0.9897816838773038,1.0072931147589468,1.0040874052893407,1.0040897759777256,1.0041302812973372
0.9771793867364899,0.981129896771349,0.9805397718629947,0.980547528312174,0.9805323378780637
1.0071364879794344,0.9372950573073046,0.9544111945547336,0.9543291309633164,0.9544897083996187
1.274229593921708,0.9433700854719197,0.9929182410752073,0.9944923170549079,0.9870396337360325
0.9979907312575386,1.0950004706370196,1.0793510204302,1.0794798124259477,1.0792428850717082
0.9662733759836332,0.9142397933747802,0.9222584464516739,0.9220948945645895,0.9223983246908383
0.9213916844800959,1.1533369344357862,1.112989049129468,1.112922497772905,1.114888709298026
1.109518872190967,0.8604076333666738,0.911793002446921,0.9124995283017818,0.910901861079027
0.8292609102023587,1.0035713300424607,0.9675000838744802,0.9675107257512374,0.9674919383998286
0.874461374246692,1.0846248270289816,1.0463889735933785,1.0463639899295545,1.0466478380621598
0.7706403273766733,0.984030796789297,0.9394632945857295,0.9389872967806382,0.9399512743069147
1.027691431236792,0.9621435839811234,0.9756663152044418,0.975543824024909,0.9754636098317482
0.982174016912734,1.0234935503929865,1.0159339046830225,1.0160169409463795,1.0158588986745656
0.818193827365468,1.041288066650492,0.9930080774229921,0.9945811132088832,0.9946284893814348
0.9402570716602222,0.9850702391528373,0.9759776045135434,0.9761248313374983,0.9760583251065329
0.9481902046017899,1.04340076796805,1.022709421435522,1.0227740192040602,1.0228217964796258
1.2091441727428711,0.8859633188931273,0.956700468027564,0.9587919646607077,0.9541319787555498
1.2710325678516892,1.1172347972717898,1.153037572236084,1.1529938246889053,1.151403273795611
1.171242925191271,1.030052846599281,1.0523437047174844,1.0519576877230348,1.0524335956680635
1.158394596493243,0.9961634153219379,1.0271331804705335,1.0271743171556198,1.0270907130930143
0.9316364368010022,0.9793151172879452,0.9701684337293076,0.9703072141161155,0.9700972247555177
1.140302869619907,0.9854017874418215,1.018997455552578,1.0188140216072947,1.0188211533332654
0.9864243745237364,1.2123561610519904,1.1733676410629152,1.173790429283101,1.1743266151576743
1.1048207378191608,1.0726571156248668,1.0792253917720043,1.0791578365396601,1.0792816781108328
0.8873017972994254,0.9799612236325114,0.9622348994499481,0.9627510194370006,0.9619901808321264
0.9065979152606002,1.0768868156761295,1.0406875082897848,1.040983283523615,1.0414590000604014
0.952903129771002,1.0493580065569506,1.0302103483879033,1.0303950864545932,1.030146402845116
1.1803932932699188,1.1854414862895433,1.1843048404964418,1.1843127211176276,1.1842994663778952
0.9983673766940762,0.9683331086706694,0.9731753492713464,0.9727941229282211,0.9731199211428273
0.978460149704487,1.0214828402504137,1.0140542287914027,1.0141751916931023,1.0139871214692175
1.008777925322863,1.0152583301695464,1.014249777888328,1.0142655125379105,1.0142838904906792
1.0236947781456585,1.0276104733036884,1.0267991944666437,1.02681625940084,1.0267855948409852
1.043604741255933,1.0103569721638315,1.0162465359965591,1.0161678031138477,1.0163213049848683
0.6466628551803162,1.029681939533681,0.9375335646592642,0.939909809337599,0.938423878803076
1.0978273903699645,1.1267756013332828,1.121305644871566,1.1215615803909311,1.1211775420939087
0.9330162262332795,1.0242952526579283,1.0055439786654619,1.005678380766607,1.0054345594969327
0.9435720092395172,1.020395345651139,1.0087484196389802,1.008872328956827,1.0086252751765676
1.0202473824304303,1.0724267382315122,1.0652496651217007,1.0653239411131368,1.0652261741260427
0.8334817337147093,0.956198957562094,0.930730444611148,0.9308170782473976,0.9306646790889741
1.0124668020415881,1.0490386973708807,1.0411853932129322,1.0412692016500995,1.041107644535524
0.8386761395393358,1.0398042224510857,1.0072876688860928,1.0090607523806714,1.0069108718468422
0.9237677432674433,0.951144941612076,0.9458713603770329,0.9459273129031117,0.9458244652042971
1.132454409797545,1.0436446976691474,1.0619980963505564,1.0619020500747023,1.0620920320153036
1.0810110666408805,1.0201562003496447,1.034652376547392,1.0341875363143787,1.034688736963779
1.1382947250900508,0.9480709554386917,0.9930051487842302,0.9932228394379291,0.9927168278334833
1.1671185453825772,0.9706759936318263,1.0124462030567964,1.0130190112589126,1.0110115670913944
1.0300858649080844,0.975131565653864,0.983686964366573,0.983581926005555,0.9837892568200717
1.1794681920779069,1.1462614046256516,1.1509077288593537,1.150829906032469,1.1509772777284968
0.7819847488162577,1.1607273976487216,1.1101781747658404,1.106348434673288,1.1141202272530473
1.156351598690298,0.9528410632290887,0.9886515196372002,0.988850975864523,0.9882041330738948
0.9754654947258318,0.988741472108502,0.9863566948076046,0.9863943711768403,0.9863385461419703
0.9122410934673877,0.9832589071414802,0.9691989048795169,0.9692885136328943,0.9691635124955452
1.1017880258824972,1.0366332606182687,1.0498428400051079,1.0488792114155299,1.0502338946257257
1.0289827587300144,0.9835470561999978,0.9930416072134607,0.9929238052794964,0.9930531051405944
1.1307463554367634,1.0228711793033936,1.0447579315801254,1.044630251681226,1.0448522951589
0.7632326015505684,1.1879718830354102,1.1260385784883775,1.12042349660334,1.1317493963885707
1.0163981043453796,0.9726053681813711,0.9804087639916822,0.98031783454108,0.9804491405210711
1.068234047081966,1.0221671259243486,1.0284517261122135,1.028265421966987,1.028480217102857
0.860164284728487,1.0564532153711033,1.0210075358993418,1.0211680221132398,1.0212304788682147
1.1864030911201064,1.0525673022339843,1.0800718409933052,1.0798734516803539,1.0802278844346638
0.8675903503741039,1.1482506039494358,1.0770530489178889,1.0755190533723642,1.078902748121068
1.303734269707445,0.9716162693748686,1.0296454611330732,1.0315770398007948,1.0273383393053224
1.0393971657463748,1.0282275673103063,1.0302244173277033,1.0301914483206396,1.0302445536662939
0.9026394134866539,1.0625378893379136,1.0302410916457847,1.0301680206316197,1.030314204724887
1.3038125191887642,0.9950569738844951,1.0677822372691173,1.0691956892924273,1.0656500794086878
1.1520693380900222,1.0287839656829507,1.052781484948567,1.0528606776904765,1.052388476833084
1.0732399478138095,0.910436166521764,0.9434358634696927,0.9433396319435254,0.943478562358166
0.8743326789596075,0.9452541041277593,0.9298917390522756,0.9300675217164516,0.929762809964592
1.1295018503886118,0.972345542695764,0.9942259091417178,0.9942085959921176,0.9940503111954342
0.8405335854532072,0.949383042449013,0.9255359008583869,0.9261555465146688,0.9256545522280097
1.088582422165253,0.8876700246813425,0.9316160598193337,0.9313691091296558,0.9310270897611732
0.8644314672745086,1.0134536187682293,0.9849557146752,0.9849850111629057,0.984946508016827
0.9343834078537622,1.0391617803982236,1.0235235261363145,1.024206252144956,1.0233539464141506
0.795449074175911,0.8732867868028528,0.8574758493781489,0.8575996790932521,0.857374701405941
1.007508817516302,1.0861250967823295,1.071508315689132,1.0716266407628965,1.0714716699684308
1.0025093043845232,1.0555972719703264,1.0459495135420336,1.0460434035513322,1.0458564785257003
1.177049697308815,0.9915650212807474,1.0263742219662026,1.026637568891902,1.025804289336034
1.2063132589856396,1.0034206089557647,1.0469293491924092,1.0468130692155821,1.04654842608204
0.8174808600242531,0.9965397873705134,0.9563515928252453,0.9562559482242509,0.9564490860758823
1.1383888285903108,1.015537669538963,1.034992343923572,1.0346899870426762,1.0351291147100934
0.7756765520179507,0.9770556487576509,0.9392190266243143,0.9389599880891395,0.9394799344099299
0.7249952099846894,1.010257470205851,0.9596606622615564,0.9576703813840028,0.9617349483827399
0.9050795606724379,0.9808077357326458,0.9666062246199788,0.9667763597713094,0.9667648437104404
1.1479856036053893,1.028572491598635,1.0459761927165794,1.0456877443983639,1.0454684801903609
1.0790699894615496,0.8857802134459626,0.9252208231347849,0.9254435232930521,0.9249830066569884
0.9220889536435298,0.9876042369093329,0.9740558723948038,0.9741381135553798,0.9739877594117907
1.020754297360603,0.8953666752581738,0.917221837815281,0.9169468902944812,0.9167772399865242
0.7878446067760525,0.9710718836686059,0.9415037957580914,0.941499795907474,0.9415344064973306
1.1195978297481277,0.9127475860649306,0.9642122513477326,0.964557315285864,0.963865870295998
0.8932156610711808,1.0054592588908906,0.9871380914475701,0.987342431036751,0.986944221091809
1.1479660774384026,0.9616230324583166,0.9951696154584337,0.9953598773727838,0.9949576118245317
1.2622588318698005,0.9340371384019076,1.010299529491781,1.0113801543255556,1.0087213704511813
0.9672766813826582,0.943858163009905,0.9476977262892424,0.9476225045454524,0.9477645501002878
0.8146678454220091,1.061092859907652,1.0126506789949217,1.0120233300104469,1.013285840800636
0.8955838027586752,0.9593735415519246,0.949944947484412,0.9502696509043697,0.9498615333965158
1.1520681737619565,0.9269213926548925,0.9763541120104685,0.976652533358369,0.9759772453973995
0.9927663530662757,0.8171550721357042,0.8559451416856908,0.8558750680281807,0.8542694013352127
0.9183413737909525,0.9781498365110726,0.9648007021259466,0.964859492907947,0.9650282435126788
0.954955409316191,0.9533452792479389,0.953617903387414,0.9536144357384926,0.9536213397602433
0.953888280771837,0.9004902816136933,0.9089107026202378,0.9087712138770726,0.9089866684016322
0.6933333822370027,1.0430108650021894,0.9667618265635527,0.9642356412382931,0.9693443941102191
1.1342414901888445,0.9550916458717255,0.9892620588564763,0.9894948304324678,0.9890078673788867
0.9767760682107562,1.0503186789710905,1.0360576859632162,1.0365444548168259,1.036151444060379
1.0557487529165046,1.0709322455351364,1.0678959638477608,1.067936408081926,1.067908227397733
0.9960049791450317,0.9260812667966474,0.9387459203567968,0.9385738845496263,0.9388819731114388
0.897194520280373,1.0575682525576973,1.0286213488812304,1.0286065366044332,1.028636435020053
1.1594405384165418,1.0864924501688888,1.0970520061655136,1.0969445089194745,1.0970768179679322
1.1519722947710995,0.9989071951657807,1.028903944302029,1.028781451825802,1.0289207096496376
1.0702650483063716,1.049746859748931,1.0538408217223354,1.0538003577893666,1.0538486209207476
1.002163029377046,1.0560008223984128,1.0466167059920446,1.046709183071296,1.0465271857551133
0.9579959415647687,0.9081570342646486,0.9150436800106095,0.9149510455415081,0.9151143229195705
0.9072883118838444,1.0625473376815453,1.0345231100045214,1.034605669818266,1.0344727041373085
0.9975834326845436,0.9651818277904416,0.9716581583357424,0.9715941625828274,0.9717207722137451
1.0391266753383321,1.0079994733241897,1.014608051009819,1.0145499509794775,1.0146113207021252
1.0034763273757885,1.037310315974942,1.0303274285696467,1.030390979838695,1.0302658532842632
1.063298971740303,0.9340648223171384,0.9599536518824233,0.9598366287837345,0.9600503637887525
0.8331868667610387,1.0249685754635594,0.9912519203509058,0.991257567527508,0.9915341840146209
1.0369972475777651,1.1038017474387007,1.0905339814263604,1.0906297254593929,1.0905205398846998
1.1476919241574692,1.0424349410326126,1.0655845150373562,1.0654377134527582,1.0655911931921496
0.8678739786586782,1.0221786774171777,0.9955306618232937,0.9955622930855992,0.9955327241809653
1.0645446323818197,0.9943824219873133,1.0059324449334885,1.005720114145509,1.0058520988555788
0.8991715569454509,0.9629436736311807,0.9500575993411245,0.9504097494167187,0.9503682218275727
1.071740684378836,1.1002711253600592,1.0944062223206181,1.0945764574606662,1.0943240433471773
0.9178610628177962,0.8855914960650257,0.8923271279839647,0.8922636281829802,0.8923868393242209
1.185828695634387,0.9555261041214902,1.00306333302317,1.0039708440753803,1.0019293640726785
1.03210891257503,0.9136712983749973,0.9333764388135676,0.9331378002812195,0.9335052307451804
0.9791021270068917,0.9281798363641155,0.9405351742941357,0.9404036702392402,0.9406546847226838
0.8157993737988254,1.03957899715106,0.9891572785134247,0.9901641685288253,0.9891311082343051
1.3108805707410673,0.931158295148773,1.0061559589913505,1.0099013681920495,1.0023501651439441
1.0097488381160458,0.9916730393113246,0.9953872752027043,0.99534588110771,0.9954262750153469
1.038314910133336,1.0398789630809155,1.0396239829576757,1.039627414798642,1.039620562274268
0.9801817657690401,0.9294891889996335,0.9399864133123517,0.93979074848428,0.9399667449087679
1.1253102505542587,0.8770901382766618,0.9220173617479617,0.9227927962390817,0.9207136738928297
1.1351862364765428,0.9508963069833303,0.9856448897869307,0.9848443977755462,0.9848919548568558
1.0277834934442995,0.9652009496535695,0.9741141580537938,0.9739953955793008,0.9742079117541366
0.9836946111564844,1.0735816691005147,1.0623987086592104,1.0625788503928304,1.062309095577188
0.7385171164121437,0.9064231133408924,0.8770543782916369,0.8769420025835941,0.8772080992086362
0.8907766043101588,1.0258085921056743,1.0044268301412114,1.0045018817445277,1.0044166020800525
1.0334808894444059,0.9531862983726261,0.9725608100530944,0.972430759458194,0.9723748900776237
0.8665692762463112,0.8530013655679197,0.8550551380499933,0.855021581931093,0.8550731381448302
1.1697812892253696,0.9870589482157891,1.0230442273921376,1.023162324681816,1.0228854559712395
1.0162932596806078,1.039939319091832,1.035907384614226,1.0359658868330999,1.0358565156493489
0.878279909494123,1.1068702862557964,1.0577347312109475,1.0584706523309015,1.0583976101198123
0.9347801766384416,0.9931063773478336,0.9812898620632632,0.9816339163934522,0.9817048994800026
1.000617866632866,1.0273097388428256,1.023691682306879,1.0238914701166697,1.0237290468831668
0.9209973388122982,1.0004338200072185,0.9843340678491567,0.984473216690676,0.9841987359775365
0.8106951098721809,1.0304494701538858,0.9875754374380665,0.9872115450907833,0.9886650602685754
1.0011449235626497,0.9571999927095745,0.9653689027732375,0.9652475485173372,0.9654768779036896
0.9934239850372493,0.9856417195612842,0.9869510983110883,0.986932074709332,0.9869692655238014
1.232771116370086,1.0209446484724145,1.0561295750682704,1.0563367168043505,1.05540905705613
1.2184885042016946,1.0032534021815067,1.0482159755114873,1.048390290957137,1.0478272987227193
1.0755502699360036,1.0281092446949451,1.0375071176261275,1.0374319710211883,1.0374822632456016
1.026223575613639,0.8507607487673782,0.8804456880133472,0.8802309192931896,0.8787504928233797
1.1128237746838234,0.9656979599292288,0.9979030172542718,0.9976352711102705,0.997313142509446
1.0256354235074538,0.9656237144498331,0.9727767167364092,0.9726661937736302,0.9728244637663904
1.0334344155810316,1.0862519681594314,1.0769144439277036,1.0771420249281365,1.076827361035693
1.1759118070724577,1.045822918097354,1.0658741805236653,1.0657745780113332,1.0659070331922431
0.9025951039239607,0.9129151093746709,0.9109890616462385,0.911007411268193,0.9109823864718933
0.7764139464221707,0.9943660355123022,0.9565095842306492,0.9574372420066708,0.9578318572456275
1.1643444781282728,0.8612440555698454,0.9205978195012263,0.9220253348132427,0.9191613359128302
0.7764420348684956,1.009018545137946,0.9609393851169458,0.9610028170615268,0.9613851838548042
0.9427551112957749,1.0325888310425695,1.0182810324103424,1.0186385725043858,1.0180788284902185
0.9602203214095517,0.9462862450916684,0.9492457821230801,0.9491237738907762,0.9490465361995012
1.1224511868337776,1.1583524449438285,1.1517769531174284,1.1518310899084718,1.1517804346029372
1.11968315780675,1.0109003406582069,1.032837400035898,1.0327268451591691,1.0329408228089076
0.8645731227672475,0.9220836541250946,0.9123290076997715,0.9125233095672773,0.9123296262938136
1.2266697741701624,1.0048977287422303,1.0444665259620207,1.0448737570817834,1.0439955417629858
0.6773585472680692,0.9104148590360425,0.8668402791742101,0.8667564636580722,0.8675636588438008
0.9613751524058501,1.0723332231330531,1.0566773345711742,1.0571829894092537,1.0567131749567324
0.570878067138031,0.9874174900067536,0.9052461611813792,0.9007334202248107,0.9098778298205061
1.2590163302425728,0.9865856577349361,1.0499404282469955,1.0507458763565953,1.0489785720729037
1.1177261143195112,1.0898856624282247,1.09494368315696,1.0948874687666195,1.0949966348300824
0.9668591430739994,0.9537802911718964,0.9563766214242658,0.9563232045305541,0.9564102208017603
1.264468838077105,0.8750482850053037,0.9493687003891971,0.9508668939023481,0.9442737967989951
0.9676029401200178,1.0996295704729249,1.0731629332867418,1.0734732150712034,1.072969059961348
0.9847957840440809,1.0272271531068387,1.0194752811751049,1.0195561454841104,1.0193949905330957
0.9782380975561482,1.0382001793333195,1.0296026983422284,1.0300515431833042,1.0295568943115518
1.1246224717273476,0.9947355649610383,1.0216443177028647,1.021434189699379,1.0210525344751444
0.996289305770031,0.9873919410033051,0.9890538470917842,0.9890117169062917,0.989054586148717
0.8193539195165891,0.9879386579630426,0.9525923986945773,0.9541894557876186,0.9523612684102394
1.093772181475138,0.9880783729741959,1.0094405014263752,1.0092601507074537,1.0094998786952694
1.0409521439447837,0.9357014121110507,0.9490199283579057,0.948880999446216,0.9491545725049924
0.9489202525452838,0.9406542485687339,0.9424160446449387,0.9423780572313225,0.9424384809621468
0.8870417021434616,1.032793364459881,1.0084262927360443,1.0085676053841324,1.0083395978624319
1.0240505820525387,1.1263783609162183,1.1074812800660416,1.107638616952497,1.1074180263094142
1.0679908835026193,1.1172087342530952,1.105647282324869,1.1055685363275296,1.10585666865463
1.0666586278197814,1.0276542692480646,1.0327329752093852,1.0326484507441416,1.0327990047746125
0.904618218484086,0.9966899284937674,0.9781628387434835,0.9783138448752497,0.9780890555147275
1.2899767894129326,0.9852286876743014,1.0523521926202541,1.051746064373179,1.0511790942260468
1.1347292029660048,0.8821394741721063,0.9452832281175286,0.9462870795522599,0.9442534952740524
1.0302213610590465,0.9529949463161287,0.9681509822284718,0.9679083128791459,0.9683332698045473
1.0027516675751498,1.073577993963441,1.0566437087371083,1.0567501563954298,1.0565423833437868
0.7482339260902965,1.0356577742127604,0.9702540672298245,0.9693899819190831,0.9713513867475779
0.8128742754501587,0.9768716999243,0.9491507344568723,0.9490781145680485,0.9492295353129702
1.3030364321020964,0.9021730779679478,0.9810987283523362,0.9835290361811797,0.9747303440823906
0.8868597752884908,0.9786087391945425,0.9645580978799017,0.9646710505605047,0.9644505406609492
0.8427822667982414,1.0334043196215805,1.0019436550853251,1.0016683929191683,1.0023270620597369
0.9149563072866883,1.028155413868651,1.0042828737208143,1.004392399451944,1.0043720172365744
0.8028213632620527,0.9077278497430209,0.8906423441764534,0.8915256561993595,0.8913381193169576
1.1594450150419635,0.9545878657351263,0.9959020816944134,0.9959124264027808,0.9956042768919888
0.983475793381201,0.8656151622038509,0.8878124883475157,0.8877299235897937,0.8878942210522964
1.1003237463501991,1.0900595122527894,1.0924254793563097,1.0924049179229045,1.0924457948254802
1.0171607704031786,0.9500211884934391,0.9654013356484059,0.9652853178039171,0.9655161648911719
0.7996010153502928,1.006432052643601,0.964101458837094,0.963801771316627,0.9646988607552729
1.0255755731432188,0.9868667747188751,0.9921063550494392,0.9920404331803865,0.9921698432462885
1.0884189370882429,1.062328963006217,1.0670583951866655,1.0669302801926581,1.0670812583576932
1.0217553085367557,1.0335151965716645,1.0315432783800447,1.0315544691333662,1.0315704281484104
1.0238747692166146,1.054321203948269,1.0493370888504727,1.0494346812946387,1.0492712765071848
0.9535043791030855,0.9470808052950175,0.9482886276685398,0.9482738010455637,0.9483015049515475
0.975622676419293,1.120588196354531,1.0876807994317184,1.087891648445368,1.0875642925779818
1.0562632655031894,1.1051553333165747,1.0952517010905225,1.0953717764224145,1.095292827540614
0.972328969031464,0.9770460070804389,0.9760746337063908,0.9760907102993344,0.9760888533960943
1.0066671804813485,1.0322793912792223,1.0276974881471117,1.0277489144785854,1.0276610387711163
1.0835516401404746,1.0080940410568027,1.0214857159964938,1.0213647270607524,1.0216040046095873
1.009664368627972,1.0654342318124819,1.0513792432391136,1.0514799881263988,1.0513031731839746
1.1253970077473634,1.0245727360701526,1.046905025483344,1.0467509899417082,1.046996844057457
1.1043318217667477,1.0155591567793232,1.0319420203130558,1.0314520999728887,1.0318102672456286
0.8900856267966332,1.0214015144901014,0.9902434085211255,0.9909092562446428,0.989823947789439
0.9379010062506105,0.9716331037798999,0.9664179888961801,0.9664868843948301,0.9663492601931294
0.9756469187401475,0.9923065728019765,0.9900691135171187,0.990101040551471,0.9900458929665751
1.1989728842361989,0.948891808536398,1.0059959500546933,1.0069515657102805,1.0050264873450783
0.9106443572445305,1.0593879986601427,1.0343555800016757,1.0341267824163596,1.034820122490089
1.2384665198320484,1.1284819602817915,1.1467283067094098,1.1464952067534604,1.146916582650655
1.1791432086494515,0.9114331116316511,0.9735522477162132,0.9747320039169837,0.9716352183071275
1.0573235203185938,0.9435455399737894,0.966225520801494,0.9660277794496799,0.9663938278132304
0.9683073522268171,1.0250615140192594,1.0173418030681765,1.0175229988296506,1.0172397354601121
1.2521330774911632,0.8945555258147595,0.9773036182165042,0.9798522902507766,0.9742607083154149
1.1972189323160785,1.0109204814698258,1.0490915002313563,1.049195735166109,1.048585312347237
1.001720165806086,1.0533794625686388,1.0438081748083994,1.0439329949750988,1.0438444546794863
1.0748002858181702,1.1024487504635863,1.0980808178520167,1.0982816618293616,1.0979948983586207
0.971679368075761,0.8782967709561809,0.8939688188901979,0.8932089011925833,0.8938119543352552
1.120850863365722,1.013236206680448,1.0300835327178135,1.0299713690550376,1.030195555251653
0.8954819072918505,0.8950765960932997,0.8951734977973219,0.8951724089666705,0.8951744491886028
1.0693101027570509,1.0617231079154594,1.0629546789654742,1.0629389352684442,1.0629689200153045
1.0071202467936091,1.1571166899180836,1.1277686506331481,1.128210280435763,1.1282148736360234
1.136466772895121,1.017525412506993,1.0418317546030709,1.0417665295388687,1.0418578484945034
1.0066194001222761,1.0238961850217245,1.0197866905044761,1.0198758277184268,1.0197755450398802
1.0378553478282846,0.9533389083590369,0.9702089974398316,0.9693711699954602,0.9701620898867069
0.9293502615054332,0.9939103397718249,0.980243305530494,0.9803394118875002,0.9801516167803245
0.9454453325583938,1.1583134155066392,1.1124476254557467,1.1130395392681067,1.1126462415465888
0.9315721453433473,1.0321675033219448,1.011648383093475,1.011772603119982,1.0115541036036215
0.9979954154654306,1.148557646097836,1.120453296214008,1.121028030703851,1.120291137710883
1.2057114204324244,1.0528480534688576,1.077877911447024,1.077612707984351,1.0779108527472308
1.116356350330012,0.9411152165853293,0.9746519512821398,0.9744771406037243,0.9746848292764305
0.851444222841107,0.9521245004423708,0.9376158703359847,0.9377476419576168,0.9374843401502398
1.0583510266702176,0.9687597403121292,0.9855519452425974,0.985456114162821,0.9856384446315003
1.2550718922381003,0.930058735133002,0.9816696693010022,0.9838479670531218,0.9792565045011092
1.222399958138045,1.0056445067222461,1.0533294684049077,1.0539176736186584,1.0525671291433358
1.006291043403934,1.1209250705009355,1.1035931074654428,1.1037342845882083,1.1034566542211333
0.7594800235630462,1.0572304767107836,0.9963756289129412,0.9963926464475226,0.9998891112297528
0.9797709250457595,0.9336544703767585,0.9434396104766308,0.9433669898376247,0.9435059819249836
1.103628157434299,0.8971104105211873,0.9336222636065246,0.9334910866503255,0.9315146126571845
1.1613938405756576,0.9653927299670044,1.0053975104572543,1.0050688927041223,1.0055467091940722
1.081957596303736,1.1495182084092115,1.1400855643402985,1.1401685449121814,1.1400205956075729
1.1581168421493464,1.0326568079327516,1.0557435025320656,1.0548471887263406,1.055322429163989
0.8098076501502871,1.0205139213271393,0.9572619680098112,0.9566067910027897,0.9581537472096423
0.7746482453674259,0.9594047923657618,0.9257084218319998,0.9256023910577409,0.925836040054007
1.0932782626182136,1.0847693886416714,1.0862019262068974,1.0861786358136594,1.0862137601637691
1.0432679682313475,1.0562494553124382,1.0539201527097881,1.0539594040896012,1.053901884714949
0.9816995068260798,1.103350704914999,1.0729583089481514,1.0729604156613197,1.0731292062858557
0.8910612032441871,0.9969511077571718,0.9801530234826342,0.9805354226880334,0.9803509967447911
0.9655104252525005,1.0070842352643647,1.0000056767227723,1.000120596913085,0.9999699410952435
1.082353423051928,0.9719486424869327,0.9911233445317306,0.9910117290734273,0.9911950767138702
0.9738072662896958,1.0558605293467032,1.0403962682975214,1.0404570316233903,1.040394749551285
1.070921164189322,0.9683451551190296,0.994804781166264,0.9946743832103754,0.9949295913272759
0.9186339089200544,0.9884661724917061,0.9764040406881962,0.9766475051022495,0.976292544623979
0.9018234530261773,1.0626861496701412,1.0342282749292684,1.034006210087891,1.0346354538065674
1.1945003249756665,0.976598754189392,1.0180840052580897,1.0187759652349586,1.0169024440080365
0.8367864418650933,0.9199116457035958,0.9083066176437211,0.9085351042733015,0.9081729697152806
1.0461955399375582,0.8815020165755544,0.9042435442812916,0.9042650486827113,0.9040813853191391
0.8941593856340773,1.019081752706508,0.9920999677022085,0.9925453151234552,0.9919606052702596
1.1649028022494177,1.1417087098303744,1.1457523078180056,1.1456613711887158,1.1457671124315907
0.9316761932076404,1.073013333989805,1.0342163923064809,1.0341369560526346,1.034429051302432
0.8804506653728575,0.8712998941464722,0.8730605822099454,0.8730396597243638,0.8730802694821913
0.9968636491333562,1.0108588644015821,1.0083394181967658,1.0083715032942477,1.008313758763231
0.9554472584525348,1.143056433032386,1.107110606485944,1.1069382666126044,1.1075019236977748
1.0078848408222925,1.1302036641015052,1.1045659899148057,1.104800140766021,1.1044095965475131
1.0617750005752016,0.8984268207535958,0.9240514961666948,0.9240905807135306,0.9240093847902648
1.0312435963499658,0.9190882666803469,0.9370396614291021,0.9370599728945787,0.9369555382668993
0.9611125678442578,0.9851556554844706,0.9800506671060564,0.9801230224252045,0.980057972678307
0.7517718050483168,1.018879144064283,0.9687763035610673,0.9680530843113893,0.9700704790427999
1.1058649967783802,0.9624153337867701,0.9990910866512679,0.9989945087462043,0.9989603040899047
0.8911598242298673,1.0029324467255287,0.9824123453436135,0.9828182669469598,0.982260171121584
0.9228266883369288,1.1181124248185252,1.08914020402921,1.0888146979664308,1.0894689760163685
0.8543098310088455,1.0952875132996711,1.046021645253912,1.045257596007553,1.0467918394737512
0.9593762496593764,0.9864803361670207,0.9810994700898099,0.9811782064038821,0.9810325427472538
0.6201819337540364,0.9924662600770359,0.9159324471152406,0.9127626592603387,0.9193322034814491
1.1671365141867251,1.0675725870282746,1.0816705468692878,1.0815004397410375,1.0817915993703575
0.965613555404023,0.847155823197143,0.8719600711932974,0.8715847586413239,0.8719920750482826
1.2367697430908409,0.9387350824163435,0.992995744983356,0.9945871995900518,0.9906192802142535
0.6579250585762855,1.0410491059271183,0.9635059403733108,0.9593844668469398,0.9676951732278086
1.178480258761551,0.9664343784614483,0.9994922088466315,0.9990532360219678,0.9993644263528253
1.1052888517873705,1.0722140996059197,1.0771611214828358,1.0770409536010388,1.0771850538203196
1.3166183072174664,1.0042679823008656,1.066558509362834,1.0676397972360179,1.0630049964056167
0.8123668199522366,1.0327669321011712,0.9824596065162791,0.982289856196968,0.9828585490915107
1.170230080595596,0.8554042938301789,0.9094351712455286,0.9110324595660525,0.9066094636629133
0.9585714619230874,0.8933890148181424,0.9072000975744845,0.9070932580005886,0.9072623896396818
0.7554882966797232,0.8934523318510716,0.871381654644781,0.87148118882277,0.8714435161181462
1.033138938350978,0.9512674775254656,0.964605938060185,0.9644477735707835,0.964675383681779
1.025620749281069,0.8967790453477928,0.9187305244808794,0.9186087411248874,0.9188394475313958
0.9683080846646077,1.00873086623795,1.0017268375318973,1.0018216066731975,1.001635981167559
0.8001478271916285,0.9613801552139988,0.9335631065535042,0.9336474317228627,0.9339396795013484
0.9770110235359517,1.1394063293308847,1.1080274284553073,1.1080374012896614,1.1080174804625196
0.8847645924266798,0.8868854672312398,0.8863923444103365,0.8863963459078483,0.886388649536251
1.0275704406236537,1.0204773846070043,1.0218362468887805,1.02181815115014,1.021850858775931
0.8819057275339938,1.0946567218555987,1.0565012350213479,1.0564645789347842,1.0574004614347796
1.0572374168921979,1.0641678569503583,1.0627649823129723,1.062781053653192,1.0627511749391858
0.8825886040418336,1.0077376142674783,0.9897354145376525,0.9908518958041104,0.9911296165949138
1.0973458139891115,1.010486301300517,1.0303310157086643,1.0301052289760841,1.0304449367651
0.7422496873209108,1.1011324185433162,1.0328693557333222,1.029598919461672,1.0370487548896767
0.8724416150080812,0.9111906236872503,0.903962076173536,0.9040094730106206,0.9039296885041398
0.859074784854561,0.9705586540793519,0.9412308637744058,0.9414080674574035,0.9411301487160783
1.0141204906744483,1.14037184915674,1.1178243012126536,1.1180470228773625,1.1176431917543617
1.2157210021786549,1.0200230133027244,1.0571962194599882,1.0573994359840322,1.0569519723874403
0.9294368468517039,0.9939175646819122,0.9774087877143426,0.9780157522750578,0.9772776954664957
1.0373950581162752,1.1121075422472482,1.1006415461735348,1.1007531565504678,1.1005334456857425
1.2151855360367132,0.9252944170634582,0.976710997045101,0.9779368164487765,0.9754774480826207
0.8578922025778113,1.053045311810818,1.0178707393995314,1.0175660341329014,1.0181967722874343
1.2473024671126276,1.0213465602231746,1.0702320610845635,1.0709973304704854,1.069203761516889
1.405846541430923,1.1173108455736567,1.173262805444837,1.1747027252573907,1.171740494742856
0.9586063920352803,1.0755991842241317,1.0549900019144554,1.055848304559537,1.0554556803416317
0.7605544071247629,0.9616954301342169,0.9282557312363282,0.9286184435156747,0.928385978201178
1.187274703382802,1.0847151722554984,1.1041821571968842,1.1041158110029359,1.1041300366576756
1.163455196827348,1.0486106967154054,1.0688293907388533,1.0677600997280732,1.0678405049803161
0.8535217351344762,1.0602395206815844,1.0236416096102896,1.0233229974428857,1.0239761143938282
0.8101101208096747,0.9844751731355647,0.9541360234366542,0.95407291270456,0.9543681175367738
1.0074995415615853,0.9751433332297605,0.9817995738258071,0.9817324044786122,0.9818616895749014
0.8119180957490229,1.007020577655566,0.9692876505614423,0.9691566369321952,0.9695426963172116
1.0277446683138622,0.9281499393219802,0.9493095019666634,0.9490493772079246,0.9494804509715722
1.021020277676331,1.0574394984890292,1.050844770808571,1.0509051612305633,1.0508113060474595
1.1336455610371667,0.8929492364054842,0.9437269702697747,0.9434700649237814,0.9430347098925169
0.7601075669265444,0.9446696495811515,0.907008770837447,0.9067454602370998,0.9072921030022811
1.086835112998397,1.1800037076270358,1.1590927427928055,1.159295156249322,1.1589257742166736
1.0666391740649641,1.0291461530772246,1.038143889906993,1.0381148980882648,1.038146546929299
1.0862382949429845,1.0105574663832675,1.029442523458981,1.0291862711721484,1.0294864485929593
1.3281205044862674,0.8241684765019085,0.9271245592542458,0.9353756200268063,0.9185521204928432
0.9161838198220181,0.9477965499486161,0.9418654998972961,0.9419226639280771,0.9418109768712347
0.946604407814669,1.2014362406445587,1.1399219130353786,1.138941413191799,1.1410035169161699
0.9143475208216076,1.1383189792554207,1.1004523108129096,1.099968461912722,1.1010355852380274
0.8509094565540168,1.089137723092176,1.027444513153243,1.0274031701330124,1.0283182916170395
0.8173429199745053,0.9889817959114742,0.9542517153016266,0.9541777009957232,0.9543359070674239
0.9114208268936215,0.9755835882622759,0.9656537088980325,0.9660024230918461,0.9654771084106972
0.9600904221999307,0.9707900246759006,0.9686002210571458,0.9686206654719446,0.9685800513271042
0.7415058323443429,1.1821055808442984,1.10539509953273,1.099850253381229,1.1113071350549868
1.0521499002947097,0.982569518330685,0.998163289172855,0.9977603569485629,0.99828379333176
1.0236066184907007,1.022641593573653,1.0228432786812944,1.0228409631453457,1.022843538466596
1.0818606455229305,0.9800755505884695,1.0018852510805265,1.001764808433453,1.0020053026012823
0.819768182946619,0.8971194169303557,0.8819928116396365,0.8821634368735121,0.8820972762548029
0.9802349072055099,1.032715362801467,1.0217543555646462,1.0219739106421881,1.021754121493287
1.0434155388814803,1.015924086499434,1.0209508744886826,1.0208720463008838,1.0209296030882424
1.119260301265949,1.0869920425107058,1.09291128552708,1.0928459160499011,1.0929205596931963
1.1373904781374509,1.011666191254031,1.0343290978717372,1.0341895758426534,1.0343620703800707
1.343615527023374,0.8289415573870219,0.9418211735280552,0.9493251623961728,0.9324419936803853
1.1402744714069537,0.9736419748755766,1.0033120363771193,1.0034268754001858,1.0031448155930334
0.9040622180268585,0.9985765259371733,0.9813737893421869,0.9815078254459526,0.9812402126628956
0.9990758590372142,1.115703885362159,1.0908052251629272,1.0905682021685799,1.0915796914816056
0.9784244311540954,1.0263297069716164,1.0205693546601144,1.0206885982398668,1.0206095074833057
1.0120458368713974,1.0723116379081268,1.056724967189625,1.0570195085941487,1.0565595531913305
0.8419311007243453,0.9727718046295449,0.9523047728050289,0.9524564824787717,0.9523270488438601
0.8901697849475138,0.8476446393232218,0.8551298880928397,0.8550314855828144,0.8552249788191542
0.6943471534152659,1.0208001361290986,0.9643808624323496,0.962412344386121,0.9663828990265296
0.8545518902595324,1.0146543219960544,0.9880617976340094,0.9887451410647063,0.9880478819994485
0.9407125253232739,0.9811922804461024,0.973928472153694,0.9741292204377099,0.9738177362543396
1.188335121926098,1.0789243871045995,1.0977691823558322,1.0975159942524573,1.0978948945905376
1.085212055223638,0.9482130286934863,0.9770780296228215,0.9769943853743072,0.9771573386985385
1.145568021912851,0.9862779952189491,1.011618663698961,1.0113894976183329,1.0115801402955538
1.0569814773569752,1.008743495403877,1.017881398667897,1.0177903892311715,1.0178474627341292
0.9548659926799894,1.049382832508536,1.0310954132110906,1.0315314621160023,1.0310439287753859
0.9222664066772261,1.0895805688707503,1.058817102204696,1.058936038124858,1.058899739239686
0.9168644134635909,1.0313163136622139,1.0036713445676577,1.003965209664123,1.0035461233536103
0.8177830922973764,0.9245191986186241,0.9017334142189654,0.9020000025766979,0.9021114930633407
0.9478851443596992,1.0494529566942972,1.0336046163512043,1.0337557400366963,1.03365856263217
0.9278142151587082,0.9589455067745755,0.9528026993487844,0.9528642798805288,0.9527414087696926
0.9166826574115191,1.0412183864971523,1.0154693279727842,1.0160041615233077,1.0162181686738294
0.8166955767603254,0.8617277223128528,0.8517479915194447,0.851876087261869,0.8517925283691363
1.0332125234072371,1.028250594683865,1.0290807033290648,1.029076411716227,1.0290635359582623
0.9489789487129013,0.9424741707552875,0.9436019037999601,0.9435487902501164,0.9436154791817644
1.2802386915942092,1.0387597622013796,1.08172981201448,1.0823660979134504,1.0810914255776674
1.1170469455509509,1.0123212983299938,1.0304912546217573,1.030158465312569,1.0306432370553786
0.9631137980236077,0.9713295061384336,0.9698704581512407,0.9698944435422664,0.9698504619349424
1.1212205486113431,1.051130377090624,1.0652063086222197,1.0646441038667216,1.065401382922814
1.2114762807594344,1.0043035485111953,1.0470504116982027,1.047414828411181,1.0465960303993174
1.1694780569927297,0.8622753549772081,0.9257842053485574,0.9261993079838374,0.9232920615161432
1.2024142471683552,1.045580962101676,1.0798905826894587,1.0798605240600412,1.0799150788247935
1.016788846481963,1.1253052388794984,1.1058151037253394,1.1059961204386253,1.1058126890078583
1.0111320581116174,0.927348602348117,0.9388809729497805,0.9387248334701206,0.9389940472780958
1.0800407071082425,0.9289788138105988,0.9581591136869634,0.9578854315324283,0.9579260546379336
0.9168051154445606,1.0446303685009233,1.0171768566103183,1.0175327695288177,1.0171964906241295
1.0435512187223452,0.8749978458370596,0.9083539627339015,0.9081647105800377,0.9081270358979874
1.1037334379366641,0.8960515345439127,0.9340410667410446,0.9344865496888981,0.933567432475606
1.0202140522819043,0.9830778097980876,0.988741571038314,0.988509977946639,0.9888980905608695
1.0516443231155368,1.0185803846686063,1.0243791677622645,1.0241245561429495,1.0244422296380833
1.0572733079372834,1.0232890836308643,1.0303311902315804,1.0302640892331396,1.03039656520341
1.0321067185704331,1.0533711779027244,1.0486699904622647,1.0489324770355533,1.0487096804295342
1.1784635692381298,0.9965517261508371,1.0281741581946728,1.027281761887231,1.0280652624304323
1.0034342729029158,0.9068132310736974,0.9237473314391076,0.9236226932751563,0.9238715144281116
0.9058379698215089,1.007612025884852,0.9913992500833221,0.9915324045400902,0.9913032446619462
1.14603305648506,0.9364461914616687,0.9657194843151694,0.9659292918453731,0.9653607062748312
0.7951598151488315,0.8692138139744765,0.854334003138121,0.8546536743486846,0.8542116382775887
0.6312910335077908,0.8907257755394157,0.8440574099982022,0.8436139945215427,0.8447793274964301
1.112229328543775,0.9999220346115598,1.0153867225340258,1.0153299400423152,1.0154152149707523
1.0320540097196262,0.9088934451131543,0.9347384703145125,0.9346393967870107,0.9347980766130741
1.2233398121969465,0.9224005405094591,0.9724923876187156,0.9745431351622292,0.9704205541249269
1.1405751748607524,1.0719039531392238,1.0832040891525776,1.083042195048647,1.0833286468278054
0.9524317440297676,0.9055125977041393,0.9149683585304257,0.9148721323357074,0.9150609293596217
0.9718345571500195,0.909916245237155,0.9229912519842068,0.9229038332493851,0.9229731971024144
0.9911292565419619,1.059549697761775,1.0469474968570651,1.0472100621944234,1.0468948266265172
0.9921813228988291,1.1148745778209568,1.0893374704467735,1.0894200899292246,1.0906617538439374
1.1289890504765179,0.9829177128497126,1.0158907589040966,1.0156411158578975,1.015963101781196
1.0073924696569394,1.0821954935456124,1.0722962629748287,1.0726444382040947,1.0720215466006642
0.9389200258885494,1.0227687812508375,1.008589201611002,1.0087163790978608,1.0084713380447243
1.1014250307205853,0.9717458646778546,0.9940099459244348,0.9940267007039528,0.9935631857707482
0.8836990684664144,1.0213981510466736,0.9994549057907077,0.9997437647169709,0.9994549340159509
0.8990718165302041,0.998033616271616,0.9786744386202599,0.9787201436035861,0.9786435398539755
1.0798998457269549,1.060111396102414,1.0643241633809581,1.0642875099573497,1.064334395335196
1.1691019041607298,1.0226533223926555,1.0549273171979798,1.0549660625291613,1.0548326275024282
0.9067619520816651,0.9403112588929764,0.932980439708038,0.9330278631199025,0.9329677892240558
1.1179893808401444,1.0698440899328774,1.078360053745049,1.0782594693740444,1.0784518939735022
0.8644929763015716,0.9705636199205647,0.9488175133605777,0.9489368703828677,0.9486989781461326
1.216215370953751,1.0080397379601438,1.0552470692024003,1.0556600311440592,1.054537283383148
1.025631524002156,1.0136275191561124,1.0164708430644853,1.016430443639695,1.0164837746247657
1.1584526215791096,0.994235743783272,1.0245603472673426,1.0246304014051888,1.024489294982034
1.1318361936405608,0.9544873738231823,0.9794965044022496,0.9795987834227273,0.9793517849574132
1.0220394206916446,0.9968428685311151,1.0022113056361728,1.0021511645528647,1.0022534499998201
0.8474592119324379,0.9450762736230325,0.9333873071353509,0.933505988349549,0.9332709499235377
1.094646050601448,0.9831606128803352,1.0028804861835703,1.0026714624726045,1.00279378754886
0.9976806120633938,1.017417284561605,1.0147846296975414,1.0148437866859568,1.0147288300163024
0.9933544962782029,0.8787968250755445,0.9012775700870467,0.9010882347398922,0.9010843753342258
0.9939637437290842,0.870869528925433,0.896097256355419,0.8956645349869031,0.8962739096890459
1.2108084073483856,0.9517230345408146,1.0022215275306283,1.0026464794869425,1.0015807961663894
0.7663839452173652,1.106239573158286,1.045894445911719,1.043968173885626,1.0479093216103275
1.052031211220725,1.0896755300166838,1.0832606988355054,1.0832095074746289,1.0833655901570802
1.0169923510534638,0.8764938169093855,0.8991204200974169,0.8988158729685858,0.8988853360703939
1.1719553816372192,0.8797717949666012,0.9463087560647658,0.9472429777868276,0.9443468153743405
1.007145158964035,1.073637497014964,1.0582006696967505,1.0584318584520034,1.0580620532539466
0.6975743297772213,0.99290584457297,0.9205551200759713,0.9189731338146392,0.9222347378352582
1.2478190908078703,1.0090890483086372,1.05006220397047,1.0507419789320993,1.0493742428204218
0.9299936466862161,1.000396722179367,0.9880573557765941,0.9881651375639318,0.9879756834151252
1.0605822109791156,1.0523426923350634,1.05395115196706,1.0539286360420004,1.0539724556892824
0.6769009812015931,1.0680946768446027,0.9951972788716615,0.9923165194859106,1.00023808422275
1.0357595473434829,0.9940105583909172,1.0033775704684063,1.0032905874112492,1.003462574806948
0.7058226131763179,0.8453149170354537,0.8146842425929377,0.8147966389717969,0.8146180215080293
0.6931511963511596,0.906140457376343,0.865695192537018,0.8654333505662899,0.8660546646430268
0.8907083149230386,1.1023923651694547,1.0580632806488537,1.058247237005414,1.0595110690754337
0.9900938924547452,1.0632109038019604,1.0466189460466988,1.0470053339073044,1.0468655855018207
0.4890305692163801,1.0218789163737183,0.8997887385156529,0.8871017908254533,0.9134903674678742
0.9790622224872438,0.8692767099038015,0.8913511228297326,0.8912509564702159,0.8914457511326149
1.1164073837403998,0.8997389933403112,0.945993146256899,0.9458358013730417,0.9455152433938445
0.7193193276452927,0.9788655519254512,0.9343636187076145,0.933309116007083,0.9354415463669068
0.9275553346056552,0.9461923574026541,0.9430230350854556,0.9430696759867819,0.9429909390495661
1.0234734936530046,0.986375774927206,0.9929206904311909,0.9928507756816779,0.9929279461591525
1.0628989272286737,0.9911316673874545,1.0029985131544548,1.0028322670756848,1.00314560172989
0.779028091808694,0.9629756060092522,0.9267149253835549,0.9266263251832864,0.926826736624517
1.1167358969430072,1.0520380936423277,1.0645612715740769,1.0644539431121347,1.0645238148718752
1.0232557093708126,0.9082856249940997,0.9327592519910234,0.9323377362656303,0.9329292829178063
0.8681438913369508,1.005433106983772,0.9821245829568923,0.9827326860531223,0.9833721556099414
0.9797967761989332,0.884887080058134,0.9054510826092479,0.9052393921676157,0.9051108167188118
1.1215113769392637,0.9270536565366865,0.9738535096768625,0.9729396849065668,0.973233009729868
0.8103883386057428,1.0310036404123335,0.9876905090205068,0.9873039545075626,0.988284609449291
1.0523879197527748,1.057746302620412,1.0568209340096455,1.0568286413691228,1.0568188487382253
0.997467854580226,1.0414859521123958,1.0332357669000818,1.0333226576997188,1.0332481797441004
1.0968747896336337,0.9750602616589042,0.9965590115308965,0.996448386357559,0.9966639410421644
1.0797546803069054,0.9605102794662744,0.9888159021015422,0.9886267179766602,0.9889084672748488
1.0766255019115627,0.9503019678522836,0.9753202070493474,0.9752419491039666,0.9753969622266859
1.2340842722123966,1.017931826152471,1.0670591292212968,1.0676608928759777,1.0660589989829246
1.0302364777877207,1.009209511207071,1.0129771906429665,1.012935844418713,1.0130183170375002
0.8892079504301995,0.9707041663766992,0.9568724811793291,0.956993373782452,0.9567520047856186
1.1657817515973303,1.0894238831934064,1.1055746328716676,1.1056302290927758,1.1044606323601598
0.7993463534583458,1.0330067857206437,0.995949835426766,0.9953392321244744,0.9975089875374158
0.834957385511394,1.0537303721335791,1.002444567557311,1.0022040084918993,1.00289888915666
1.0885967229126186,0.9442589865082698,0.9722013363476678,0.9720601169760058,0.9722747819799579
1.2325663946219672,0.9710281567817896,1.0236027741083984,1.0238185475783508,1.022857456729195
1.2137316051423832,0.9778136964760318,1.026648278012579,1.0272921252548428,1.0259216530960351
0.9769918860617743,1.0012205359690893,0.9965509141134702,0.9965725765865546,0.9965504947882023
1.1353912778295816,0.9913133646423489,1.0198667335678648,1.019766942300532,1.0198880689055232
1.1554898299388923,1.0286550841351858,1.0541542411905211,1.05407990024807,1.0542281879776711
0.9382257658512241,0.9465672479218885,0.9448728557907926,0.944887891358372,0.9448602959170667
1.225603209281269,0.9584853802837948,1.0120730629949641,1.011228134310313,1.0105243980182843
0.9431357520795421,0.9301214591739458,0.93315405790028,0.9331339331508285,0.9331653653063815
1.1392110621869158,0.9900058698796723,1.0140688744339545,1.0137389692689716,1.0140744063693277
1.036253734375682,0.9106428034301229,0.9363334539907359,0.9362210111769235,0.9364454608347246
0.9167766487729223,1.008606990948001,0.9931176145000008,0.9931375697508549,0.9932899609931384
1.113885520681194,1.0155336053445727,1.0321397413640643,1.0320270399485048,1.0321259806530394
1.195267674054149,0.9976843041009714,1.032492549760521,1.0328132235357412,1.032167751372207
1.0744839856982253,0.9184885514972246,0.9357712232805463,0.9357290668412495,0.9358043675994149
1.0974500043458282,1.0646461030722405,1.0695734941787245,1.069503357029495,1.0695623149077877
1.1640500773163645,0.7966810973430478,0.865265738814418,0.8690857981859694,0.8602092003551245
1.0407481892101245,0.9958060513857891,1.0059802512604639,1.0057772855727651,1.0060621772888407
0.9211303952707054,1.0340004992783582,1.017177369849961,1.0173909057825887,1.017488045921873
1.1328514866741533,1.0976035623812685,1.10359013381479,1.1034823971368288,1.1036441688948206
0.9935689781690307,0.9589461820691291,0.965866343036976,0.9658007753943467,0.9659122799395854
0.9462875885253093,0.9528754062226784,0.9517953819832942,0.9518122840867267,0.9517800534621217
0.9493909222492053,1.0019891330450776,0.9962513268674801,0.9963765225083174,0.996203037399752
0.9576462379436985,0.9697725171545651,0.967492215903456,0.9675221802731914,0.9674660399021087
0.9512838532268111,0.80859673255445,0.8408855336928984,0.8407813252133708,0.8409673780786875
0.6853659966084023,0.8161062124669267,0.7866791364223691,0.786994287873012,0.786590997573013
0.9052596882998786,0.953481363818402,0.9470994618934906,0.9472251247546096,0.9470234490502739
0.7256161686132889,0.983988429285308,0.9240168705264091,0.9234585904545689,0.9250957036219523
0.943996898012903,0.962410754174479,0.9586056129680197,0.9586452902110743,0.9585669735205111
1.1480246814790886,0.9457195724703992,0.981696983945598,0.9819976105076461,0.9813247798583247
0.8306179197209985,0.9228840286241302,0.9041110084764982,0.9042032300570954,0.9040216851246357
1.1451877976087883,1.0231360822597604,1.0521127072110974,1.0520357498733992,1.0521875109125962
0.8500252028110724,0.963745390787599,0.9436516323071935,0.9437288364259022,0.9436541704500776
1.0236549501804062,0.9414110321437338,0.9578638572714259,0.9577257968369449,0.9579877817601123
1.0995134785153657,1.0292505571575492,1.0405062656235986,1.0404124326460422,1.040541639336284
1.0992684388451517,0.9449342152491309,0.9736335856889912,0.9733873914575616,0.9735356515078183
0.8875991594876933,1.0109806337517622,0.9874067108246526,0.9876498155416422,0.9874560136236915
0.9733799696585375,1.075052174305524,1.049385536897276,1.0495816844812336,1.0503991533302641
0.7673245360855028,1.0238869741428192,0.9663999401808588,0.9657042902472622,0.9672301904352765
0.9630894587247927,0.9072234179553083,0.9176276026125443,0.9175190118238338,0.9177210521166803
1.0038043123562155,1.0311265511203858,1.0270817998189214,1.0271764901849842,1.0269969382271253
0.8544814276456684,0.990045557357627,0.962564525203753,0.9627904200329628,0.962363648430451
0.9527940495534685,0.9292489875370286,0.9326463052667491,0.9325950608011216,0.9326232346846419
0.8596741509410102,0.934797266928338,0.9162807351711182,0.9165987637728054,0.9163866018450137
1.2968703523658416,1.0987671879059908,1.1394125197444596,1.138768763721844,1.1384032517083353
0.9038916310845512,0.9734896025523428,0.959665588235429,0.9598302859661373,0.9596922765423342
0.9893035010327669,0.9895625454659022,0.9895227316605418,0.9895233797248841,0.989522157160606
0.9804677017623237,1.1028236920269865,1.0794532040181217,1.0802233645642767,1.079323503606689
0.8136985007007228,0.8317925961898442,0.8288591099879198,0.8289342712173065,0.8288882725796094
0.9893509044892435,0.8686922051999638,0.8883088726422793,0.8881142478995635,0.8884244057405655
1.1041027917881365,1.0247976459724102,1.0402491535446443,1.0401325663123937,1.0403655277395458
0.8809609911963179,0.9638622289117706,0.9480435431014015,0.9482740588007281,0.9479303268775656
1.1620890402993655,0.9846204709220342,1.0199454410343565,1.0199113109468698,1.0197064425004407
0.9793427981121468,1.0428124342482128,1.0328450569146959,1.0330444002649775,1.0329579417114445
0.9024989090629771,1.0649404269459324,1.0266403280592762,1.0273458097901214,1.026241412349035
1.1720802791435636,1.055315313628226,1.0742279779305497,1.0741691756776397,1.0741765242751158
1.2632909386776507,1.0198003650183243,1.056668443635475,1.0572141690694175,1.0557577654774977
0.7214107618944235,0.9554527304448234,0.9011896028338406,0.9007330109552816,0.9018306964818921
0.7836207885416435,1.0190597038014884,0.9848560242587372,0.9844736154608221,0.9856985436064436
1.097430091572043,1.0389662128121244,1.0448232183120816,1.044693406182966,1.0448595768055655
0.6390437848513602,1.11977604294563,1.014229479005896,1.0060783609634765,1.0227051422689497
0.8722101457857406,1.0076522763203912,0.9820008845036274,0.9820866938456329,0.9819736126753635
1.0379069144860473,1.050749702148966,1.0478822462114672,1.0479151877897075,1.0478730621084202
0.9116619669760022,0.9675905347150789,0.9567348965754868,0.956826293940973,0.9566445540165233
0.9389569572232098,1.0243341166465718,1.0098093968188915,1.0099837705997963,1.0098607412283325
0.9238733583846016,1.114948021121602,1.0841025305893952,1.0839925611999919,1.084243401041711
0.9627801356024993,1.153318375578923,1.1091545576453905,1.108924880154009,1.109420982445795
1.064090557303302,1.1118769607271757,1.103226664034719,1.103323438503204,1.1031325771751617
1.0364233077745229,1.0134573204585253,1.0182518939584093,1.0181775002159372,1.0182224249014298
1.1128838284636962,0.9633672547343636,0.992181376166354,0.9918789232649036,0.9922593667219934
1.2848577156173706,1.0528617009494623,1.097008198182446,1.0977036669675893,1.0956823630936212
1.2134212442078443,0.9550774817704217,1.0097339963214345,1.0103484251132535,1.0089071180292253
0.9497937142669974,1.0435142865386693,1.0269871101720414,1.0275195324645567,1.0274519843092778
1.307192762199995,1.0367901871831346,1.0990890121857575,1.1001486079013316,1.097967209522964
1.2295131536021,1.0894246804962244,1.1173572061591297,1.1173137908672417,1.1173938866577346
1.0532469780586295,0.9093105292442254,0.932408126060887,0.9322315478464845,0.932550364792056
1.0128386611489284,1.063122912566694,1.0526565522732059,1.0528977378042446,1.052608020512803
1.13314483893071,1.0378370273861512,1.0557060810996584,1.0549836348013035,1.0556277041308886
1.1682416564939724,1.0771010103428205,1.0975451396446683,1.0974341907739527,1.0976543785272657
0.8046687167448354,0.9341666666306536,0.9100783380810581,0.9101037597877283,0.9101626518668834
0.8387680802544285,0.9273619996399451,0.906138620589309,0.9063569189237238,0.9060088024123719
1.1525531227428545,0.9570980706274705,0.9974112369759127,0.9976614689435185,0.9969588466402917
1.2750510445996643,0.941931581544169,1.0083901621980933,1.0098160636172249,1.005978597675593
0.9532360966979152,1.066362568134465,1.047225543181471,1.0472799259841528,1.0472845093938998
1.0356971387173963,0.9909295614274899,0.9992228682524477,0.9989741937510082,0.9992922484202962
0.8268314839290384,1.1060161205284966,1.0508361084821265,1.048661469111089,1.0554786310762787
1.2436392387619948,0.9134507500183087,0.9971794620733426,0.9991510378661407,0.994595125973372
1.1682527100452487,1.1272851154111005,1.1323048461303598,1.1321653765118567,1.1323880869569056
0.9562073459503325,0.9418888848399272,0.9446113166507295,0.9445988954085123,0.9446182975621299
0.9081352874473547,1.0043903038055304,0.9869933596172062,0.9870062831656959,0.9873508613004509
1.1586972115368483,1.1458071746933118,1.1478252892293592,1.1477941517431665,1.1478552555656647
0.8615953839096849,0.9627057065995069,0.9434520141229611,0.9435758419066723,0.9433403585145523
0.9818452125504178,0.9812938169826226,0.9814005326482863,0.9813991454355921,0.9814001897221029
0.9335189996094146,1.0650446194997971,1.0396827044336223,1.0397947093736304,1.0395950680420052
0.9506467048952469,0.9492441841360097,0.94946055321135,0.9494581413443687,0.9494627847462636
0.9736478517760283,1.0899720257640453,1.0654956626820704,1.0657547674216727,1.0654284873383006
1.0663896578925733,1.049771131958667,1.0523146715086882,1.0522694313679752,1.0523577183350281
0.9592804320317415,0.9682094760942682,0.9665894061295619,0.9666089803147744,0.9665755042919859
0.8669741279709483,0.9148535541922159,0.9073011341260457,0.9074452948151107,0.9072056725174715
0.9468878963964269,0.8914966274108724,0.9034787323210445,0.9032286426260904,0.9036019951440727
1.133166749951,0.9491804467055722,0.9875641069671962,0.9878763493639455,0.9871056255961177
0.8591536538269949,1.0137255083767744,0.9911882580615713,0.9917411591271391,0.9910909783014793
0.7520655384532147,0.9227699161648699,0.8904835400356619,0.8903893061392113,0.890647567948747
0.9571264268295246,0.935587483472978,0.9403524651218276,0.940158154822687,0.9404022611040659
0.9140694290774094,1.015510301817451,0.9937273228009542,0.9939190801200191,0.9936326714020571
0.878413455373891,1.012187562760654,0.9884170799139979,0.988937352935813,0.9884746858937643
0.8142752331164991,1.0617461457248054,1.0083534620800003,1.008320217218724,1.0089641560327587
1.2027104502981876,1.0824007725769775,1.107026910307367,1.1063769585322998,1.1071872586457188
1.0627927828627006,1.045333404591315,1.049719741756682,1.0496806426618333,1.0497543265722893
0.9896563164209048,0.9767704455299664,0.9788317315210894,0.9787935131658089,0.9788674299461922
0.9009300675682059,1.0064752382819788,0.9886977266455341,0.9888587841666059,0.9885678415085594
0.7722910958748124,0.9291707186357958,0.895651063835363,0.8956711205894556,0.8956330043592386
0.8596542147695396,1.058318844575928,1.02602032408689,1.025738503660838,1.0263202278301495
1.3189610426440286,1.0517242707661545,1.1038404057634583,1.1048313662246094,1.1028192561387904
0.9646322094261541,1.0143618713902722,1.0046446900228625,1.0047932469946308,1.0045113301730193
0.7925812637206328,0.9302556787003877,0.9065962378338287,0.9066499838386156,0.9066544129169662
0.9531393717764578,1.0002597042402428,0.9892176737923459,0.9893149367489756,0.9891239185243219
0.7825740400823546,0.9742086752158514,0.9411404176633057,0.9410168590302643,0.9415520826891051
0.995614704924737,0.9946447363216346,0.9948081887030609,0.9948038251185353,0.9948097328209099
0.9270363776269783,1.1380838111082487,1.0939514706549007,1.0936158642678295,1.0942904220687686
1.0709863407634153,0.9359193203265074,0.959906250980834,0.9598307086019766,0.9599815269351927
0.9355738607905397,1.0580717692725647,1.0295626170568084,1.0296552585593275,1.0294807516775286
1.040933276298402,0.9482198794688289,0.9656670433509466,0.9654963831996622,0.96511469399487
0.9161163571824228,1.1455216400249901,1.0998579877570815,1.0994769283725914,1.1010994806999945
0.7604062434311382,0.925999447232412,0.9036841708034292,0.9035399868945392,0.9038532360935624
0.9197784330088632,0.9712069304736747,0.9622623591180791,0.962405975259105,0.9621950817232634
0.9685844175237639,1.0550194414368814,1.0420072777907088,1.042148441096921,1.0419910717206917
0.9385971269770272,1.0018046203737527,0.990245064595371,0.9904922637160973,0.9901358994723493
1.0303364610024581,1.1123273328169816,1.094477655012847,1.0946660067078378,1.0943095825656428
0.8114162584491834,0.9119436600801567,0.9016688641099414,0.9019534223934038,0.9020874489464683
1.0555554902009254,1.0984525641382967,1.0916057471879834,1.0916747441686059,1.0915558082850545
1.0762773708838007,0.8607966610796649,0.8893938568498758,0.8896876196921787,0.8890888602783542
0.8093629659140876,0.8940631106158834,0.8773028833761207,0.8774620796005597,0.8772167180864592
0.8227276256209463,1.0047906300045282,0.9657346654633844,0.9657405388690318,0.9657384587452617
1.1630105823290215,0.9755320083253589,1.0114617525814933,1.0115020590588102,1.0113314476572992
0.7920774836409581,0.9975809652339303,0.9588750937125793,0.9586227988516876,0.9591480067921069
1.0212083513768113,1.0155693945321826,1.01673038688768,1.016728511466592,1.0167205842935632
1.117646990980361,1.0498133973525605,1.0640013611946821,1.0638051319415316,1.0641723362617534
0.9860322859545887,1.1026353383727414,1.0761786283934427,1.0763915262595207,1.0761268435975135
1.2229684423295977,0.9928377293438033,1.0472506491570324,1.0459117596665135,1.0462990169506496
1.120291413148077,1.0344202313313149,1.0511494418436367,1.0509824330249349,1.0512734942079645
1.1558022457562083,0.9162432535927942,0.9513451298379692,0.951780230729131,0.9508060316679836
1.0265880480506553,0.9432771908021501,0.9588729099272618,0.9587668473798382,0.9588442838067675
0.8421971605068164,1.0121156232697905,0.9721684760365034,0.9721194227464272,0.9724060824921924
1.1263655399653398,1.1110736807166879,1.1137486058413717,1.1137123709056425,1.1137839719887705
0.9821741549883002,1.1307613087093564,1.1038377719774952,1.1039755218137621,1.103764532293409
0.767048635553712,0.9744862568566678,0.9397625230094477,0.9390440197379184,0.9409481788487633
1.1095526487478677,1.0678830834334452,1.0753917683715084,1.0751552803402298,1.07540975333414
1.1715021939552883,0.8646044974396433,0.9232363169762385,0.924923624496292,0.9214592924001042
1.0254401379666902,0.9850101879231248,0.9927574829009649,0.9926475170752076,0.9928574589164798
1.0670650485285822,1.0178115441677458,1.0272640145135892,1.0271499558796426,1.0273346047848109
1.073448811371109,1.0339498830123257,1.0418942820069388,1.0418384042823399,1.0418761528462444
1.3297329568372283,0.9028789562296547,0.9917402714205024,0.996674589362945,0.9858490842071771
0.9691601613330005,0.9838224239002024,0.9805882176445561,0.9806441371371263,0.9805383445598211
1.14755177607271,0.8823229256861438,0.9428017908740369,0.9429537991600565,0.9408667223624406
0.8450476802769934,1.0003538890164132,0.9682343829743414,0.968167300472656,0.9683213817419891
1.0045105831866696,1.0641848733828754,1.0525666943188927,1.0526684629909964,1.0524787627307028
0.8699760475916174,0.9825839795692438,0.9617617185705939,0.9618696878467878,0.9616574570308531
1.1849194393630453,1.119944334137696,1.1317103260550923,1.1315225245312397,1.1316145203430126
0.9417236398723837,1.053679960145723,1.0316208276243222,1.0319879623147883,1.031415891024023
0.967485204346013,0.9370131403651742,0.9440337065385382,0.9439687456237176,0.9440930822982395
0.8453097578582426,1.1132229676017174,1.0652097749527172,1.0644924552900075,1.0662539025233178
1.0274306681735232,0.9492337472482079,0.9626176479832518,0.9625608532629597,0.9625193949318538
1.06778303989805,0.9630456267925804,0.9864441335424838,0.9862325549375996,0.9865831570117312
1.0070608738632656,1.1193343613833782,1.0977415204270824,1.097873452415,1.097614660817104
0.997605824453003,0.9865567092420231,0.9887029685419949,0.988665383801905,0.9887109421867075
1.1552547437291028,1.089244402127748,1.102778172888159,1.1026100045848048,1.1028173754452018
0.9278447768797053,0.9852428609868679,0.9727021830384813,0.9728656125363355,0.9725834352713745
1.2043094455223138,1.0368890919203633,1.0760179025176577,1.0756479841336288,1.0753538892572978
0.7682958406672987,1.0161032540166464,0.9550617823858665,0.9542956724126267,0.9559434659796627
0.8049763359683593,0.9121044068708292,0.8995190678156761,0.8996632092477741,0.8993782211356813
1.0523227041335232,1.0484127779376702,1.0491289413723557,1.049123386038028,1.0491342895400524
0.845563333892786,0.9523549671408548,0.9293160642192047,0.9294115131171987,0.9292246521359641
0.955194275361355,0.9532842329771807,0.953641789837599,0.9536362988926372,0.953644501584379
1.0098709365458538,0.9729296651140011,0.9799294033578593,0.9798503423556514,0.9800065653126113
0.8500552748664039,0.9325887044005576,0.9159670638299083,0.916136489332525,0.9160155212301503
1.033598651808177,0.9899715873667647,0.9962949752360793,0.9961395177765799,0.996302034480236
1.2319552148137074,0.8498087558871565,0.9335910775346898,0.9353771356873559,0.9303996671108311
1.0777767195442185,0.9220382145034616,0.9540219164678608,0.9518706917700667,0.9537325550188251
1.2847116183593759,1.0214635981283797,1.0740874473536208,1.0739506422290912,1.0732862924707378
0.9816154237395492,0.9672309708693674,0.9693889749446752,0.969332494761717,0.9694331840954049
0.9963175319751754,0.9938414279361854,0.9943587056684564,0.9943528100967408,0.9943634561115208
1.169395892522387,0.8618991230321875,0.9155552451925973,0.9168791088901839,0.9128231771910488
0.9637755810659666,0.9881524016393255,0.9828014987038152,0.9828621011739337,0.9827833870723017
0.8283760669392792,1.1111089366002433,1.0578987211522581,1.0567865270302905,1.059157168389652
1.0612604264629615,0.9633001045926795,0.9828835488585158,0.982017499561891,0.9826424536645624
0.7685103455113035,0.9559452741004055,0.9164850504831948,0.9163965484433362,0.9166132111240919
0.8289509831886599,1.023459579855359,0.9776310914980471,0.9771838780697084,0.9784003606708468
1.1397544739342782,0.9934514910358021,1.013798465872078,1.01362337895377,1.013755798527666
1.0616877975397667,1.1078965682888622,1.0963529486106234,1.0964306973158455,1.096281284300646
1.1475046884225646,1.1091041963624697,1.117020395712949,1.1169747922252427,1.117047525069197
1.0603723424386453,1.0344906987421278,1.0398781286059078,1.0397685801970564,1.0399394155582586
0.8018061671022153,0.9649641695751948,0.9273791852413023,0.9271634118125516,0.9278030935701376
0.8090171086203052,0.9829072865452452,0.9428163485084915,0.9427337697305563,0.942949103401894
1.1069271191195642,0.9868816337409447,1.0080165533942533,1.0078586693977374,1.0080095802788747
0.8671808956180913,0.958767284408666,0.9411342907136917,0.9413687819596477,0.9410356693262405
1.1374429296695543,0.9086584525876928,0.9558789769891549,0.956279476405508,0.95547418657149
1.0786286847704987,1.159967061486797,1.1483532505459244,1.148647736308886,1.1484753379466952
1.0758293919646036,0.9840078237165489,1.0037066028747106,1.0035792445899132,1.003398551868201
1.0650282001578228,0.9771698702830615,0.9956546671543614,0.9955733225248268,0.9956183113318908
1.2559089705510706,1.0425084862308303,1.089555530582587,1.0900217834198411,1.0890652517310575
1.0541688734187786,1.089830473955455,1.0824656312347427,1.0825540392167454,1.0823861358774276
1.0768703239423296,1.0142735567630552,1.0270638380091177,1.026879412814605,1.0272222832353943
1.2000292930557301,0.9691335268266424,1.0148157111238563,1.0151620372982917,1.014398359716044
1.2870986391272246,0.905674463077578,0.9662350366172481,0.9681516558347308,0.9633403978701703
1.312093352129746,1.0178209461612917,1.0764352936758481,1.0780310202228511,1.0746531409820483
0.8638700044039278,0.9731736515324538,0.949667378289089,0.9498037241739509,0.9495317842265436
0.8379001021891326,1.0539722394492086,1.0168396632362888,1.0165724082005285,1.0171820235475235
1.0503005123278855,1.0388205624734947,1.041532964298117,1.041480306591332,1.0415348767336754
0.9395402433540279,1.0364022349991437,1.0143033811203215,1.0144745469883494,1.0141433900246652
0.9586629779881753,0.9720219867720933,0.9697062652764994,0.9697347612115648,0.9696781681473068
1.0467248989198228,0.9329943415130283,0.9573540001794845,0.9575301838420375,0.956727711637781
1.1314994968518894,0.9259801705554415,0.9659410608308027,0.9661861669329583,0.9656872829521079
1.016253910832106,0.9525360459027942,0.965086769863932,0.964979022676382,0.9651942850736197
1.2230981439833386,0.965775074649797,1.0075469256399763,1.0086069327708873,1.0062833808462948
0.8407829065703543,1.1032453438474585,1.0651670356709753,1.0644407609795896,1.0661230816938008
1.034334020594022,0.9548720242578486,0.969313271979304,0.9690205009247637,0.9693006598289042
1.0271302143569305,0.9642074980111149,0.9762757867251365,0.9762355391599481,0.9762471976349625
0.9496577718712382,1.0148639061566067,1.0037638421296349,1.0038995545345517,1.0036366180730107
1.2313955851329388,1.0791022702793085,1.1046641766444587,1.104487596270062,1.1046870212212212
1.0176896920470684,0.9473260327390502,0.9567378212670147,0.9565923723676967,0.9565613939639713
0.9105564302638379,0.9095963668765972,0.9097446845501004,0.9097426481933903,0.9097467111914608
1.0291324148943888,1.020721706832517,1.0221927679915888,1.022133600101428,1.0222032246553425
1.028420198064178,1.110432374322342,1.0922085112483155,1.0923318710928107,1.0921401004181333
1.0003946861919586,0.9964362867469744,0.9971338796157764,0.99712079986593,0.997139761933822
1.2879636596808224,0.9810029915879481,1.0419966866489243,1.0427776522825334,1.040465473949302
1.1698890922799519,1.0497756282916086,1.0730593421434846,1.072217525630885,1.0731598210458693
0.7721010644177243,1.101152358838843,1.0479774209483532,1.0452538975867118,1.0507838401086862
0.8654619516008818,0.921411392327344,0.9126326647917836,0.9127360878152103,0.912542054182654
1.0381991896195524,0.9606499672566795,0.975733412449992,0.9755508723152543,0.9758695655457431
1.023631522939199,1.0638636260147563,1.0566106512207079,1.0569842548211639,1.0567008435908174
1.1831078647216346,1.065435221487368,1.088506346569642,1.08838901284017,1.0885753745896363
0.9545715009523621,0.9980040878765801,0.9912695761578852,0.9912616337690856,0.9913482258379931
1.2028719674573234,0.9346456028302595,0.9937376913411039,0.9952112406529388,0.9922012523227034
1.0252389671733693,1.1202415087323616,1.0991890249887994,1.0993037997695148,1.0990756194592337
1.0504696615876508,1.0245588136497374,1.0289577464680224,1.0287437204996543,1.0289739433290435
0.9577659669935863,1.0239338574788677,1.0115060808481278,1.0117057714593676,1.0113511127924433
1.0287154484101801,0.8860610487479633,0.9180909154723577,0.9180239007866748,0.9181577104784617
1.0602044412412244,1.0445234014815308,1.0475591591176852,1.0475284727046545,1.0475896957775017
0.8714154481504347,1.0757053831566492,1.039796005893659,1.0394638964742178,1.0409173095188915
1.3351292890338098,1.0390317055223055,1.087395736199019,1.0887612148226613,1.0850247472441032
0.8400568193870792,0.995086066555101,0.9633454152108485,0.9634487180162837,0.9638819443680495
1.1692085335327527,1.0446065127410333,1.0708497787338505,1.070777341274426,1.0705066106813503
0.9007022326788696,0.9810327948998028,0.9665858257548118,0.9666857552043214,0.9665383612429701
0.9351667967126095,0.930220630516555,0.9310142524225674,0.9310067022408481,0.9310200737266727
0.7154862561620363,1.0215529750681431,0.9556327467859941,0.9546234081452313,0.9570321525589481
1.1357500131580363,0.9643015378307261,0.9945782957577516,0.994741776975441,0.994352427755072
0.8785243586055023,1.0526003145821112,1.012292678316013,1.0122834666937728,1.0126382368790625
1.0943447431803495,0.9720509810023001,0.9964429817486637,0.9965863085186655,0.9948210740450194
1.0333187689046373,0.9646288579880818,0.9804268720077581,0.9803405105514782,0.9804755877881045
1.1696854962440446,1.0021756299406133,1.0337723349758643,1.0338085420936307,1.0337360907047033
1.0881821989261005,0.9625089627500196,0.989146767176388,0.9884589039466517,0.9890150069860906
0.954262992764372,0.9726381712002752,0.9696460620126329,0.9697726815969326,0.9696681299769087
0.9431426290179032,0.940905118256914,0.9413449950081627,0.9413100248981694,0.9413584160560495
0.9217398134247831,1.0301762495334734,1.0111977631914935,1.0113266223875286,1.0112602056553783
0.9273786357328613,1.1122317855158834,1.0717966492499713,1.0720162918745098,1.07247803397022
1.047899005233421,0.9413702900294457,0.9542332627956125,0.9541076320492561,0.9543539419788383
1.0591083874840233,1.056120494563431,1.05673936598147,1.0567317747702878,1.0567465903501911
1.0102728157244212,1.0877536244391002,1.0724086235319295,1.0724932732110042,1.0724665459627314
1.0776163224663025,0.9569395916328018,0.979319288204034,0.9791838392109135,0.9788454916523528
0.9026610337179776,0.9354318323694057,0.9301138636573274,0.9301804065733005,0.9300476158226543
1.022429644057849,0.9368783440571535,0.9537946976688764,0.953541195148416,0.9539719290546639
0.9815414499617473,1.1442896327269587,1.1118885093635444,1.1121242801127742,1.11315886512378
0.591048329426548,0.9757385694771641,0.8818394326423589,0.8785234042214,0.8852547168419447
1.203353010499172,1.0107602304424037,1.041079960213934,1.0412456053607486,1.040750588309189
0.8606282992617027,1.0897815540767237,1.046316353491325,1.0465073115776706,1.0472767170648458
1.2115513626147367,1.1235853045887594,1.143037542236219,1.1428047166680535,1.1431667993897014
0.9462818874131774,1.0513830358173748,1.0321903625956395,1.032318897884441,1.0320621612006227
0.9730401554689434,1.041098824807629,1.0319992903659068,1.0322153048866785,1.0321958078479216
1.2563404830978344,0.9525234413005166,1.0231084937809,1.0245087777104744,1.0216168133489312
0.9954729998397119,1.0526103762840349,1.0402002323005557,1.040297640605341,1.0401348044614087
0.8867963136431487,0.9532986750634518,0.941526216779667,0.9415985530097838,0.9414689005124202
0.6579853701674346,0.9829600832703712,0.9176463700923264,0.91742577678352,0.9195739428803892
1.1760049665473613,1.1040232873296627,1.1160905988980647,1.1159773853539714,1.1162035235275671
0.6688898610139865,1.004896449783556,0.9504589372822402,0.9482806585077708,0.9528935785664707
0.9294518569998728,1.065055724444566,1.0372718618267933,1.0395019011278845,1.036665108401209
0.9924569972156616,1.118722173509124,1.0989316326825722,1.0990936657844976,1.0987957985884615
0.8653980775311054,0.8636935052190451,0.8639592895754526,0.8639556532489912,0.8639619313863789
1.304037947392469,0.9086885620669929,0.9979758088349007,1.0019144459623632,0.9939210984426172
0.9306353324981259,0.9592509039651478,0.9554776414656895,0.9555453236039119,0.9554124974944251
0.9437451462562403,0.998508482614847,0.9888299201988816,0.988936532980033,0.9887341569313701
0.9151368118752793,0.9659516023436885,0.9550432784370818,0.9553450003014086,0.9550502187715098
0.9139383599123858,0.8940100681860083,0.8972408875175779,0.897195466518517,0.8972823365999681
0.8101507652987289,0.929067536506808,0.9083574512164365,0.9084564334740821,0.9082602597209113
0.8802407331273071,0.9433605781691958,0.9304845816442052,0.930599615983901,0.9304132164407303
0.9011565222441065,1.0888816134999393,1.0478701974947804,1.0476857467186211,1.048081835074491
1.0281212813306575,1.0468043882243157,1.0440323888139582,1.044076662593605,1.0439965759809784
1.0585613753319103,1.078641471245327,1.0752292603325992,1.07531780376059,1.0751704783941116
1.0120082685086471,1.0921383475583752,1.0744473500592941,1.07461334743,1.0743142398869334
1.0450580619058345,0.9247671466707391,0.9494728896124887,0.949373827081534,0.9495702916941383
1.1424020207403436,1.0664038813964216,1.080028470147872,1.0798806843468671,1.0801606580492793
0.7957141161110095,0.915697427970508,0.8952387673020618,0.8953465841441349,0.895132654883202
1.0293675547918895,1.0206011041932819,1.022338885736775,1.0223201412985188,1.0223509497409977
0.907300959720866,0.9222813978173793,0.9188088191710281,0.9188379758638872,0.9187848384620547
1.11684312795784,0.927318365682468,0.9640120553741216,0.9642043434114996,0.9638024834178152
1.051287583944362,0.8489712894387889,0.8791158529329084,0.8783862667222936,0.8788400703802232
0.803523142480938,1.0197442655868372,0.9648041439622218,0.9643987838414338,0.9654625203696168
0.9133806639868635,1.1262154028077396,1.0844651168874035,1.0841086255785823,1.0849819298329415
1.129962594075817,0.9918327137140677,1.0215906874755567,1.021536373270167,1.0216449524491082
1.0531807167677072,0.9236931161296172,0.9456123835770047,0.9448867432426369,0.9457115364356528
0.9744178212552744,1.0813831090198733,1.0625850074605596,1.0627481504709013,1.0625463710711234
0.805566338168612,1.043157739290938,0.9957267985153085,0.9952144529970666,0.9964963887257164
1.074558217878663,0.9840305747089727,0.9979972687533284,0.9976321992110171,0.9981523081471328
0.927138095553896,0.921967054825392,0.9228974832844066,0.9228872556838781,0.922907669500772
0.8324329653789247,0.9932624314718492,0.965105859180391,0.9652636414233223,0.9651270519502607
1.1602842779826976,0.8888807101639847,0.9531324982369122,0.9542380566628166,0.9516518913217236
0.9154371672953251,1.0116586653739705,0.9937816227367567,0.9940545716626782,0.9936740739364068
1.1419962243127177,0.9399945614782852,0.975368979938778,0.9754083779297545,0.9737288064446138
0.9685341556354045,0.9488673869043942,0.9533702151671993,0.9533296513583248,0.9533950914799443
1.018738393469031,1.068600821777923,1.0595815629718848,1.0596722121451758,1.0594911673024003
1.1593340766742506,1.0077275339449767,1.0354883503005736,1.0354393180055288,1.035536396092891
0.9158345636159555,1.0109658654991678,0.9922136299910925,0.9923523012213568,0.9921058269236502
0.8269056505227316,0.9457428997763827,0.9231466308476092,0.9231907477633507,0.9231109688844862
1.0085762858939968,0.9102378049789469,0.9242579228870228,0.9239442704874153,0.924497418141124
1.0840577058274927,0.9828355789869895,1.0008940467410579,1.0007451708589905,1.001039009891214
1.0415391597818515,1.052293271052716,1.05036823607222,1.0503963335553796,1.0503511429262131
0.9405312338739524,1.0507217972446294,1.0269201154063528,1.0271880235401962,1.0270782590777494
0.8549866238912912,1.0204891926652462,0.9892822303113282,0.9893688845718082,0.9895568756598196
0.775210735750463,0.9807271806119805,0.9358712620278036,0.9360649800302931,0.9359850219505186
1.0188628965391118,1.070040316745122,1.05939330407735,1.0594841153788088,1.059303115913818
1.1489337610585293,1.0502312417712,1.0678756182286269,1.067713875196133,1.0679139434639207
0.9843309228323843,0.9517175414455404,0.9577179845509634,0.9576366797212,0.9577560241309825
1.002659169283086,0.8904208343666276,0.913430935434993,0.912725067990661,0.9137009096221953
1.009329281213044,1.0489327575600877,1.0411705583474877,1.0415120327954894,1.0411093866362027
1.1180938532236155,1.0731378614973626,1.0806778325364674,1.0805712841590775,1.0807711804470097
0.7324579293280451,0.9500367065364946,0.9036472437667378,0.9050551730619073,0.9043870907808075
1.0780898288175922,0.9182046371763241,0.9475613294145392,0.9476870839097616,0.9472833542100003
1.0226886626716991,1.1029529184959461,1.0883124152245929,1.088462514831169,1.0882028696367643
1.1166480244856332,0.9592684303863851,0.9874676024529107,0.9871391736646944,0.9869833447205415
0.9216062164213343,0.9408459799069105,0.9367870662081246,0.9368282039265313,0.9367461465988557
0.8665894040726346,1.0162477658442675,0.9906220666602985,0.9908340958210614,0.9910079117619017
1.0652188216717724,1.0949631726252391,1.0892398581571185,1.089383435959251,1.0892412632915418
0.877508394125199,1.0509403007945042,1.0181502079198017,1.0181726916484446,1.018144654440476
1.1328127472035856,0.822500796996022,0.888340484157283,0.8896954964149354,0.886895884774511
0.8699246010673775,1.0145853408555432,0.982319185308496,0.9828519857187311,0.9829280691801983
0.935120021425344,0.9813060841615104,0.972208556731424,0.972337941294081,0.9721201864957949
0.8609762045663095,1.133297070272679,1.0745671827601753,1.0737084949282651,1.0755259142794058
1.1230643915583138,1.07923564397122,1.086965489511438,1.086854039634134,1.0870423357281795
1.2739421297479563,1.0237976980859829,1.0906291593221358,1.091318107011979,1.0899172913553787
1.0245299950477946,0.8527729532389475,0.8815068135041241,0.8816264406073799,0.8813860046963734
0.9436106153062414,0.8314314900487432,0.8598139381978227,0.8596831154676942,0.8598073243526821
0.9673195450877912,1.0701013472490872,1.0536101514802496,1.053538567839869,1.0540032948579712
1.0799912214638194,0.9315925281489358,0.9623543593613886,0.9623499958939522,0.962352087944478
0.863755143936962,0.963860965104413,0.9478966671837892,0.9481786320524987,0.9480904983500663
0.9092395723736494,1.0462128686907242,1.0194587295386168,1.0195631352565688,1.0193547472402218
0.9371571984663869,0.8930702373407347,0.9026715030717903,0.9025910591620143,0.9027516824762505
0.9026454852522896,0.9670877592072936,0.9559129469170046,0.9563188046088807,0.9558258661452979
1.1572077977273278,1.0525764020315045,1.0736111318449588,1.0734973616718015,1.0737128583295197
0.7693974467306091,1.021248024037768,0.9563219140133862,0.956225272453355,0.9570704378282535
1.0808755191629253,1.0096478459226002,1.0253218237965611,1.0252221866396893,1.025198555660682
1.0470027224433003,0.9881097628564981,0.9998414754672639,0.9996819501686525,0.9999751670102947
1.4406740059984082,0.9567619006483885,1.0693674967941618,1.0776151059592358,1.0608864828228262
0.9357555780801405,0.9356325976806654,0.9356536059199692,0.9356533400096878,0.9356538494156305
1.1279816681895305,0.9227864116985992,0.9603073791867862,0.9605846474738448,0.9597141695488938
0.8672594158278076,0.8878929268492152,0.8834569201264609,0.8835023958013535,0.8834243169714809
1.1509027175797524,1.0631508763186515,1.078070519066212,1.0778848318387424,1.0781617941381878
1.2625879835580391,1.0090968399554987,1.068664245078476,1.0693580713184567,1.0679523503459456
1.0789350327283658,1.0692628403155113,1.0711194716478776,1.0711011401316402,1.0711168124399864
1.119743909905613,0.8980946302590732,0.9451463105493888,0.945326570976173,0.9446074675899687
0.8220504573694968,0.9736085964993519,0.9429739920039577,0.9432783951792503,0.9429640284866551
1.0742587037830278,1.0190426083922093,1.0311486110418235,1.0310280467414028,1.031246556230636
0.918901718226517,0.9559337146973261,0.9488807967897686,0.948961415133768,0.9488183902876908
0.8188097598746057,1.1208782228296335,1.0770972805801162,1.0754879437228162,1.078971308326813
0.7321947686372462,0.9935047203174473,0.9341399775292359,0.9330029715618167,0.9357331351970329
0.7711951836880141,0.9419071199869169,0.9081800733619503,0.9086337585447666,0.9078813352317605
1.066740760086389,1.0394172650817177,1.0434690943729827,1.0433731661539931,1.0435305216951423
1.0240041402115538,1.1038760677442947,1.0907854507327457,1.0910459301131743,1.0907219132218993
1.0425568366884388,1.035376204145404,1.0366796745540052,1.0366647404658689,1.0366945664913847
1.0117514899790874,1.0150463503601994,1.0142811231990148,1.014291029219167,1.014273391295689
0.9664570326400124,0.8271771182555633,0.853478021372022,0.8534159749800689,0.8534386882020948
0.9552233277973798,1.0168412655399537,1.007190922138385,1.0074020374672528,1.007153797917145
1.03449004536187,0.9793301682005443,0.991206948796054,0.9910944178789385,0.9912330079904834
0.9850228506236044,0.9138527345369617,0.925409558960405,0.9252716458872795,0.9253305667504291
0.8298494865655729,1.0394350974584377,0.9894748500687027,0.9896324680744676,0.9904650766976357
0.9942627855729281,1.0692788748729645,1.0522046788831578,1.0523261280800458,1.052317297379219
0.9859415882915756,0.9735308559139649,0.9759928938376632,0.9759671468297149,0.976008070354558
0.9711177886530301,0.9950640052034252,0.9904737746575323,0.990542062818373,0.9904219285363534
0.7096618482909279,0.9331467353539866,0.8865635870371349,0.8864436810336522,0.8867739624603115
1.137090213972705,0.8692568473399483,0.9172818715833994,0.9186731663167716,0.915869617384266
0.9641115202730417,0.9974540401755244,0.9919463574330505,0.9920746062125329,0.9919339353849568
1.036158816765614,0.9402228449114262,0.9594081637556985,0.9591451772559075,0.9594048901698972
1.2059125849418297,0.9128442159727163,0.9739065679032645,0.9752013295050936,0.9718828824192072
0.852607552968649,0.9851326290009573,0.9557140871485121,0.9558217539786896,0.9557581640784449
0.9807315758214552,1.0854723332232867,1.0694642813285669,1.0696043454841049,1.0694247347723604
0.8337384670125998,1.0142942963035502,0.9875436279290494,0.9876234841419066,0.9875840307287282
1.2056903318165682,1.0192740210566367,1.049749485220931,1.0498639752261596,1.0496348450373998
0.7723546258191764,1.077569984856314,1.0264251726315117,1.02485841916829,1.0281916113701026
1.091893521405811,1.0159190798480566,1.0246218813296697,1.024510975425508,1.0247053100547223
1.3236512815893986,0.9690623886931246,1.0518911424930424,1.0549404099738726,1.0480820947105303
1.124015005209288,1.0045172852861435,1.026482498273613,1.0263687822089427,1.0265717566498958
0.9114863538347391,0.9493729007901579,0.9414796079524446,0.9415725070813487,0.941449156562868
0.9815827086108238,0.8985400753238286,0.9151116418347097,0.9149783325463193,0.9152373781295017
0.79835039386243,1.0286077726091283,0.9758914875930087,0.9752692088346396,0.9765833459590814
0.8750193230778652,1.0658998756711933,1.0294231118349821,1.0292418682481168,1.0296123350318203
0.9771681348227759,0.8950890408837244,0.913695883023652,0.9134655641563473,0.9138604707636353
0.9939364466082691,0.9631828438873212,0.968870075200678,0.968697993276076,0.9687614342678093
0.8625338355740345,1.0796544358029072,1.0412984980879763,1.0409425348224772,1.041732123632031
1.0301046692868507,1.0490956065701083,1.0452009472903994,1.045239992923746,1.0451706449838145
0.97108311246987,0.8924913326230794,0.9075601839607259,0.9073984402381777,0.907632365516263
0.7037535652971992,0.982778437809143,0.9201121177451848,0.9189187756588809,0.9213813510012785
1.0165270592173874,1.019736571390086,1.019091374648211,1.0190975196539278,1.0190911797989035
0.8570898712268584,1.0170639537896327,0.9822858979596687,0.9825168396313335,0.9822695449781463
1.0589686168612822,0.9516012500966438,0.9732860099439358,0.972762863629694,0.9733499989517312
1.2784896441108318,1.0086411543358798,1.0495462348556808,1.0495841859392423,1.0485287517177513
1.334823526713946,1.0316801505476534,1.098889739397992,1.0988616884737847,1.0961308438962685
1.1757044387532658,1.0065226302507262,1.0374815823226478,1.0376324079666581,1.0373198536478538
1.0999222201711993,1.1176208930128237,1.1141900279889985,1.1142392087380606,1.1141575617970978
1.1936898404376244,0.9475197688564645,0.9974667401290364,0.9979911086474222,0.9969393411424117
0.9464443894403004,0.8947347520377845,0.9036450505155773,0.9035477991381852,0.9037394117665072
1.0754266210208567,1.0862667702950581,1.0844124873747967,1.084435045622008,1.0843899856267682
0.7259690103562899,1.0431198371354016,0.9786554591714007,0.9768794011524858,0.9810182418744976
1.293867139800932,1.0647089652807455,1.1120051910318514,1.1125138358897906,1.1114841365800705
1.0763418019500297,0.910969283950606,0.9486109039661231,0.9486528004822088,0.9485661338750958
0.9635827575925974,0.9467002426701798,0.9499712407893345,0.9498654251784325,0.9499354370190323
1.160030088451202,1.0461671836027575,1.0667837298099367,1.0662369611910851,1.066450144369119
0.927302964933274,0.9410274844943354,0.9386475253939035,0.9386756827185166,0.9386197075956855
1.0693145094280252,0.8939866078560667,0.930399104819735,0.9303474928236994,0.9303847522429519
0.7935967969323643,1.0578022186646465,1.0052321563968354,1.0042423317985365,1.0063039831856595
0.8508996038679647,0.9242641611759337,0.9131801785045227,0.9133447083384703,0.9130435015016969
0.9509682642014353,1.0249263893903293,1.0087532753637163,1.0091549721329693,1.0088594436088663
1.0443929035266355,1.0785239702474259,1.0712901912545276,1.0713532638065022,1.0712287093662722
0.7995297584714987,1.028485232518847,0.9848223847622726,0.9844957815678013,0.9853694213620015
1.0622348431337922,0.9934011942453712,1.009744683821651,1.0095488926485883,1.009898477337416
0.7650793893605853,0.9440221133360039,0.9052990523738601,0.9054020377292318,0.9053522862969614
0.9135701358283062,0.9834551334576901,0.9717299199577735,0.9718846779633527,0.9716084330600736
1.0665847025598119,1.0700308836444903,1.069225912470261,1.0692469076559692,1.0692114120859253
1.0130958786475424,0.9343125714620257,0.9519718861872896,0.9518917539037848,0.9519973521326573
0.9184396852839437,0.9629100780075701,0.9550815676672887,0.955162436468652,0.9550419556421568
0.9777516833202127,0.9719520519125554,0.9732703013312946,0.9732464408013985,0.9732851633381572
1.1377345866481279,0.9795841128523527,1.010820344737045,1.0108012380458409,1.0107600636486738
1.0313801626582246,0.9933253794339559,1.0012178232771118,1.0010459929674493,1.001272483145453
0.9255035090687551,1.0108382528346305,0.993970541495182,0.9940867528452936,0.9938547771366633
1.0723861874782543,1.0801042661625049,1.078290949505142,1.0783191309427553,1.0782689853507472
0.9954534130484243,1.0331235873892615,1.0267995485987966,1.0269972803215026,1.0267982600150374
1.044534702359038,1.1186511002022201,1.1033285552176808,1.1034481314496516,1.1032100303305945
0.9908721118325546,1.1287729000303866,1.1109775886173283,1.110944649401676,1.1110677140631462
0.9881085105339664,0.9611605621219236,0.9674369790423551,0.9673847034416856,0.9674863157610063
0.9905685130058722,1.015588811695599,1.0121534734276627,1.0122380477767159,1.012091909595287
0.8836758204955231,0.9829816570163565,0.9614711937666445,0.9615950837262014,0.9613599371532735
1.0832330096007903,0.9916442879542491,1.0060736213809256,1.0059005290150145,1.0060934336105887
0.7620766591265832,0.9880952717802116,0.9383202126092771,0.9381009022865499,0.9386925123010127
0.7009949931686816,0.9156049828392498,0.8712470245176351,0.871649169161861,0.8720223226771808
0.791749669714935,1.04951537768763,0.9979754109860208,0.9969191982338436,0.9990370631496798
0.6505973934449875,1.0878454014113963,1.0066119721585445,1.0017749978194759,1.0126502584739954
1.0225955289170536,0.9153619338665051,0.9373607108663209,0.9370214045705547,0.9375648780411973
1.0496756927001034,0.9932813692688449,1.0049722733784172,1.0048847888885262,1.0049298208771555
0.941613275004338,1.1062407195469521,1.072809937809369,1.0729904991881773,1.0734413983804654
1.057097771788806,0.9309425935569988,0.957214876238392,0.9572081818341431,0.9559880737882134
0.8268354161642749,1.0628402202048717,1.018626773084848,1.0185310267770011,1.0198556258420624
1.205348609693029,0.9618182849254918,1.0141693671735288,1.0145977670105808,1.0134153304243794
0.8728021432458546,0.945621334777167,0.9317942906156595,0.9321235611667504,0.9323837666490583
0.9467183629139775,1.0322668538833613,1.0187909828454682,1.0188768128107428,1.0187368125292973
1.1966836868114448,0.9968844192226697,1.0330646521307034,1.0333079446683984,1.0326666695337625
0.8994542407199323,1.1182845866977624,1.067993703411237,1.0679966601512914,1.069204099484586
0.9809899203915912,1.005872346152151,1.0012079945138415,1.0012467821628777,1.0012638723624296
1.0719651401742907,1.109666390402519,1.1045383586139585,1.1046051090474465,1.1045312728293064
1.0930029354105688,0.8972534916333346,0.9327869099599697,0.9333601707665894,0.931434538867549
0.9737936409145146,1.0681571489775699,1.0522627690754534,1.052695209707474,1.0524387201705852
0.9017051419495862,0.9732046331013029,0.9594034168228476,0.959513492149539,0.9592936090268956
1.013476296494567,0.9302168443930909,0.9481637625327348,0.9480190504484425,0.9482902514829634
1.0433419632292886,1.0509434455051654,1.0499635205359077,1.0499796738820757,1.0499484686718408
1.3574851658111382,1.0354870326220917,1.0980841225515918,1.0963547629883634,1.095410761186817
1.0761408808656139,1.1059963856616613,1.0991456535995017,1.0992029468646773,1.099089372738311
1.169074130760864,0.9752901973668232,1.019205221964185,1.0190825546459443,1.0184300832886184
0.8627483718187853,0.9924688035646835,0.9728375171166234,0.9729959746252576,0.9733476840763524
1.1765819676793052,0.9460767622013051,0.9864698329886398,0.9863562562166902,0.9858516147005693
1.1724768618751102,0.8931139850548869,0.9384200159370206,0.939594394068798,0.9372373438301268
0.9326928220955498,1.0351810415710814,1.017946182287898,1.0181108714820577,1.017805570724772
1.1390819917051982,0.9517491260257729,0.9870029360423037,0.9869518923088988,0.9865496420297042
1.0294239168839734,1.0570426710810257,1.0508511664600049,1.0509513433540247,1.0509641923151443
0.7750443959050565,1.032166755365685,0.9848614850647439,0.9838075841214218,0.9859211929202951
1.0072384418978666,0.975393790182844,0.9815491098153759,0.9814790836942964,0.9814686749326347
1.2385443881197509,0.9808644717880086,1.0268958715733028,1.0275455340682935,1.026153868886721
1.1050400603440391,0.833344933086848,0.885072167515939,0.8863945881825581,0.8836243976119493
1.0803995108705933,1.0660258597801997,1.0689269568695794,1.0688791450580168,1.0689665776525397
1.041892081302736,1.1451837146921406,1.1248102943091183,1.1249376180385702,1.124730540926795
1.3056136938571992,1.0202229865118708,1.078854388359306,1.0797249400504638,1.0777456049461844
0.7344131303886022,1.0723849017502853,0.9896503992884254,0.9875684557109826,0.9920163368677797
1.1491796028785575,1.0195722389933342,1.046191384583375,1.0460074971831128,1.0461804361237723
1.0060127087813364,1.006824964288778,1.0066550873300097,1.0066579023424436,1.0066534627353563
1.116771918223065,1.0904223941736209,1.0960967846995864,1.0960482124855833,1.0961390958931498
1.0526623088411393,0.9694278764192054,0.9874209291480877,0.9867216809607121,0.9875822856712929
1.0160731178431435,0.9564980026930964,0.9672946929418801,0.9671332983386973,0.9673872888853404
1.2745934767963447,0.9877284455355586,1.0497185456822735,1.0507197097787535,1.048652193035764
1.010386337989918,0.9979972182697414,0.9998188666256401,0.9997772273686074,0.9998367148658618
1.306460243616682,0.9876933474919811,1.0621992895653707,1.0638359523243122,1.0595341018601574
1.433528438179804,0.8167818980205029,0.975040093668682,0.9923242727795416,0.9570517108559033
0.9692180845432725,0.9639903531719713,0.9648962109977873,0.9648669799450882,0.964908298838615
0.9283192488648144,0.9838694097114208,0.9729991083743643,0.9730936974763116,0.9729112464413819
1.0672298517161587,0.9463542296143164,0.9720760102370914,0.9719011397116976,0.9721614877166932
1.1319577867491888,0.9959322766730812,1.0225662050790405,1.0223008167363843,1.0223687835503745
1.1112749125057997,1.0084315711451564,1.0262341001121378,1.0260831302847073,1.0262440339290348
0.9290135033556742,1.0717908510110108,1.0448600943566535,1.0450556046327513,1.0447630287977816
0.9735802293293954,0.9521538992460904,0.9558869280767734,0.9558346747343291,0.955931590875099
0.9657721757959425,1.0247582361367487,1.0133599376743272,1.0135987457646782,1.0132922253642287
1.0944754741218399,1.0680075011532433,1.0737305127379282,1.073585326190061,1.0738153990716004
1.1887540979428795,0.9761071750246736,1.0214276148082044,1.021665582352015,1.0211891408179996
0.7849147896108457,1.0294804516947489,0.9757705701380687,0.9751719361564658,0.976461476707525
0.9251923623530007,1.1047855191787095,1.0684137728909378,1.067869106612103,1.0694869581179591
1.061750350172092,0.9980551660605536,1.0114144632271405,1.011313255710934,1.0114477335401058
1.0489263862336402,1.0305956074323115,1.0330677833751096,1.033026408791999,1.033108675218541
0.9907460761917429,0.9795250271666713,0.9817806210638957,0.9817473283549091,0.9818035008774373
1.0546158175811056,1.0563757238369087,1.0559920063962729,1.055993469147677,1.0559922199829217
0.9061933625935528,0.9636018220121627,0.9527422391401337,0.9529261355117676,0.9527329810998579
0.9437443672853447,0.937638240903093,0.9387810095798153,0.9387691537168876,0.9387912298227079
0.9446459957448716,0.9308877547325509,0.9331473945475673,0.9331188866304834,0.9331758221454081
1.0657015671287078,1.1762071421892344,1.1588917131625163,1.1591137061816807,1.1587869648760547
1.0114377194902688,0.9231326059743605,0.9383030883957627,0.938190139153937,0.9384142090950881
0.5975534500552087,0.949554413643523,0.8732284188088205,0.8711808645728204,0.8755412803326589
1.2386177569655668,0.8699674179746202,0.9319418421953863,0.9352161371210712,0.9247489189563587
1.1350955354259222,1.0510997686585735,1.064866450138745,1.0648689527452886,1.064801522882585
1.0918213051187644,1.0586425067041154,1.064582958820786,1.0643767729975433,1.0645967176284086
0.8867845347495286,1.1357613002680613,1.08806039298062,1.0871908884324422,1.0889449893566527
0.7709716009776542,1.0072419823217273,0.9676446150402302,0.9668133461578154,0.9691264422549456
0.8684654796344919,0.9735438354536127,0.9502886706054395,0.9503512203553477,0.9503086320969953
1.1317262519919487,0.8084423305077009,0.8976391884675874,0.8997886779232706,0.8948873374401027
1.0324971649146992,0.9867368057396027,0.9961753927851393,0.9960679202197796,0.9962626959309087
0.9264521125214967,1.0014424289586152,0.9905511666023554,0.9906880755999,0.9904181472230549
1.0642135924895102,0.9320120976047606,0.9547419995786796,0.9546257339972278,0.9548006504709112
1.0526558573330045,0.9495583513845016,0.9681834397951996,0.9679771860100717,0.9683481080708355
1.134931458716279,0.9201183927041497,0.9658822030550981,0.9656443279218667,0.9654554969673678
0.9960006163742913,1.0135534759685803,1.0107384275100886,1.0107703343403052,1.010712375200736
0.8129880505368684,0.9980596850295559,0.9595038941312103,0.9593966734795514,0.959675012439724
0.6673772490163974,1.1056221707000657,1.0225504456721586,1.0171019528464869,1.0288707572811298
0.9687629387165739,1.0642495827185994,1.0429735028388651,1.043172096805585,1.0428709382307142
0.8285950765185894,0.9718622588066628,0.9381637661024704,0.9386029715666944,0.9382245807554039
0.9597664799226164,1.0645853978030808,1.0441870485718423,1.0444500114185662,1.0439596394595352
1.1139518235143901,0.8374390459045281,0.8975397061149615,0.8986846685899748,0.896062506580362
1.0841851130415974,0.9293663015247493,0.9531037650152476,0.9530130660068639,0.9529805796856389
1.0834815935060227,1.0586433647374844,1.0633571153481731,1.063327300717328,1.0633115333352072
1.2120544795629848,0.8399689631441856,0.9024489552049504,0.9055528098741203,0.8985668976258651
1.194663471604744,1.0341237930149545,1.063636573901088,1.0635739261220116,1.0634534774852562
1.0077566561486693,1.0321923535452189,1.0276047871990415,1.0276428204574217,1.027567258245881
1.0869882626185807,1.0695678679838243,1.074023139983736,1.073980460984927,1.0740613741943128
0.9085992506685173,1.002973818537733,0.9848407278338707,0.9850279810302858,0.9847126551274298
1.018912548388547,1.0738753050899883,1.0651508102627423,1.0652743417493453,1.0650370709805461
0.9900777380689529,0.9886400995801029,0.9889291115819596,0.9889241741967689,0.9889322079454437
1.1582346138292274,0.9863530786461309,1.0220666399702707,1.0221842762633027,1.0219233836290018
1.0148103754408977,0.9774093675924576,0.9859735397157862,0.9855950055316698,0.9859976720679092
1.2425229754068658,0.999500375000667,1.0534502399043715,1.0531731005577212,1.0520343482710786
0.9755320232470144,0.9715267747433584,0.972336827983474,0.9723271797884565,0.9723437150624556
0.9064624451489691,1.0005463238418382,0.9854371047785067,0.9855892652460224,0.9853757006615511
0.9437483094080164,1.100716528420528,1.0766116996698136,1.0765563579078878,1.0767998949694597
1.2211333238984965,1.0956806438364624,1.116966826744013,1.1169560992743433,1.116939090360277
1.2017962778531408,1.0178908459896,1.0547214330115406,1.0546159456982946,1.0541049545642802
1.0142878053609528,1.00137264657793,1.00353227867926,1.0034663193651352,1.0035675203859313
0.9283201626179717,1.0426864342745634,1.0194889184965008,1.0195291994402724,1.0194884279442569
0.8524511730350682,1.047611283231247,1.01045976920423,1.0110699846786093,1.0111988671572514
1.1743285551041172,1.0203559416228891,1.047710885381016,1.0469005434291792,1.048077183124641
0.9482777195293554,0.9992524532154293,0.9896413337437493,0.9896761873182021,0.9896609299926042
1.211997001763256,0.9346625003481976,0.9923591986502505,0.9936283781990906,0.9910826403579376
0.963172753467425,0.9025648731483262,0.9133326088619289,0.9131974784489667,0.9133906022344261
1.2246867800125172,1.0287508292122345,1.0622536123838162,1.0624127767681197,1.062092648767287
0.81692705600663,0.934408590988039,0.9210570396790351,0.9212527177142885,0.9209374721412716
1.0955279417263786,0.9282895020941277,0.9592220029725103,0.9587554875431064,0.9588856526547829
0.993226064708691,1.0305407285714168,1.0225621678554824,1.0226296445363825,1.02249882631093
0.8561369920376403,0.9455898756415602,0.928292272906466,0.9284412998151471,0.9281462027011553
0.9702722977650566,1.017536278477579,1.009143002459701,1.0092525929741563,1.0090412539684304
0.8714397910911919,1.0146227580588472,0.9799350767791694,0.9799885678126345,0.9798848409070667
0.945381012107217,1.1023174332889214,1.072371025845859,1.0723980948610334,1.0723461741310036
0.8904295374128672,1.0174949843298287,0.9917076373822055,0.9918050288678757,0.9916438916172922
0.9690164231865631,1.090743268080618,1.0712478095785885,1.0713321713098123,1.0711644178556932
0.9647237068303152,1.0771043824363566,1.0556117776607437,1.0557269956230293,1.0554969878245957
1.0080589597433636,1.0383084582286035,1.031428342573429,1.0315822513997086,1.0313690711735675
0.6050456304705006,1.0370373403289417,0.9448327293223158,0.9416687421900517,0.9490015630010538
1.0005845219256269,1.0162278558675895,1.0133883446708025,1.013588690425858,1.0133708488074151
0.9813427466971147,1.099146265837449,1.0729633981979547,1.073097150611817,1.072874039968692
1.039855541254494,0.9552231704418691,0.9750870092550613,0.9749503063998926,0.9751100609683057
1.04050091818802,1.0439765461307908,1.043338236675043,1.0433451838589298,1.0433314334159978
0.929251945863654,0.9622191449963081,0.9564913229893159,0.9566032869849309,0.9563971520133676
1.1351584312803855,1.019780210504788,1.0378185769097827,1.037531248480309,1.0378150879983183
