Reference,PPI,PPCT,PPCT2,ANCOVA,Naive (ML only),lambda,rho,pred_bias
1.6951572093722274,1.6933004955615454,1.6934261112113025,1.693426392583384,1.6934302214938013,-13.22544943713327,0.93234517402014,0.384081866643058,15.120538911369549
1.8091093939455256,1.54131663231509,1.5427508953693483,1.5500592318114352,1.5428390677321127,-12.998441964571994,0.9946441306123215,0.49412714588204937,15.02069480364318
2.0710174247095092,1.9401426699872633,1.950690872862675,1.950452928005138,1.9507447491190142,-12.927223467308782,0.9194023102637485,0.48420076222167346,15.001705135361751
1.9242866693871377,1.9575068520800656,1.957928609751283,1.957514257729505,1.9583085333023846,-12.663672208517749,1.012695826363016,0.41743261790613534,14.762021387013801
1.4047271612685561,1.3832977198747216,1.3831756089714102,1.3831652659462408,1.3832046639010245,-13.075642084407106,1.0056982774803702,0.4440487358822158,14.701863444097057
1.8414084418968628,1.7271682363447882,1.720646039598241,1.7208163657949953,1.7200200298124926,-12.881107974000695,1.057091955630051,0.44747758202968135,14.957843052434066
2.247638744015064,2.365208450153328,2.3591041929408485,2.360129707663577,2.3592842532590796,-12.500270910387389,0.9480796761939566,0.4717120922541618,14.732806426471091
1.080178200780303,1.0366793240395642,1.0362869343381138,1.036248795524698,1.0363005361579702,-13.46614990149522,1.0090206858395132,0.466599284189148,14.988098952838989
1.2972982676889442,1.206007847243081,1.2315473646248378,1.2319346419374422,1.2313760169600392,-13.484629669418823,0.7202388020887567,0.40286153661294277,14.990080590558597
2.021741648327902,1.8644244666232392,1.908040950810142,1.9086454602931662,1.9076222568810488,-13.57228336891267,0.7227481212523533,0.3428034937749426,15.535809971181946
1.9832047761925222,2.2129316459477146,2.18245565638903,2.1781257483847787,2.1861178952851787,-13.030640555227503,0.8673381586091266,0.3986124037045745,14.88686766611615
2.3127978442309938,2.4048550634494035,2.4068649063459375,2.4052955412209305,2.4075141086217036,-12.697644762000419,1.021832539735597,0.41637300886940315,14.933364932978645
1.774200489431183,1.7504218387473243,1.7558927109608047,1.755841307549869,1.7559014495597651,-13.405219284422959,0.7699250354355137,0.4175134425916195,15.252730489122122
1.6992338656841495,1.6006190305789045,1.5869630188144737,1.5869381945838508,1.5868299518001856,-13.558087486724032,1.138478270027602,0.4841300690472005,15.409001610255986
2.055330483369967,1.8536483968992574,1.8651501030360034,1.8674837131809372,1.8651350453801177,-12.486814992496345,0.9429711069633496,0.39938242991735995,14.548635218374866
2.185720039023889,2.003489263683806,2.010766172020681,2.0039773493977417,2.009213215833892,-12.74985539257148,0.960067621271462,0.4833421338121517,14.902271243699474
1.91847684203513,2.0384487353243363,2.0440129030046403,2.0441503499283016,2.044034672901412,-13.309006269815493,1.0463789269949302,0.4471198643419339,15.370983925515848
1.9801605674307534,1.7954094995645724,1.8166426030346277,1.8080417496457217,1.8162899832701611,-12.76411779930424,0.8850718227759604,0.41104846288700797,14.854672921807042
1.3998621274005756,1.5058879056420507,1.51839569581595,1.5200960782549156,1.5180142944250494,-13.310222906231916,1.1179693314338444,0.46727040380293267,14.936931262852504
1.7881530341929663,2.0071854418157296,2.0162575824088207,2.015298738170363,2.017548022049236,-13.092534145570415,1.0414191703024884,0.42408263581980954,14.965103848821913
1.877316455817346,1.7743926402595027,1.7959812012512308,1.7967549237692462,1.7957846411255396,-12.607044234236875,0.7902471757899849,0.43019764699346086,14.722539344200232
2.0509728686867588,1.8523884520702598,1.837753531354603,1.8362805250071779,1.8378635427570784,-13.268496324381026,1.0736962192955941,0.5104405901972408,15.18270103592476
1.538511726332995,1.3762026811170969,1.3714922687556101,1.3708207057094677,1.37148714915649,-13.55884102160856,1.02902125605644,0.4642283900221573,15.381278944688576
1.6124966627836355,1.5877795574553828,1.5896468261591066,1.5897810587457843,1.5894068203116247,-13.083468404829468,0.9244543938731731,0.41122822300165585,14.843171449850594
1.5867571379034033,1.6359533124181012,1.6343190887743888,1.6343264319213617,1.634217482465968,-13.477125960018233,0.9667814894179576,0.4784073602766623,15.399637395275606
1.980108196402023,2.12795612644055,2.149463813062103,2.1488884801047545,2.1505319028318413,-13.011966601617914,1.1454716790147008,0.4662747917999922,14.800795946927146
1.9834794608667985,2.1390261974766935,2.139282899518979,2.1367037093301495,2.1391710927652667,-13.364472625121039,1.001650320976702,0.3671894086628867,15.27009282647246
1.8038818747793781,1.7773676684699458,1.7794410403671912,1.779650950091263,1.7790795096822691,-12.984139466222613,0.9218014722730958,0.4171606679303762,14.754056969515483
1.6037223124507103,1.7860915267759574,1.7530569494312631,1.7539660286637881,1.753018342593646,-13.360735805064023,0.8188588053805069,0.4500190236336308,14.968165129434762
1.4136711180708363,1.6136127421073583,1.6067816908056762,1.605993976289163,1.606528600922629,-13.257461837089384,0.965834771350891,0.4464724134203213,14.962922972985847
2.737921873979093,2.5820184327024864,2.6164580366156427,2.6167743822710126,2.6166882021521634,-12.324679324832298,0.7790965765017827,0.37184879213150857,14.89779536797279
1.9486558074209914,2.287203184355258,2.2807895520884687,2.277289776818949,2.2823277362198118,-13.327728303124962,0.9810554365392888,0.41554022132547735,15.020238009010132
1.600966538903621,1.881619015212139,1.8601613591298753,1.8640451302723369,1.8614066458769158,-13.165824212583802,0.9235436780587094,0.44507041257284397,14.981518583847128
2.3731688524068573,2.2919853114061244,2.2965518797795808,2.2984758497281,2.2966244661755653,-12.186954017114637,0.9437500715395589,0.4233659966486053,14.304524328888556
2.1818896097822895,2.0661566677977863,2.0289155544524204,2.0297293122996534,2.027834667584928,-12.759818937991541,1.321784901574113,0.5761415009030114,14.657004277336688
2.2773900482655964,2.090566997212206,2.096146631818464,2.0963824822640733,2.0958272270747367,-12.705481498107856,0.9701341211654737,0.4510344427695718,14.942016616561714
1.8708003746490776,1.8374793340120075,1.8434852181526322,1.8433645896220205,1.8435174723154322,-13.312227145035047,0.8197570056097626,0.4279117927611634,15.0702483937209
2.4589430507414596,2.6445619570029857,2.633008790932161,2.632852279326738,2.634459036836726,-12.808439078159154,0.9377586782321246,0.3910957071699534,14.911058177753244
2.0718398751375773,1.996991303765331,2.0016690510850887,2.002314012202171,2.0010430555794625,-12.547111708832206,0.9375038529928158,0.41390617085069503,14.687726150099383
2.107376240029033,2.226541117491093,2.3039654174985715,2.3037613024558157,2.303401204160019,-13.132898436461348,1.6497241608134972,0.5321500344680988,15.104483931593524
1.7647034950956066,1.8264952240552297,1.817178630987248,1.8173111905717492,1.8171347741880095,-12.92657167419129,0.8492258879166682,0.4064454701821255,14.805179869029262
2.341947607153595,2.1253303477896113,2.118488151573352,2.119304860539024,2.117566609666272,-12.713201052094078,1.0315865699545284,0.44211134870488644,14.763107599862401
2.021044775316205,2.0198706213893276,2.0200207716797927,2.0200238335932887,2.020021393543601,-12.647837010294149,0.8721204375104349,0.41520971884582336,14.83661659521746
2.788427084763783,2.3826100418808425,2.417284845985537,2.419214072027467,2.413931783329802,-12.697798864739218,0.9145555744569909,0.4289145841090828,15.001845269562345
2.6211567702334935,2.4717876053502534,2.492309113944287,2.4928150196108096,2.491902212386208,-12.726694444919403,0.8626121488322247,0.44101690592941567,14.99527137403181
2.032350464478958,1.851093052804615,1.907439500017102,1.908149843675398,1.9075018654897473,-12.83908445385281,0.6891357617214444,0.34052504308138126,14.919712974648975
2.4026789799155246,2.283292290182043,2.2858475137166776,2.2858803338183833,2.2860328002205526,-12.477027713126315,0.9785970819666907,0.418992505575253,14.880425142933824
1.8801815030265938,1.7132697405385349,1.6950183242808645,1.6907592892970609,1.6946732170507048,-12.866041098458064,1.1093476935693871,0.49652978352331445,14.572843432240065
1.9339641617665904,1.7716539918612282,1.7566200641629595,1.7567468789423537,1.75320099722796,-12.852904077864476,1.0926246809244005,0.4463913575556823,14.894796623754251
2.126735122818756,1.932111092029381,1.9721666118595929,1.9716735937391563,1.9717589004997524,-13.147410882092867,0.7941902669071704,0.4169446132361241,15.212706634126341
2.081148709284249,2.0556084123684695,2.0547582492036796,2.0549698941703998,2.0549103975020753,-13.093008457166436,1.0332871292606294,0.43169989552512034,15.241795536244135
1.869309722083458,1.7068277769802422,1.6807429873297501,1.6809891017434784,1.6804520689368827,-12.923123605098933,1.1605396195492446,0.4998236012286435,14.953434126125138
1.4753130624755417,1.733517043006498,1.7117710054488902,1.713982227590928,1.7122617628616306,-13.33052577689372,0.9157796192262796,0.4073108790262282,15.00774022571863
2.6770410622606624,2.566632779170553,2.5754799776353074,2.5737124979342996,2.574221731000005,-12.479756790507166,0.9198683448638222,0.42785162027934864,14.982156295345119
2.004366043578943,1.9185274926468994,1.9086664406891676,1.9092434064263786,1.9089863801221236,-13.450526779577148,1.1148790590085662,0.3986324266522988,15.441867576857357
1.7737617598047943,1.5448592488121293,1.6193750168809042,1.6177275072828927,1.61949376869287,-13.026685246667755,0.6744650473879624,0.40992433385169175,15.052751518311492
2.9241358238861475,2.8986811027345953,2.904645380014304,2.904744423163131,2.90457206187015,-12.238835625081684,0.7656907241608419,0.42284447037984835,14.935805892975582
1.6581701816642798,1.7495923579114234,1.7302431953942559,1.7303744453786807,1.7301727608907784,-13.2124706008997,0.7883537308840758,0.36717880768258865,15.136569590817022
1.5119696103580211,1.574011265202305,1.5959236465080155,1.5960435630457952,1.5963929401076118,-13.53642695300583,1.3531882146069005,0.5427746737251862,15.278134145180337
1.7767869951931536,1.872255720487525,1.8618182634244036,1.8618680612887912,1.8617743049415894,-13.22488785209215,0.8906714525522614,0.39122674612260944,14.984236736545315
1.5750842681106652,1.9086026528647777,1.8724690700725495,1.8699508052299227,1.8758796989914286,-13.653482193190769,0.8916593973706507,0.32249461993683703,15.535453940542212
1.8958132946695145,1.9720733972303652,1.9688457666937251,1.9687985825220868,1.968777535492455,-12.919530975431444,0.9576760268049047,0.4142261682461926,14.855065696367841
1.5579889051159033,1.676872178497941,1.6510239055244906,1.650970217715874,1.6510916054203162,-13.093158623687007,0.7825743501326242,0.34850748807342447,14.921035816920757
1.8389663645995598,1.9972524430398138,2.0007302964129483,2.0021349468768577,2.000718893748195,-13.164354127968588,1.0219719472957167,0.4224767081477737,15.0433055263704
1.9132916944406542,1.8325630544581655,1.8262910414999451,1.8242014183307351,1.8262562948765928,-12.861636710686081,1.0776925383554157,0.4673160773745957,14.852122929184548
1.9480065516206535,2.002083756519382,1.9983443918311556,1.998372923196276,1.9982654309830603,-12.682901265802503,0.9308513689783156,0.42596671746407455,14.749110229974935
2.145522268814778,1.9235700309252317,1.9831079614216902,1.9819368438497698,1.9834755797972794,-12.981785812736133,0.7317534120737839,0.43575458974970255,14.810151316470014
2.2863079028231157,2.154859090996714,2.162579730023822,2.1638083964187507,2.1617452928732774,-12.703842021556564,0.941265052762098,0.44980983331547814,14.957668564516498
1.6414875950039443,1.6721938986720815,1.6682814703494,1.6682600126787286,1.6681332018070028,-13.513521698782437,0.8725855001967573,0.40816913265436816,15.290347953236092
2.144264672029692,2.190983326398781,2.1904539793368025,2.190542365749775,2.1904981325510504,-12.777816102479342,0.9886694711325512,0.401165477154915,14.650297967286278
1.9954561457809423,1.9494631388368855,1.9507446026156086,1.9508162016525104,1.9508451477716209,-12.81161800574806,0.9721378560814278,0.46989904405698146,14.681698808648331
1.941873599359056,1.8133866612894862,1.8569367524488212,1.8579256526032284,1.8575296855165004,-12.910348300964477,0.6610543311744742,0.35983019237676733,14.889044077722406
2.34944681829752,2.2342996569072344,2.234231934274714,2.23109687179823,2.234144120752372,-13.021521819441642,1.000588139835171,0.4498306787610844,15.116505224249009
1.7159924338729586,1.7305171220916296,1.7314445027770935,1.7314673006328525,1.7313839350650375,-13.293592716085973,1.0638485777802567,0.4061562556821344,15.078375924638244
1.5542757876558941,1.6478029060579038,1.6248822458947303,1.6247260025736003,1.6256887850405242,-13.150384711926561,0.7549303287132885,0.40699729974595844,14.952266051669547
2.339026984813045,2.303049487793177,2.3031165067372754,2.3031335547791967,2.303255438358637,-12.9668009750174,0.9981371982586417,0.4755563969172217,15.223705321678244
2.2479189578202496,2.078448673528111,2.1152510145049637,2.115440409507336,2.1149982229078184,-13.015583083792892,0.7828389730354604,0.4388612981779508,15.210682749464985
2.0187046352217806,1.927647695424643,1.9445462462994483,1.9444642429903607,1.9446151650116394,-13.221633028788997,0.8144177597835655,0.40353511268441705,15.185789191876927
2.5019075379697355,2.4436095249369165,2.4569511193863085,2.457096296760268,2.4572494509045866,-12.543051164814564,0.7711483847334241,0.370253045804856,14.687853091749243
2.8327029008925066,2.6581958627642037,2.6895371046182905,2.68978217467099,2.689771213920812,-12.46126025205038,0.8204012732653022,0.39623126479713106,14.890652483543857
2.2964772784782235,2.364076373202663,2.3697131626012,2.3704246017591872,2.3699049342930394,-13.098973809229237,1.0833855752287083,0.46502754492426435,15.201117315930764
2.292247048180993,2.2056995414263842,2.2239136521052183,2.2241149707769683,2.223858354098611,-12.611910860094465,0.7895478291422411,0.4001215873325976,14.791251079528799
2.5437943002201604,2.3046607505877343,2.275977781995453,2.276244751578378,2.27545097555538,-12.490820388961332,1.1199453971906912,0.4663961720663231,14.730244134213471
1.527715861544182,1.6770996424711369,1.662173836609203,1.662111952790205,1.6625297263688137,-13.424818465352056,0.900084160614247,0.4904908241187605,15.103779302580785
1.8877036514779924,2.039964528614859,2.025803088563026,2.0257571083070447,2.025652187729854,-12.956571438070242,0.9069922601384824,0.49132123143794565,15.02040665164967
2.144720524313221,2.086682482037771,2.099214653514495,2.0992057043448966,2.0991961804798533,-12.925148279191882,0.7840697069476322,0.43277260300770054,14.957209625806776
1.5719957249381997,1.9725850995760084,1.9784513094304967,1.9730982207902832,1.9784390740112623,-13.351961094319547,1.01464394770778,0.47787711163326635,15.266001070467036
1.8113870160388577,1.8239374070699377,1.8250397780125787,1.8250510788545402,1.8250335386736167,-13.489504388403542,1.0878355853543435,0.4522338344917759,15.26964897977565
2.377166129901488,2.427245471091913,2.409737677749643,2.4112616035160466,2.4095558041420104,-12.47854489649773,0.6503988885217735,0.3658110767039365,14.748646917712959
1.511096493449373,1.5738065638882706,1.5848303429846373,1.58500499334227,1.5847843289179873,-13.614065017560943,1.1757896143189246,0.48008786923219504,15.29778884270891
1.7755147895362189,1.969611775651184,1.9357193365212069,1.9337590097901778,1.9383518864434923,-12.950716258124444,0.8253840010173963,0.41359996716592573,14.73984560070363
1.3310632432842762,1.4632139772352966,1.4167659460319628,1.4194638010091165,1.4168676256598203,-13.510585289718527,0.6485223364665611,0.39573399118834723,15.105826030932127
1.75465393545738,1.8261520472614012,1.8257961912863536,1.8261151717460746,1.825683554296337,-13.11768376739932,0.995022861918044,0.4106130271668221,14.869964349997709
1.6677701809472327,1.592188263459921,1.5933562534706904,1.5933324680939722,1.5935484726931035,-13.820527456389126,0.9845467004596042,0.4267109504063055,15.582435338805622
1.4655535147046719,1.4793501010767607,1.4797186717865334,1.4792723912741186,1.479954780318895,-13.277855447559284,1.0267146306943633,0.3834567375179915,15.006246816371133
3.002883403161582,2.8815883532912365,2.9025024379492623,2.9022709907699538,2.9025760254014363,-12.31650698972563,0.827576766897067,0.43640259308332363,14.802254471610345
1.5820366299945652,1.7278384767934727,1.7498080753839338,1.7498217337688748,1.7489883978881604,-13.215078216154303,1.1506812092768781,0.48775909366611475,14.955145208769304
1.5109403941715132,1.909744433276116,2.0395302814631595,2.038326641250381,2.0428021293905223,-13.110633776868099,1.3254376472175138,0.4859517472592616,14.949176326945416
1.784305247159971,2.133122389861762,2.17805719471424,2.1796700637133593,2.1817578489195912,-13.165840569775046,1.128820517548055,0.49316911256248325,15.055225516765823
1.900057210582108,1.902781015175791,1.9024423487515674,1.9024838552413224,1.9024489291257303,-13.092406964257748,0.8756641996238826,0.4487773634735169,14.98263738650337
2.3986238092808048,2.5841272793586896,2.5586060998277933,2.5585869857710812,2.5586254621868605,-13.27432526703728,0.8624220909712297,0.3834241614691868,15.335548040535318
2.216398648169026,2.176545217425329,2.182088732584192,2.18233938075703,2.181755122240474,-12.84726202538872,0.8609024353633904,0.4334464667178127,15.02197625700092
2.032954522061534,1.953807103363117,1.9558445622883212,1.9562363159889076,1.9552522654460587,-12.7248196499887,0.9742574178828582,0.49635407721218894,14.711452462796496
1.7668126507899875,1.7270910970290139,1.7274515029732977,1.727323420055955,1.7275650973777537,-12.923799737421996,0.9909266906714554,0.47683489857291095,14.72024775414793
1.4320981691355803,1.7252210194376316,1.7121466672073242,1.7112698268115376,1.714572828909993,-13.499015798180553,0.9553963390543088,0.454345246294444,15.185920795832715
2.301347277218041,2.032739384909179,1.986712478762494,1.9921206961422333,1.9896256111172197,-13.22980676354878,1.171353513670255,0.43832350457314884,15.392573846826883
1.9653189825988167,2.011913040784186,2.0007931420766703,2.000756704063619,2.0012051995413382,-13.17439721000591,0.7613451341096608,0.3851015778007972,15.275093595250075
1.4842479061528342,1.7121582724062012,1.671816685818364,1.674705530985342,1.671970995052194,-13.20765310100858,0.8229936301230409,0.40170209449145766,14.689192596781654
1.9253989677040375,1.8992012427742286,1.9019809922088877,1.902063154506017,1.9019488279082908,-12.94184253912862,0.8938934796014947,0.29543975601552686,14.948909847759888
1.6429003909928108,1.8654076199383725,1.809484086350384,1.8094163775812837,1.8094019602300373,-12.869943249427266,0.748666441746618,0.421800685442003,14.843438416793663
1.9980428270510768,1.9899264849605518,1.9922480253351165,1.9922515859270593,1.9922339120636674,-13.041864370132208,0.7139671604927701,0.41432744450882614,14.815262160535921
1.8672412299264625,1.8511661774278243,1.8510603140249866,1.8515203599771684,1.850868894898745,-13.082217669307369,1.0065855712040082,0.45605068539807997,14.788726198409464
2.8106905592027784,2.637941949336726,2.651666813573222,2.651341110459511,2.651571262158814,-12.561137285437058,0.9205500741966107,0.4255995447216544,14.992717804513655
1.5161061717393456,1.4859880014322269,1.4768123454030213,1.4763015281730516,1.4770110633969602,-13.255038676011742,1.3046551611748238,0.4497186707464927,15.088246369968367
2.0030555224915183,1.8855052562977708,1.9007122892386226,1.9002875175311447,1.900652576630512,-12.71889518701737,0.8706337855859229,0.41773706884275713,14.774081485324773
2.231408336969008,2.4240798513095747,2.4384938779055627,2.4383271742276142,2.438660817347378,-13.101149444886465,1.0748114045053387,0.39459591982054953,15.24441870643556
2.3110561552766153,2.1903527287336573,2.183488268189227,2.1834258539076288,2.1832058687776925,-12.706614925524025,1.0568704695552897,0.4584532005533403,14.901576901398615
1.6860203246876981,1.6514101727458994,1.6450571523236248,1.6442421328684917,1.644957775343544,-12.988840001538083,1.1835594490587311,0.5077465016736196,14.825369859477387
2.0294152369663476,1.7244356574404769,1.81804252000997,1.8189985219497802,1.8166929306632016,-12.916293125619127,0.6930717042924109,0.3345053143451848,14.831680528165212
2.176499163362436,2.0163507358543544,2.0461345758585,2.046516639678587,2.0460429744180466,-12.772798297453198,0.8140235251286397,0.3855598905442772,14.741408493598875
2.723102446438281,2.7357333810577416,2.735836850627085,2.735789025614816,2.7358415454950693,-12.335527120964,1.0081917587622387,0.43649738901692703,14.673915132447569
2.03053411709917,2.0265253749396557,2.0256569926431554,2.02565762253435,2.0257005124682883,-12.571172315224882,1.2166221378043738,0.48268576483354503,14.69340813571359
2.3538536147148235,2.254293742217729,2.2512911640730313,2.2512965277215193,2.2521027233548563,-12.754832673038626,1.0301585173764203,0.5025799464248438,14.941200112092188
1.6448047143510227,1.6242428437447496,1.6206213170240882,1.620377721084843,1.6204691512743425,-13.055094612672768,1.1761282711096204,0.47342211653321625,14.896058717669236
1.866240277830214,1.7908434709508263,1.7863451281143379,1.7872330389974176,1.7853080390229201,-13.082278652456324,1.0596622459580305,0.39222181207443696,14.974568430732106
1.4985685177354584,1.2927556318693034,1.3224655277959514,1.321756750294701,1.3221168014930238,-12.87581714935656,0.8556460845412313,0.426783526376271,14.640842854199814
1.4537108080678136,1.7058532257084165,1.639820199148441,1.6406735116665687,1.639930543151398,-13.362256563871181,0.7381121860499575,0.4506248699072901,15.159189439227356
1.644252730405159,1.7988121917780207,1.761101045764952,1.7608056120956737,1.7620480484450423,-13.095492513057982,0.7560088157780663,0.3900608786838947,14.920722428100099
2.006986055527909,2.0851859779272894,2.071133124025578,2.0710051991299543,2.070866803481808,-13.074853956928882,0.820295807584802,0.3732581373511839,15.102494838134811
2.0315666638155867,1.919010560569793,1.9254574823564987,1.9250770168599471,1.9256078131357055,-12.54182387406486,0.9427225925489964,0.40564972138642286,14.564929376635881
1.8684641048844246,2.1345606263130943,2.0749198330939147,2.071802785505988,2.078034866746794,-13.50027588619634,0.7758678208231777,0.37896987231734464,15.34755827690773
2.0796201771867984,2.1891921661800984,2.1816839534291956,2.1818550105622467,2.1817839792609233,-13.210548222735804,0.9314768964232146,0.4958275226177033,15.208728537804252
2.1835632818257,2.2865372015655194,2.2623159634068175,2.262225023858819,2.262481329128674,-12.946047928090426,0.7647827894684368,0.3955015939083987,14.890176623431152
1.7062235796833083,1.6846951399234185,1.6886362455137578,1.6884009938475446,1.6887385054784,-13.490717410028461,0.8169349179831131,0.4325529409791583,15.234033649714098
1.2444999095343285,1.2436488585986907,1.2434973390029271,1.2434978254345124,1.2435004283090407,-12.749381920075358,1.1780382224121508,0.4431183056763585,14.435423496216103
2.0962699577428747,1.8611925288731257,1.7939601181534925,1.793021927642244,1.7933929533250572,-12.7660827837494,1.2860011318095776,0.49271715658734133,14.842942533959663
1.7921899304620679,1.7366038582025396,1.7519042310358142,1.7519681839739918,1.7517394659784737,-12.973387452806755,0.7247444870391606,0.4273109758325315,14.840800608113206
2.130506675595376,2.0708837900652286,2.0717532302842967,2.071353068109033,2.0713294035343246,-13.06215836538819,0.9854176762607685,0.4234964878272113,15.065670349639777
2.072175061111561,1.8359712453103847,1.842368856736868,1.8424519519811327,1.8421948636916303,-12.458434034560756,0.9729148684377362,0.46115342036470586,14.553780817576161
2.3151258145652003,2.19483911574103,2.1981631323647837,2.1980914524352175,2.198272883075602,-12.680093537438808,0.9723658837074599,0.43758580666090885,15.019800144357395
1.9008692875786632,1.967962830423385,1.9539015360845908,1.9542185865831712,1.9538451532575114,-13.016508997082186,0.7904225392995454,0.3534384782379518,14.883574995751308
2.0266739555751188,2.1770781647665722,2.1806103599428632,2.1804838783428626,2.1810494824462108,-13.12648850018314,1.0234846830103974,0.47683487199950925,14.914149944176705
1.5137711301541161,1.8661136600036161,1.7766325149318245,1.7751173539713387,1.7784173745522907,-13.47426388860241,0.7460393296545451,0.4086184076982106,14.974175421156893
1.3233327947921487,1.3035637850240132,1.3071042479625625,1.3068738482598516,1.307148419899016,-13.301316317624579,0.8209084329425306,0.3820079016832152,15.10428597851475
2.125009266515616,1.8015582931050889,1.7501522761854464,1.7532760097813544,1.750965446346686,-12.865513975689527,1.1589298569041493,0.48859621229740385,14.923968320255225
1.7171518393613232,1.886700510795293,1.8237291917468985,1.8238036567983293,1.8235765158162422,-13.547292697509228,0.6285944412550707,0.3235345201315502,15.39811576014089
2.35640105139385,2.473322914085375,2.4579927416385363,2.456974898583497,2.458258329819285,-13.042841267363594,0.868885321410895,0.32521676051721154,15.238547122836662
1.9700499208728177,2.039730021392721,2.0607650781859714,2.0582319219865486,2.0590630285640303,-12.778134638616178,1.3018804025295856,0.48006081582944926,14.70933605875321
2.0919449215944743,2.2969056630168985,2.2941769534762484,2.293992142982903,2.294838232708866,-12.790264541441477,0.9866866721806676,0.40390383602114754,14.910608193684679
1.844739218310078,2.0512604195425905,2.081984592425094,2.078144552885577,2.081632519854736,-13.312750153498055,1.148770066700864,0.47184213541028425,15.246560578663066
2.346120735930336,2.591261244174484,2.542546859711072,2.5431643637114627,2.5422718376579567,-13.036393834011925,0.8012797443705417,0.40048406797415115,15.121013133155216
1.7257381875641247,1.9302834058489566,1.9062085930417283,1.9031429859133118,1.9087100359483502,-12.882644029169185,0.8823007792159492,0.41726114082566995,14.660380568070156
2.168199779340676,2.134665051577736,2.1254213068861976,2.1255480179584314,2.1255043229287587,-12.834873868708046,1.275646928070605,0.4762657821136686,14.88141659282496
2.575047301611536,2.3642448373111606,2.3406737353070883,2.339139259355064,2.3403042339357105,-12.666858561700993,1.1118160647803679,0.5027644837156562,15.07885253497274
1.9495297597440482,2.0185220953324374,2.018833652987907,2.0188593354001725,2.018675379380997,-13.23427555754924,1.0045158299514505,0.43629174301010276,15.163544657720886
1.7645575089396053,1.9148819350074784,1.8770864382093035,1.877895329838222,1.87765920489261,-13.387579707777693,0.7485738160669311,0.384138165823463,15.169946147145884
2.100262342997418,2.1839079942302924,2.179313932175643,2.1781522440781105,2.1781291950902073,-13.110677808715577,0.9450770962155688,0.4586266963062671,15.090322478851517
1.3971377069734998,1.5373680905036506,1.537211727620758,1.5370987769969942,1.5374655411831504,-13.23560254344262,0.9988849571757769,0.41137341944213407,14.86135267970611
1.2186924563836392,1.407746568144687,1.4025974264584915,1.4029796472532203,1.4027092152034495,-13.37322408484346,0.9727636620106743,0.4608174154936643,15.053653885555361
2.089564036467455,2.279905255822502,2.2845549906903218,2.279249500619226,2.2886081258520394,-12.867270080054874,1.0244284179936194,0.45728606067563815,14.851490991748475
1.966205876945634,1.7883700301182943,1.8005974717385735,1.800035266186677,1.8006324711127197,-12.961691093337798,0.9312430995301457,0.47157745393412565,14.97671816322113
1.6179313566174824,1.8203343355052277,1.7919963518724815,1.797487232412931,1.7920880275888111,-13.456319031637248,0.8599922600523466,0.3634796973066675,15.310527103285164
1.7421042168559442,1.896804784492667,1.9013020201679072,1.902188216328037,1.9012163402383633,-13.122684183592131,1.029070582894055,0.4407818223441537,14.887753537848038
2.1031488541992402,1.9669276641309843,1.9690401487269236,1.9699140997950644,1.969510887760594,-12.94472644879768,0.9844922468018331,0.43251595493854517,15.126849627262931
2.0694597373318238,2.3288090938735064,2.2680900510440365,2.2653220790041155,2.268649749398681,-12.956692789429598,0.7658793388226106,0.3119704991718936,15.023632559696951
1.985910124474387,2.081903688713062,2.0640912593750818,2.064150990094508,2.0640350055254726,-12.937967826438461,0.8144414213676683,0.397357151226972,14.895399666067922
2.6131152864058427,2.031151114091424,2.091728480490371,2.1118196644205565,2.080820600254108,-13.037229074450222,0.8959087701945015,0.48752417319921026,15.300007612562775
2.4289794289091775,2.450469278836258,2.44489629918792,2.44491981639787,2.4449207598884355,-13.154350208982848,0.7406692151295552,0.39698069679949727,15.326702500156143
1.664503355480112,1.735206085993652,1.7480596586913029,1.7481531809575164,1.747967170613875,-13.29206860750793,1.1817974016603057,0.42394209262927063,15.098297981806535
1.6108202504259275,1.7333427076947068,1.741453614616723,1.7425250987890926,1.741508148527078,-13.205614589749093,1.066199349105639,0.48016590978771156,14.997173875012825
2.258084134751111,2.0399047287998053,2.0964992542053027,2.0909363685536495,2.0958246641888514,-12.73318326591167,0.7406055573451855,0.38973631672501585,14.826035680342851
2.200986135176263,2.231505672113561,2.226565197888491,2.226907758617443,2.2266519530992346,-13.1708943840623,0.8381209310213157,0.4059635014803522,15.236591323796747
2.223754250703446,2.418329104307008,2.3976556875242894,2.3972956937172403,2.398779372487864,-13.068957756465666,0.8937508295658828,0.4405778206886921,15.099331850319604
2.135649715151933,1.942122460329515,1.9733060053334726,1.9739262757186904,1.9729718980386246,-12.537461458606764,0.8388674244742842,0.48662372009771654,14.72780089246543
1.8635109290949101,2.386400559160624,2.3207182602208705,2.316038344609148,2.324183534773965,-12.75606914600331,0.8743859216877192,0.37462907442164034,14.695900305584912
2.1086585151380914,1.9814393981803349,1.996542386751655,1.996147625613094,1.996390091196751,-12.843987928587815,0.8812836550631359,0.47598880903962676,14.747683602441803
2.5622099489394246,2.238843270996451,2.207223056003406,2.2047407238234333,2.2055844371391453,-12.965657914321325,1.0977843950842123,0.5029708558309943,15.152692002441913
2.3229016734930648,2.5967679906579826,2.555294620832288,2.551791643531273,2.555931739676837,-13.175841516768061,0.8485634514860051,0.39212616218769253,15.342457822090083
1.7802431691598246,2.021777303942316,1.9667151968215861,1.9668774562086673,1.965707152214901,-12.825929995124694,0.7720317785711135,0.39104706086872887,14.751987775175426
1.6629317987005843,1.5827366353467425,1.5908619528544194,1.5929861986889997,1.590192791049524,-13.320305372064535,0.8986807038246591,0.38850111884465005,15.234434482607448
1.7589321501821966,1.9117755431330337,1.9668009503359887,1.9668484693387729,1.9668972249187673,-12.754744410938638,1.3600116834664504,0.4587335131167058,14.715453023536726
2.7306336139892027,2.3523297218238084,2.4032334643451474,2.41101270392031,2.3980491936491215,-12.655988507548267,0.8654421919109293,0.4161924755243548,14.999875778478263
2.072124861368904,2.0679196727314144,2.0689381041742925,2.068920038164437,2.0689479485979634,-13.042014018477719,0.7578155153852322,0.44901250774115764,15.075974155079058
1.9226084760742703,2.013759257505465,2.013626480206285,2.0129678577616588,2.012945987850902,-12.92846193495764,0.9985433224258186,0.44390661065197806,14.949207091971353
2.1536480346540023,1.9636045060868454,1.922907409291327,1.9233280087492672,1.9227903015149872,-13.165855232315211,1.2141461858888654,0.5402095020125337,15.384209043351452
2.718132386529917,2.125726577590301,2.2112222110200213,2.2168114340986578,2.2050269189553293,-12.677906576574838,0.8556806294949179,0.4495186005406257,15.169257886732119
1.7606607914181385,1.834594932488885,1.8249219291588366,1.82671518636409,1.8240159918167325,-12.939662718655219,0.8691672995728397,0.3937163619107044,14.815464475626099
1.5871265618663863,1.946023815650911,1.942318139895266,1.938949314257631,1.9423113392171976,-12.858603067916881,0.989674828334379,0.4360475623569409,14.778806706043197
2.429092062779377,2.3634533811049243,2.372159779788653,2.372801681307162,2.371774955398755,-13.059671763041932,0.8673587210829465,0.38864751212514,15.29727127671918
2.334051009192822,2.3751422680682412,2.383158683848233,2.383233821677819,2.3832280962777252,-12.967948270270716,1.1950881038786265,0.4430885018784795,15.209960635923752
2.3018374687813665,2.3552620452651833,2.3498147021436324,2.3505245379774418,2.3498071153606004,-13.06448692785579,0.8980367561135055,0.44052020430631156,15.117967920003498
1.5669183594750062,1.8621117082774052,1.8224297679451282,1.822760942830338,1.8237174749669454,-13.141716937161029,0.8655730540905935,0.44306723376948476,14.963442278968005
2.4638488254945763,2.3986828345828606,2.3969233582522094,2.3978116766999777,2.39633405261889,-12.893272235705405,1.0269999167669348,0.4608215784206315,15.200047294363907
1.3763035855351688,1.6883477060053902,1.6533539663288674,1.6521238775565008,1.6549574615600353,-13.734206781047217,0.8878564363789642,0.374789292653228,15.291725391331177
1.8734481859865713,1.7505115646996052,1.735466227178872,1.7355344936933448,1.7354961591801823,-13.007129352592706,1.1223828779677758,0.43353288611436075,14.843421999804413
2.7878298756341273,2.2514955067916134,2.313012354112564,2.316764215366522,2.309414253830617,-12.68050103934459,0.8853013140781705,0.4673781737164997,15.084144951904364
2.2991617935380946,2.1727751345783464,2.1621977878138896,2.162408408599833,2.1626375483648914,-13.02223540431641,1.0836903740593835,0.543406469215871,15.221947224082578
1.9834916476601958,1.6966826464502596,1.615299531589298,1.6174313191879495,1.610895981721332,-13.070828630928448,1.28375369851587,0.5440153341899676,14.947715711309565
2.476050483519839,2.251178724661588,2.2679118318477847,2.269095382862458,2.2660149702267853,-12.712456414249434,0.9255882229446846,0.4221788920848997,15.02599593371669
2.1180479647337243,2.04899270122924,2.0365099971232024,2.036678846609739,2.0361402351266316,-12.392538999739465,1.1807639776108652,0.49412084366128184,14.506593672842385
2.7996923896662125,2.556989265056601,2.505852324910877,2.507592224259751,2.5039366601539035,-12.879544036964935,1.2106974940185784,0.46801407846964616,15.153918823058365
2.155304814336565,2.2257512685306065,2.2265184826215436,2.2259687598468907,2.227429724665998,-12.707265645404291,1.0108907410559438,0.39305350225824753,14.833918966028122
2.111528031094796,2.107488632226705,2.1076810111612994,2.1076815093434194,2.107677554813848,-12.641239206017005,0.9523743653752632,0.47567483655813186,14.695831010320823
1.7206781108547788,1.879673486991898,1.865791684437138,1.8657404195583784,1.8655832183298484,-12.665545292349456,0.9126905266553939,0.4412742204710601,14.66965380746547
1.9915380948379322,1.830776254292466,1.845190419717221,1.8452898553612687,1.8444849999569048,-12.913886066309649,0.91033839015622,0.4306641258119826,14.682351156904097
2.285584977431691,2.3135546680457857,2.3156230545078635,2.3155925814613028,2.3155852415858824,-12.333679496967186,1.0739509954048456,0.4302235023329031,14.616271222149145
1.4501753375494217,1.356862363964324,1.3839145312854306,1.3851761771446987,1.382560838578979,-12.943710282695825,0.7100921095774929,0.3469187761036795,14.539889380860846
2.9578241314577367,2.4952135095437336,2.5191048828722646,2.52498350303523,2.510630886693097,-12.956575784353122,0.9483553290893253,0.43329695456036454,15.335573930821248
1.9088407293245506,2.011859976264631,1.9769352162658909,1.9768752352612198,1.9767422825093879,-12.931001093137585,0.6609880091721698,0.3512467038220473,14.844979877606484
2.6476667660951576,2.390674189391873,2.4290881831762277,2.430245671096536,2.4288231008931196,-12.84721604184362,0.8505248895624474,0.44964719496066446,15.318253052616946
1.8321058899087284,1.7745043842447845,1.7726186194625513,1.7726080005049298,1.7725898351239722,-13.077320172603315,1.032738116139467,0.44166206443830336,15.012934124011737
2.063506334501233,2.4231082284624543,2.332190917710347,2.328910923175551,2.3326740197941733,-12.651750362504277,0.7471723250659188,0.39079047285906676,14.692632208712194
1.8015536593995296,1.711856329379807,1.7337925415721074,1.7336137353137462,1.7336667133136787,-12.956959720216584,0.7554418600032294,0.4568465239875475,14.991933802290237
1.685754959022922,1.8423609805586922,1.8440162532004216,1.8435090483588936,1.8450153579798445,-13.005176219535171,1.0105696615334328,0.45565157662170425,14.948539496072835
1.9221874910342782,1.8927411501200542,1.8899833538183004,1.8897385735419794,1.8900287827030726,-13.421399591477124,1.09365497430689,0.42909732140924856,15.263326040097937
1.9478593500159898,2.127856830728093,2.123961193944222,2.1239768649460293,2.1240569537667935,-13.13316632258031,0.9783572705103512,0.3955814209619535,15.210419480020237
2.0873481138319994,2.0423424984008296,2.0513930718613826,2.0510913124898673,2.051323065319442,-12.71140896645083,0.7989012399042795,0.40726717089468883,14.940989395989241
2.5200888504346888,2.3771059625628728,2.370271522340799,2.369837283551353,2.3701417297236906,-12.316416117515503,1.0477990081456572,0.4286811973399647,14.425066448377178
2.2031552442688422,2.353019781652523,2.34907229637522,2.3489582560419624,2.3494923925024516,-12.571121436876862,0.9736596439276568,0.44103671804831135,14.731722201896163
2.065249828472572,2.0765529160571443,2.075064582876083,2.0750299209845773,2.0750743056838803,-12.867906114074902,0.8683250775573856,0.44083690789449226,14.943594453006337
2.453216259687441,2.4340781203574724,2.4367218782866917,2.4367081510002686,2.43674601401366,-13.212888785367014,0.8618591973003457,0.3642876812979284,15.393688138109042
3.035429464072985,3.030650508003519,3.0307060166255386,3.0306604165045767,3.0306800131829172,-12.866732613596147,0.9883847808573871,0.4665431261282337,15.393930087366693
2.1324854506758,2.2161439888067056,2.232441519356736,2.2324153206841277,2.23255840272496,-12.698522569797266,1.1948101283401413,0.4441521705817846,14.793276036718176
2.2489700596544804,2.0222651967430467,2.0346522100579114,2.034979368981918,2.0341671755456723,-12.518458724861663,0.9453606192836509,0.46199225669873856,14.704034815170651
2.1864606464466254,2.4125132802053812,2.4194990873650983,2.4197898902587336,2.4200796084628715,-12.881114126423183,1.0309034539591904,0.4101801120974382,14.807704924762783
2.393396849986681,2.1038113587626928,2.140736589985003,2.142077387567329,2.1396894399653505,-13.061544998256572,0.8724893603397116,0.41122105340298065,15.131259806355079
2.200891321416048,2.155748645597516,2.1621946003190167,2.161087492592995,2.1621157534978845,-12.968435305828734,0.8572092902199219,0.42555583283797693,15.011392354035458
1.789710727787341,1.9700999789990234,1.9704407712733638,1.9688965049295812,1.9687728252393655,-13.341070722367764,1.0018892049944839,0.4890452197437318,15.10536070234647
1.8529848539454008,1.4885704644199522,1.5477961134253702,1.55199042368325,1.543062363985292,-12.999384295383717,0.8374771943486012,0.44415511430247023,14.98261873623891
1.266381498736724,1.4773331776739975,1.4648969569420973,1.4658274945091374,1.4630742807301682,-12.992137434575588,0.9410470644530986,0.43329642359226295,14.569461010147029
1.888235770295583,1.9884729314429521,1.9938710565629032,1.994120487134937,1.9937805179545331,-13.048311788896793,1.0538535315462005,0.45115303082940744,14.86005704600049
1.685742312464085,1.7352879778447925,1.7290500184753346,1.728383550204062,1.7291008841950917,-13.300286922391356,0.8740967686774332,0.41267496120843905,15.126746070729673
2.0459440147092236,2.063323672665139,2.0611488148546857,2.0611510694616237,2.0611658261993764,-12.634035889297442,0.8748618749592021,0.4096017186398188,14.692640163024706
2.2273722469543693,2.1228303120834124,2.1197503258593704,2.1177787855065864,2.120275286395041,-12.783538479724326,1.0294617296670856,0.38805863258205986,14.839100501726396
2.095769207961728,2.1998474129017076,2.185265754706602,2.1856161444805777,2.185430229829614,-13.156965702957008,0.8598971013814564,0.4314640044334697,15.255802738196817
1.4470519966332178,1.7143077316701953,1.700305364355642,1.7038834574592232,1.701307137215823,-13.33649482222407,0.9476068593528367,0.36034651257201633,15.080705841242594
2.0955886174262894,1.8122364564455165,1.8102332719077994,1.810788366000879,1.8099462623939115,-13.014721652459535,1.0070695932961422,0.5093399748569059,15.065794705117678
2.103204308637208,2.1434713634211384,2.139139300689343,2.139581714637221,2.139033673955007,-13.32176052492428,0.892416697594567,0.4138368551708294,15.31213333533821
2.1616799355396363,2.183029251898099,2.183011988535802,2.183064989909885,2.1829864387433755,-12.884719420991662,0.9991913857096707,0.44975188511747505,14.84259383821608
2.7385388111088695,2.506797062934922,2.4972246827391733,2.4990833435421194,2.496051884863908,-12.743237364345788,1.0413062396878197,0.4763635798767357,14.885015359764484
2.571077207961494,2.3539940310439125,2.337883083066255,2.337294425771933,2.3375719551286784,-12.227731081501739,1.0742155527960326,0.4771132179538682,14.63159121905914
2.5337494869407498,2.3240662376743777,2.339791095389604,2.3398917640187613,2.3400194144697197,-13.09276155444157,0.9250066098734956,0.43492429904700985,15.28746624827676
2.0375893105019562,1.881095789054882,1.8882703470867368,1.889726273150794,1.8902003598440908,-13.099974152374713,0.9541542808576801,0.4900063117397258,15.037387954792768
2.033529720428084,2.1007751085409456,2.0983597495930653,2.0983778509769024,2.098284136697547,-13.387213928936685,0.9640814185825392,0.42844572764779265,15.265237692072667
2.257876634386056,2.2054864709875117,2.202631673053509,2.2014362949897017,2.202722539180802,-12.793259439585311,1.054491105749862,0.4847350137657581,14.8502085377003
2.4260815105816063,2.2441218245655294,2.275435354243526,2.277286939983437,2.2752829779298915,-12.147579903406243,0.8279095201602495,0.3871449234262912,14.418049581442652
2.4278060557208097,1.7380160030047165,1.7579761218761114,1.7692304468289897,1.7516586876997438,-12.892686078529199,0.9710634869366404,0.5350573353304817,15.07808192155232
2.0309176153512984,1.9373513523908956,1.9465023539997475,1.9457496469895816,1.9461830651016863,-12.70876789221799,0.9021976370615,0.4093629520517492,14.803479162271833
2.3760831106924956,2.202285563473631,2.181740673952773,2.190074928203247,2.178006172547456,-12.759636114987789,1.118211619494178,0.40586145356769715,14.902686862760374
2.4380954489022466,2.5526905953796044,2.5503975866068958,2.5496705053475197,2.5520638459246827,-13.354399128071647,0.9799903500000136,0.3647069952382957,15.443309515409268
1.6973589567114753,1.8050570614434798,1.8204165356369872,1.8189013822724684,1.820383245544034,-12.964322349025903,1.1426160119690811,0.4962140586978729,14.783620648530214
1.9122530180355959,2.149466577669445,2.1540731501229806,2.1556539895697093,2.1547654833859653,-13.042203570815296,1.0194195157336141,0.4050540048043708,15.076815212170738
2.0318889048422095,1.9831278897431484,1.991236006266868,1.9913372694803375,1.9913837888164292,-12.898649932642483,0.8337172327678778,0.3978964149665685,14.949248601092187
2.0848891590782004,2.3994964892947817,2.29562529450135,2.297512975766503,2.2964166445684526,-13.159687572525687,0.669838605725033,0.35338994182100597,15.13699459026579
2.3267443337419547,2.3896676581697562,2.378984063485772,2.3792329000938914,2.378971908525327,-12.609588866589657,0.8302124882762272,0.4191076776826139,14.715726453113875
1.7947631218895248,1.8017551458065668,1.8008123087296108,1.8008133658436698,1.8007983587100567,-12.865791126755603,0.8651553415516097,0.430342421653951,14.747189954490832
1.6249017033234174,1.628492701735415,1.6282357640679486,1.6282202444866205,1.6282200480206526,-13.05518037982341,0.9284495179366923,0.44354106376865615,14.654789026448944
1.9738180943005936,2.035551610710004,2.04914242826944,2.049475995118392,2.049092553564746,-12.834591293833775,1.220152979287678,0.5294196422444205,14.918336311457715
3.027447391833003,2.6892737164770235,2.6394064418308085,2.6427327994271756,2.633885380838281,-12.77521717532031,1.1474605455132527,0.46020856870950333,15.17697010081013
1.582416500231644,1.4808584277678067,1.4621090110415955,1.4622534968030545,1.4617924601091326,-12.941338087355525,1.1846176898728296,0.4521368047725608,14.669856485626642
2.0247125562185544,2.0340854817850618,2.034428443937033,2.034436351536075,2.0344160788896266,-12.664658345876497,1.0365907260799252,0.4887863008146756,14.88404487717838
2.6433448401815838,2.5238750972326383,2.5296532851686058,2.5321355986286083,2.5252197795341935,-12.841905572851877,0.9516347169304833,0.4216209453845486,15.135221024583439
2.2846329369451324,2.252683834576842,2.2535929150623004,2.252622951865114,2.2532379819267896,-13.0913195204383,0.9715459772553742,0.47487475325972134,15.08149657434824
1.5472298293150446,1.7062437834248045,1.6813055816428575,1.681236320617268,1.6811608692001672,-13.121313443209825,0.8431697273263598,0.41633617629488173,14.899402908139797
2.3946797799467907,2.3136663227996075,2.2915299411874415,2.2901197967378693,2.2912541603849483,-12.903498790037052,1.2732432658928463,0.40530600154367075,15.207552388260329
2.061081514631661,2.411288670149633,2.3674044732430066,2.3635180721949265,2.370323086115672,-13.116834321475721,0.8746907474185681,0.4214588073755021,15.032467197065873
2.0372731803539983,2.156094539099449,2.1926445274543402,2.1945550147949993,2.1925048582693494,-13.125196921928982,1.3076045312122035,0.46035352593704826,15.17653463229991
2.150115276685064,2.2265091405439223,2.2090848743378064,2.2092206576196105,2.2090407816452156,-12.708277603884042,0.7719153695601986,0.3667120300476407,14.773871434039375
1.8876290483285008,2.2456459028285005,2.177054918334465,2.1849073484850816,2.177441741015791,-12.824873834579286,0.8084140910353824,0.3690789809678176,14.80690955971786
2.268989696187792,2.549652847987106,2.4801702753646038,2.477469856790316,2.47796762597402,-12.783698724008238,0.7524342893712463,0.40475928363644426,14.797343057404454
2.279347135899161,2.214148987276668,2.2298737079184816,2.2299512081106005,2.2296653934729953,-12.899696998603666,0.7588164545459438,0.3419062858822233,15.035937132285254
2.241211781769616,2.5252120372928926,2.4948953601572437,2.4930610666885964,2.494621282420855,-12.835740648330557,0.8932512328913583,0.4012568741481365,14.892521619488338
2.140559324947699,2.3130120298285783,2.2971815414850223,2.297062883743606,2.2990121466826006,-12.993956412004328,0.9082038849173714,0.3777205497290743,15.0360451679261
2.233258567118088,2.3825492228533514,2.3528528571572354,2.3531165776069742,2.3533589164851163,-12.975910040360667,0.8010835604555406,0.49577526296269486,15.080478750856475
1.5880402483063072,1.780344437546329,1.7278419722516192,1.727909187271586,1.7280451308701257,-12.739121441017238,0.7269822071885308,0.4182837111173893,14.627076918614032
2.5223586728166407,2.2563753209268773,2.2708771033982322,2.2716855675562204,2.2703958417321792,-12.962412552152893,0.9454786084605578,0.3765335292681254,15.268700277627726
1.7637828929284136,1.8078139505529842,1.8027909258156096,1.8029901560380317,1.8030432742749265,-13.130963376515375,0.8859208702138573,0.4521161771704608,15.122694783411426
1.6595983178284812,1.2358798141418492,1.2777523675157978,1.2793714137632746,1.2755791147267468,-13.182386469783046,0.9011783695787898,0.4599848757221449,14.961240956371041
1.4790495011062519,1.86536834269687,1.8406162865150628,1.8439800996473608,1.8498728299145792,-13.117827660389484,0.9359284261676356,0.4357461867255595,14.893165796199249
2.3200084850775697,2.4371942742313837,2.422751655111044,2.4227167306691966,2.4225300879504976,-12.510276730612103,0.8767545175517566,0.4667845123338203,14.710393193146333
2.6271915259994945,2.3379431210865333,2.403519471868355,2.4028282684551647,2.403977066078773,-12.54093802343755,0.7732870789674553,0.4310268198140332,14.85416512824851
2.6473454818375464,2.4850484278416123,2.50214517012215,2.503079572011189,2.5021762297004395,-12.916964967794524,0.8946577164551253,0.4382739354195287,15.232597156172519
2.2739705528808063,2.2559682727057364,2.2588732603023125,2.2588894789229172,2.2589221018685715,-12.730135530270013,0.838632241675785,0.3463357253263829,14.773112233029218
2.321945677279641,2.0911348206929716,2.090724254385427,2.0907355330331954,2.090711759744999,-12.702904042864613,1.0017787998087093,0.4943827154568852,14.896971308400504
2.0803602633012677,2.094568435428719,2.091392743730538,2.091100365739409,2.0916889416242554,-12.996819470601451,0.7764883709393001,0.4436067032998799,15.009071738314201
1.1018391669496337,1.1991620591652068,1.1982605919038294,1.1983303486196268,1.1981537687735582,-13.56203702081579,0.990737356434277,0.48291843457094524,15.175350125011855
1.670539347361109,1.92575050404108,1.9445356801335534,1.9444461487781481,1.9449631172660093,-13.014981017870161,1.073606406306247,0.4292913894784845,14.839269504760566
2.2220538203477758,2.062404916623011,2.008894586764465,2.009121171950375,2.008699486249321,-13.205563294513608,1.3351750535712976,0.44995511770315266,15.323767426956874
2.130157450256828,1.8888140794656638,1.9502646603165479,1.9505228448609384,1.9501439545970303,-12.859274686836903,0.7453811113624571,0.3781758856512608,14.924543877174637
1.48907300908993,1.8635592900707383,1.7441926276883246,1.7437045454812226,1.744889903827046,-12.997400956598394,0.6812522422189035,0.3347383866515588,14.797808364705197
2.122259041378711,1.9949219245187984,2.005489747837371,2.0040435773978165,2.004909989345836,-13.277854400213759,0.9170090891079441,0.44160361167580164,15.363780706811376
1.0285150559125653,1.1636119401156109,1.1887173829692577,1.189030492420662,1.189108559637948,-13.482367879937776,1.185832878394992,0.3885387651458096,14.948845799764463
2.367375285271235,2.4093184660409435,2.4305141702078727,2.4306080997582513,2.4309035976898583,-13.079663619263751,1.5053432710147576,0.4728420755834386,15.176094796094777
1.5042974712164519,1.7965781073544707,1.6965696012220481,1.694555373508286,1.696032155678361,-13.269595731649272,0.6578339658286619,0.39336255534421627,14.922074114051536
1.7292433255540849,1.6982062027001346,1.6978633618038195,1.6979682491335446,1.697913224332233,-13.3722012857015,1.0110461558543486,0.46106351870949447,15.210312478753462
1.8939439122054815,1.9236166133859733,1.934597775883352,1.9345345089224815,1.9344483097675904,-13.396542224277741,1.3700762674278706,0.4661272494077694,15.315695143799003
2.513691316294774,2.390740720847377,2.4070622740993928,2.4101440192406667,2.4079916048355914,-12.181644419708002,0.8672511247902139,0.39873495655792685,14.612820634861423
2.0435567222723092,2.166516378340201,2.142665014760161,2.1419739890623752,2.1428456726026357,-12.670854433251446,0.8060228505610763,0.41844674012443756,14.689873410782566
2.307888364209566,1.988741990122612,1.9585722527693625,1.9600244370030415,1.957437812509661,-12.786088456214946,1.0945326026014308,0.5217055988093952,15.006235032117706
2.3396190987068417,2.333350784733262,2.332773673577459,2.3327639489926755,2.3327858291258607,-12.58987163001763,1.0920680039698065,0.4489163095847927,14.805486628427971
1.7913462770739867,1.6738070096625914,1.6693978453876617,1.6689991109105315,1.6702824719650866,-13.77980141975814,1.0375122660880407,0.43358824407474317,15.40764401106148
2.038611572563971,2.162911221403512,2.191639231345508,2.1897479748689817,2.1921532406331794,-13.265515059322118,1.2311189951878376,0.43997481386569093,15.183071512669972
1.1357821167824267,1.4915212571410978,1.4657848816891785,1.4656048444055871,1.4673338259571813,-13.304871297681458,0.9276537987189978,0.45696031584547137,14.972388511371506
2.8719873168650967,2.5303869980229505,2.4958302607848224,2.497353436827699,2.494099153858176,-13.05194926257961,1.1011613143549106,0.4681480185636056,15.404740842499857
1.5388343968335083,1.516934682520901,1.519712132364297,1.5201329552242702,1.5193118978271622,-12.961170099668172,0.8731741517834679,0.4398509045671012,14.79803166653804
2.1832743465479973,2.3414418860273156,2.3076457204232526,2.3078515290589503,2.3080726035678634,-12.998950036605105,0.7863267917341357,0.39592508996922476,15.07406639498105
1.8744763189733444,1.6429139308637115,1.665860343779531,1.664500721913172,1.6655810362921817,-13.025109976187112,0.900906131159108,0.4568288432835559,14.734849252113111
2.1530927316150548,2.3792861832146905,2.3524233256058533,2.3522247336478372,2.352457703640247,-12.874007376291107,0.8812394549052446,0.38560522572831574,14.872767721598926
2.2794561303619734,2.046342949403469,2.076624626538884,2.079409959263897,2.073374825324411,-13.076081943715389,0.8700988206205046,0.4588641263428025,15.151014544004534
2.3229490804201287,2.379822844437598,2.394454592238186,2.3950982417073243,2.3944006702205085,-12.636683980249895,1.2572670906060335,0.36391059898762396,14.785272596363505
2.2504341505399355,2.095600474706686,2.121104736290787,2.123926540442284,2.119824181021352,-12.77697074811213,0.8352796221697453,0.4815542482189048,14.812618086422741
1.9858607335299991,1.8654880818424981,1.8746106807511356,1.8747207873614862,1.8735484113718421,-12.60636056845316,0.9242136915591118,0.42439619754509705,14.712645916700417
2.303490567603193,2.1011479205462313,2.1272842966099135,2.123764955932315,2.1279786114599224,-12.200873368285313,0.8708311053362656,0.4791500546617,14.465057331221551
0.9835493118323893,1.0169594100142738,1.0165160802139463,1.0163889745886991,1.0166918754653258,-13.49981562488302,0.986730664545971,0.43078342162512945,14.976039925877068
2.4285333193154655,2.585108126817312,2.5559380833115077,2.5549826396560693,2.557352178288884,-12.3581160521912,0.8136989981261156,0.3860484647707359,14.67419533924495
2.2293114925985815,1.922390839458058,1.9652274178679718,1.9674154117177762,1.9642158245201922,-12.54720236099556,0.8604310984888298,0.4062624358856942,14.761280028701243
2.4672946758772487,2.514760842219496,2.505264007263944,2.5051594282073744,2.5052394535041236,-12.844838632516684,0.7999241209606817,0.3521018477615644,14.93450569132164
2.5085014815139877,2.459150697887523,2.45743461330618,2.457305948817393,2.4571263210193353,-12.94690061207966,1.0347731982197677,0.4367967215598796,15.282515339203842
2.111409818165973,2.1049365581932253,2.104983816229053,2.105108749593361,2.105015044954183,-13.413764349407138,0.9926994997841971,0.49095291526744894,15.4247722437852
2.0551180402083773,2.1500328524257615,2.138922734980983,2.1389775811282967,2.138943639978783,-12.840955358539446,0.8829464318031628,0.3961033672898829,14.915249634956112
2.075174689761374,2.283924597661626,2.243178683166136,2.2404727432522646,2.2418498520380776,-12.836907081762137,0.8048099043236003,0.38006930680926315,14.9289789167076
2.2840238900600234,1.9254070795084204,1.9843565905901546,1.9836801104667994,1.9815391818408785,-12.461108034801745,0.8356197775808054,0.47386299903512913,14.597374701399596
2.2934768514340145,2.179987863899555,2.209674086353566,2.2095320605520183,2.2096879373887424,-12.887305221053625,0.738421999359213,0.37699086550222055,14.961410269847558
2.428963771991801,2.4179462583445694,2.415711258042764,2.4157178978013274,2.415604527082954,-12.140609936480605,1.2028588639296525,0.43732609700291036,14.476656848474857
2.465586949500622,2.4489870002079224,2.4478888442947833,2.447873230751012,2.4479015459334867,-12.64190191673283,1.0661541727492998,0.4328660378136861,14.798110071367873
2.4963989525970227,2.3810207829409658,2.366901771676588,2.3663493568277616,2.3665326993552376,-12.577673420649841,1.1223716003336437,0.44658405426972925,14.792493105192593
1.6973991753764448,1.7891430527816918,1.8042777851352771,1.8035272308312804,1.803867663643512,-12.810074598172736,1.1649672194116412,0.4999610633832571,14.952821944245063
2.423876559909398,2.0704907779420383,2.173390926975051,2.1739375804095262,2.1741309945737886,-13.035252321945515,0.7088163862729558,0.41470708510459897,15.29401503211282
2.065380053063305,2.0129817819093776,2.019147868238329,2.018956296701581,2.0191103077316903,-12.923156277125097,0.8823227142201421,0.41658343119744434,14.871138514156705
1.8432101459660544,2.231496229797069,2.224851208114741,2.2161489012145648,2.2305967902212673,-13.119094445216431,0.9828862739123557,0.441386933067216,15.168562631459485
1.9080291035130914,2.0234647127167733,2.016939349315928,2.0167260079708744,2.0164659619449457,-12.9919235992543,0.9434718329477401,0.4143307286162171,15.01956534777671
2.2345226990524814,2.1152593768940453,2.120314530263661,2.120088727547934,2.1202654683130584,-12.716162867944778,0.9576135120326473,0.4641534995850484,14.678921967180992
1.8860655787518343,1.6266878024392821,1.6179318254612416,1.618481249353489,1.6151972453786638,-12.819185931030825,1.033757622193082,0.48610876706955936,14.67849764807027
1.9628532916915755,1.963934936630005,1.963770411191205,1.9637724816573756,1.9637723099856808,-13.090013234026411,0.8478933031024161,0.4445088781999082,15.090762737031145
2.2609676396918283,2.17725834848682,2.1682580695994114,2.1684923776573273,2.1682115793403196,-12.684425257624948,1.107518278530952,0.47017549243555423,14.915196802552806
2.3437648462349183,2.3011645856124465,2.308864723065907,2.309121387258122,2.308484471438753,-13.172191164996615,0.819246705514321,0.43429653673721513,15.333051726481814
1.8013972758599994,1.832045280192119,1.8237082176066424,1.8238648494330625,1.8233755796405293,-13.242878976616066,0.7279737207313021,0.3491012757684819,15.154836062956017
2.2617607971974474,2.2459964932492076,2.243994234743703,2.244109993079981,2.243828934907104,-12.457798080704476,1.1270121733302862,0.4308648571860013,14.612591522513588
2.075067565455667,2.160079880320103,2.143299661325926,2.1433434968012124,2.1432737378855764,-13.275367796179172,0.802614256288212,0.3743651900712049,15.285421744827682
2.5253537526735546,2.4682409081509324,2.4781894931124535,2.4781576600526534,2.478185708206742,-12.660545315091781,0.8258082740462943,0.3830787502164949,14.902103393895286
2.048368465349849,2.039048481862708,2.0375578735006026,2.037640555977064,2.0375131934964923,-13.14172365351276,1.1599368029098376,0.44695978865651487,15.211663033102706
1.6227186651508003,1.6815036507261363,1.6903007772788348,1.6901438550244943,1.6896996037431502,-13.539586457970184,1.1496492083241854,0.39974727779017816,15.338306510740159
1.7838068596044976,1.6922296717892789,1.701024529211392,1.6987994978474545,1.7003575227261032,-13.05014234558942,0.9039623553426962,0.45423795434697223,14.933555113683532
1.091678758392883,1.0559961820119708,1.0634063668607676,1.0636175263764873,1.063040189229565,-13.53155161970449,0.792330442463221,0.45141697758195515,15.150348305088578
1.465100475353923,1.9342520105769554,1.8194026651087365,1.818973137294408,1.8203356950562888,-13.652309990785014,0.7551977626725238,0.462183502941966,15.333627498506898
2.4824672889152524,2.3375842977127816,2.3284745023740974,2.329246742719509,2.329399817385852,-13.141723746513815,1.0628769137293157,0.48638566669624694,15.306614384124137
2.837586952947107,2.5692006730243264,2.6048103113058714,2.6012564837016927,2.6042950386613675,-12.47673763504324,0.8673194535436345,0.45991729254336133,14.923103563172992
2.4009777198061277,2.2485374847493067,2.281070215000257,2.2776642799267672,2.2812501708453583,-12.7736505571322,0.7865869844741141,0.4488602140627149,15.138262523809477
1.8139928013656517,1.8493581507823298,1.8485010203051317,1.8450160490285354,1.8494216707958933,-13.223450345178584,0.9757635512914231,0.30156488518541374,15.198189565353822
1.4592099299383894,1.5494258946647352,1.56065556503754,1.5592214635966093,1.5614367464801862,-13.357147158546068,1.1244754230237224,0.43209114720276526,15.15909024194184
2.059561981465092,2.06779803316189,2.0668590511881693,2.066811599979454,2.0668195606065916,-12.982910486414461,0.8859912481990013,0.4096531866861407,15.156330199302657
1.6873725706412601,1.536773617451848,1.564118550048367,1.563983976032431,1.5641815126513845,-13.31528462805139,0.818425480274576,0.4268315151596747,15.151633804644943
1.7358076855077194,1.772439394896076,1.761200214802876,1.7607773362827943,1.7612862493033679,-13.30388947834732,0.6931843945897883,0.3636965939702735,15.126768226071853
2.0637272990101274,1.7917371147024532,1.7793046119731604,1.7749217246160756,1.7786089696895124,-12.975411392165158,1.0457093801415587,0.48441290506524814,14.9395157447992
2.2793660035104026,2.224342340512907,2.2333779981441158,2.2335010969510143,2.233316550271252,-13.298081789891501,0.8357859666372948,0.41769212275038653,15.455250368472846
1.3003040553961203,1.4871657721824292,1.4762099959325148,1.4732578170113375,1.4759005311372926,-13.7088583310322,0.9413696050837242,0.41917871074042545,15.25516240736726
1.889347859235284,1.9773427412708888,1.9510444921074959,1.9515593063167087,1.9510696389530606,-12.821266354637928,0.7011388781366596,0.3403572954749059,14.76491220826855
2.431290856999232,2.676617538267772,2.6287065929370668,2.625885039092202,2.626669550845831,-12.71621942478004,0.8047055253714515,0.3956394226708434,14.957245610156724
2.645016502867211,2.46505460899365,2.507531897172873,2.507601830879823,2.507649263788613,-12.220503153029398,0.7639650969162023,0.39768707451218754,14.6187530869472
2.845498115429979,2.5563263138000876,2.589586216215982,2.584386378997824,2.5893179312682717,-11.87279128770771,0.8849822070187063,0.4037042110961446,14.25204580660788
2.109789827405363,2.3019983007545166,2.2766343281338335,2.278034504547272,2.2765876403988408,-13.000037804175777,0.8680392587344004,0.4370391941104303,15.100407174198276
1.8871197765506418,2.218190807633859,2.1418670385076934,2.1410684046900323,2.1426690097931003,-12.960021314335023,0.7694640667398637,0.3276075833338986,14.929897298359055
1.8769403111211174,1.8100772886683052,1.818254073008877,1.8191423386013874,1.8184585158853395,-13.320724993657203,0.8777084247673342,0.42771576603140926,15.267844445011681
2.017238776005934,2.1346740049134567,2.091787093309995,2.093183584787691,2.0917811459966975,-12.610103891868558,0.6348036955994435,0.38476987501675247,14.593850270082926
2.679732835121514,2.710121160189896,2.710176519886783,2.710213296452544,2.7101313368760795,-12.29720298293333,1.001821742289624,0.4576310048513806,14.78978775137547
2.204791703399572,2.2044418271173227,2.2044066412512247,2.204406147014229,2.2044071348431347,-12.9216336857797,1.1005665942017402,0.43639135847978155,15.106702207576532
1.959733603716593,2.0246299035605535,2.0173144003065144,2.018443800499867,2.0170051422553654,-12.588380167156146,0.8872739544222258,0.37852974521218297,14.685257506191745
2.2670211502580373,2.1482656376895495,2.157190876756976,2.157215020123509,2.157161444703676,-12.775602700774312,0.9248435809472011,0.42027721479152524,15.032524089129966
2.191023201693229,2.0333175402978716,2.05291000849915,2.0525606449417886,2.052200834057004,-12.642169756778966,0.8757656001190619,0.463413484816631,14.787323147312698
2.6571429338008707,2.244791707489844,2.3436664413136477,2.345591932682435,2.342210311492557,-12.797831501376969,0.7602171946756259,0.366261223310034,14.8896642708415
1.874877057226052,1.8795990810349845,1.879215320705414,1.879207782694671,1.879228378460044,-13.529244812793731,0.9187296919501066,0.4685187734463143,15.495824737966952
2.0426255973501446,2.3214957129246874,2.356381286042426,2.354438617614931,2.3620292735847364,-12.996922558660398,1.1250961331796516,0.5662257456418702,14.962451280120618
1.7124727561426607,1.6702950154422482,1.6765302755684286,1.677216422255354,1.6765674596242413,-13.087496283046466,0.8521670430270593,0.35486386169256007,14.916361655191132
2.04066187538682,2.018326721059042,2.0225738749816555,2.0225101551376787,2.022548632017098,-13.111193068426989,0.8098444335648981,0.42559867349120256,15.155096741881716
1.454676829478686,1.2273534009086964,1.2288003098200144,1.2309009622774867,1.2291088610094725,-13.258480270330384,0.9936350207261103,0.5428347532448583,15.053356293984482
2.2449361748946055,2.1273052813872715,2.1442263397374868,2.1437884402413214,2.144398245452369,-12.647151285931951,0.8561512384570915,0.37202998410843613,14.826709281187616
1.3378372059769974,1.437618466034966,1.4396452969726274,1.4402750685452228,1.439562931387644,-13.693299630261368,1.0203127414555055,0.43720583372140737,15.408352328614699
1.5813694352237784,1.6504559945578607,1.6579279291003093,1.6548780066117752,1.6595091568785032,-13.210775858332791,1.108153230012747,0.40965016838316964,14.911164058584282
2.157406002781521,2.250474742996256,2.2571688844061324,2.2574017672387594,2.2570921384841616,-13.047428138421978,1.0719268509967166,0.5000747256870939,15.13851048642445
1.2477108775684111,1.5693476226866199,1.5274062293433899,1.524801400542348,1.5287645648461627,-13.176435452966942,0.8696001188302803,0.49525064072230934,14.891786299866448
1.5842556850219018,1.6507417329687617,1.6472590592258032,1.647126741622093,1.6477027428086501,-13.440076835310053,0.9476179762445442,0.39950677526971645,15.16136575393813
1.780148963546183,1.80557486765156,1.7972595602296024,1.7972325749194669,1.7973071622397423,-13.118938465302728,0.6729592234952506,0.3236746036907791,15.003837982500363
1.504853887265057,1.919442328475139,1.989138223291024,1.985311902332938,1.9926988483048795,-13.032832515545525,1.1681086298799368,0.4107822043242638,14.762162034118528
2.377354460491153,2.408648704883387,2.408988755061655,2.4091484707042516,2.408935067521445,-12.346700449896222,1.0108662210854356,0.44944613953070667,14.771259495536444
1.72386302981864,1.6372511391228572,1.6360492310360562,1.6354682567359635,1.636189963104209,-13.618708018249738,1.0138769408812727,0.4770209917121204,15.406785576757132
1.6718571301311294,1.9299733752363422,1.9574266798115048,1.9607839656979689,1.956370811610869,-13.29638279710063,1.1063602353426951,0.4133075399790592,15.28973356183409
2.1794307086050457,2.27738146791049,2.2655748314472817,2.2639908476625967,2.2665339824811346,-12.983602340903019,0.8794635534535155,0.385232162774859,15.08092131631695
1.3408511277989974,1.507512967033667,1.525957010642462,1.5237777082851198,1.530161977655055,-13.191757014568177,1.110667467090804,0.5236229387772426,14.963981958572177
1.4703340749702214,1.5081933049845988,1.5207345190689336,1.52043229552421,1.521381182339453,-13.32358907686641,1.3312590900441588,0.5583169069513892,15.129685968160427
2.8740215092326036,2.7334742723004166,2.74893092709092,2.7495505779722653,2.747585402327841,-12.72941661715198,0.8900251963120311,0.461389731480504,14.999633434506826
1.726913886711859,1.9891852577240003,1.9496775010250398,1.9484850209552909,1.95012262332048,-13.205942066505159,0.8493630603046961,0.3538796738295999,15.165159556648696
1.9492971333408227,2.064458607206922,2.071397669817963,2.07131936983151,2.0712158750781953,-13.010330252208847,1.0602550694958093,0.43863589089723026,14.91127018673372
1.8676338691960153,2.0391535207803972,2.050014132768121,2.0501370899496774,2.049837950603529,-13.281517320409451,1.0633199279930976,0.5358106056864714,15.052900372574413
1.9563004198384046,2.0304717674951416,2.0235230241106708,2.0222326693217805,2.0242130162874385,-12.880897144144061,0.9063149908421523,0.3494717886582643,14.873613224466773
2.3338549913395656,2.4182444334154187,2.4057759236992657,2.4034795028027744,2.4066743069102676,-12.894698592669954,0.8522503596487166,0.4475113657401855,15.16736180604857
1.6454247437261764,1.5179392124506945,1.5188878476381333,1.5190202941102502,1.5180583916121213,-12.973072700050956,0.9925588796003119,0.3808717788967424,14.912821517012828
1.7123058446277004,1.8454430683408696,1.8123784438019421,1.8114656996927772,1.8135319976524258,-13.297337946119784,0.7516500373316852,0.3132942863069211,15.086935955585965
1.8070147337694515,1.5417419380032924,1.559808438062379,1.5597991640126356,1.5599820641454532,-13.148935861931381,0.9318946369645406,0.47518838425643845,15.066444437210507
1.648799066285001,1.8005128802799026,1.8152722475798884,1.8153268472861614,1.8150955020976816,-13.315091000967389,1.0972842677363672,0.4560335805055111,15.056084697616587
1.616811038300567,1.4898385724724437,1.501180988017299,1.5004639775532447,1.5013052247381218,-13.11730067423266,0.9106702742923097,0.41786904326340074,14.820387742737298
2.1168362104146623,2.0218599042117837,2.0383699091614087,2.037331894160296,2.038746137070171,-13.526752696992393,0.8261671188353136,0.36271223264768826,15.522431970208416
1.8751394052585062,1.7996148425507106,1.8128378089349786,1.8127369991357345,1.812854075426229,-13.054422809504082,0.824918332391709,0.4653465202344777,15.064995004929147
1.49231974544272,1.1890953731092466,1.2487427075689719,1.2488903384544168,1.248336243218933,-13.233426353889248,0.8032897751565713,0.4420143159485814,14.997818604904923
1.4754879655848032,1.5616262087590875,1.5641420783816469,1.564395654404528,1.5639906950442568,-13.026233551501164,1.029207347745285,0.41738554573157827,14.655724861174066
1.539676533213837,1.6687831616525444,1.6727870939553318,1.6725489071800803,1.672716502643035,-13.3667516025456,1.0310126006015876,0.451134445082844,14.97622659754907
2.2216729302887455,2.3526820231261727,2.38690096713377,2.3866115619754336,2.3872625862766705,-12.352132826029475,1.2611951832233605,0.5183520658309438,14.781813913158496
2.4802606860438243,2.2535085308542357,2.306139401073654,2.3060098135327176,2.306237458056586,-12.853757920836516,0.7678925248784823,0.39631846427360495,15.096318923396693
1.695176708191544,1.861110039879375,1.8378596885040863,1.8396504263476492,1.837235936057039,-13.096022723916928,0.859881368385773,0.41602995296966,15.021513419500243
1.0211578229709501,1.4641902942141272,1.5541297670134113,1.547521130722213,1.5590537513483635,-13.189048760256153,1.2030087603892945,0.43466322522546275,14.848961145809968
2.321332995826488,2.420843451501642,2.427241346862082,2.427276798982881,2.427115449955159,-12.555044632157966,1.0642936997628276,0.4800248810684049,14.757660471344803
2.451280454999261,2.2112687547847094,2.2454797995323075,2.2474258809602694,2.2451001129163126,-12.627653788772767,0.8574609291254689,0.4518812179942561,14.824952951626837
1.5094554059579706,1.721435879898929,1.666687140956452,1.6668290273240238,1.6666460668540393,-12.981367340995432,0.7417274434544123,0.40532116586975664,14.815568996642362
2.4499801361905167,2.49435972912236,2.4791429896031265,2.4800242870022435,2.479074912292826,-13.02473132194373,0.6571230488165388,0.388182922256929,15.234263578114474
1.6347868434570845,1.5636333246084881,1.5679733686056974,1.5683555727332077,1.5672618888721268,-13.198541688172718,0.9390045064890773,0.43177382065549647,15.03753808138494
2.029788622156298,2.131862994252063,2.1392917793368307,2.1394242477924843,2.1391533044210944,-13.048970062473707,1.072778160984409,0.3977541725760112,15.083958253775346
1.7633815895267901,1.8703560873245897,1.853466338127325,1.853485754870226,1.8533794592597161,-12.96337438942942,0.8421142464329335,0.45957059177101434,14.980871439336516
1.6986148587650238,1.7860140925072758,1.7880346073440634,1.7876187777526242,1.7884760016964432,-13.149232909195753,1.023118221410808,0.46214998775788807,15.023022009159009
2.358749816334396,2.1982309699291407,2.2098774328705044,2.209855642054971,2.209791657849662,-12.99553418302164,0.9274448876117583,0.4128174093034181,15.063248330584589
1.3787430216538332,1.3387564122239863,1.3357354542356101,1.3355436880710747,1.3356969263814507,-13.724817586313021,1.0755492408946914,0.45079148054501855,15.302198046428675
1.9100932860388662,1.9470116068093528,1.949691055452543,1.94986815630002,1.9496664477929397,-13.67048064463237,1.0725777496719677,0.4712941696021335,15.521607693803906
2.1641224963122365,1.9788557978824246,1.9811089335527352,1.9809689470051854,1.9807729317022813,-12.432647167911565,0.9878384205612406,0.43537151885304215,14.372807141025113
2.6859513898312555,2.870417157064348,2.846249484817275,2.8461333477900332,2.8465825947375802,-12.957297231617387,0.8689855976554496,0.3854949492845429,15.286974197581326
1.9571343859418608,2.1516932608874497,2.1426231272358702,2.137956852279581,2.146093361766867,-13.281428704954902,0.9533810336119811,0.3961323397017912,15.34077580715809
1.776201928141928,1.6197626205318374,1.5920660652433862,1.5892562137116688,1.5920354593643393,-13.144300871425866,1.1770434535384258,0.4514781340843327,15.030604616275495
2.043725455922049,1.7118731192997747,1.7668064709271507,1.762663494086249,1.7659484451892107,-12.80157465270744,0.8344644724020601,0.4472327600795256,15.000533930644556
2.2426728589419636,1.9418752282332365,1.9633037918330147,1.9663827448236149,1.9604383033457962,-13.127400659845318,0.9287608630783082,0.45461525787918494,15.318097904255369
2.34839609173293,2.2105926417392143,2.2048022269456906,2.204585935609563,2.2049452942812438,-12.976378864146346,1.0420193746512705,0.48966254390577246,15.121734802189176
2.3702767661753823,2.286273848831637,2.3062616110071126,2.3055702469213144,2.306440814992856,-12.854980817929057,0.7620587140600792,0.430607401930486,15.015160588489007
1.6279462448179327,1.5437638106803981,1.5281793505534311,1.528148950280747,1.5281995696875221,-12.83157718086817,1.1851272214522264,0.4224402414247677,14.70318145760293
2.51496335841108,2.2286917697466055,2.21131026787925,2.212311930910932,2.210343583349479,-13.429268887856752,1.060716824706372,0.49461108377129254,15.678497665749564
1.9031269648984661,1.780172885304809,1.7909868087047462,1.7909095013545753,1.7909774634901208,-12.944678259376504,0.9120490882801527,0.39352652189021153,14.792817507930744
2.203736919696844,2.118061901707517,2.135555205699643,2.1350170782470355,2.13559259891158,-13.207109591318583,0.7958179128213911,0.4240327592610603,15.15100212957816
1.7697188153363754,1.7277244154593492,1.728134178860381,1.727647279485683,1.7282489732329531,-13.395903930803366,0.9902424275086219,0.4052501064741053,15.323765530862083
2.421652555175056,2.3232366112905467,2.331612739513857,2.333110879952263,2.3301007255465707,-12.978440960287774,0.9148905360991157,0.36594100908035104,15.041262723256493
1.2744967699369623,1.542550933591931,1.5203607010399671,1.518840757753062,1.520397062191514,-13.701881187228189,0.9172173554426603,0.4862062099447476,15.26825544790915
2.4819556569350167,2.5440393607643856,2.534863002878919,2.535047490962859,2.534797715723777,-12.916731274411609,0.852193775186371,0.46535170934131564,15.145826002251079
1.6124057074621134,1.7119960117895239,1.694063334298688,1.6932795601885504,1.6949853999378108,-13.38614270047103,0.8199355086627628,0.39171017188429413,15.360663123587594
1.990542104802957,1.8022672132209754,1.7228984858126957,1.7222671840383916,1.7231867479182255,-13.287083187698709,1.421557684837227,0.4701782515192431,15.241478900290453
2.1360745214445522,2.1293625690053366,2.130055135455416,2.1299817585747234,2.130087425573172,-12.74433622683239,0.8968159479149627,0.47589906669145204,14.969824867111704
2.305618602027703,2.141382353683086,2.1446320310416844,2.144118282362802,2.144748731359956,-12.538827681604484,0.9802133975212387,0.4276196618627519,14.730276640573793
2.121845847177839,1.9407900184708866,1.965720787684342,1.9610635393925167,1.965348711634561,-12.78693325742889,0.8623034155182789,0.38141465884867115,14.702851383722887
2.069018005918244,2.0237707208425055,2.0209390769782076,2.0209592067194677,2.020821929538098,-12.988053622100924,1.0625815197432997,0.44624596440203285,15.057386321505506
1.2129553860034115,1.1684890814565938,1.1734812725738388,1.1721587669515923,1.1735518786246937,-13.62468521183839,0.8877309196677502,0.44222899737617394,15.135537606392468
1.8227349694746646,2.0057389116208975,1.9956042224887167,1.995136423655128,1.9980817164654638,-13.35672291593269,0.9446203780458353,0.4153876152081585,15.226930016402944
2.401265913677321,2.115686553934637,2.199492331109318,2.2008301716009107,2.1988508340773096,-13.451730161035549,0.70654119663903,0.4353788358486607,15.609919342417584
1.942171692846054,1.9416757756365652,1.9415920487719673,1.9416029473360517,1.9415943753209675,-13.193320926017376,1.168832343372479,0.5055812107001999,15.131053825062766
2.7191419448666525,2.5239884575016966,2.538839587615606,2.5385369487935674,2.5373651294085637,-12.020305659947374,0.9239002576155023,0.41108908536855115,14.466358652386367
1.602284769377498,1.7204190168124973,1.7396561743272547,1.739454683327895,1.7393881393618185,-12.979122545910315,1.1628414954379969,0.47612334087942604,14.799962508573902
1.5811889919347477,1.706009760286179,1.7048960973596903,1.702240090061773,1.7040684336681613,-12.935559123117727,0.9910779036117348,0.4552754595887729,14.788826362431001
2.388789354047214,2.0780650862181482,2.10569775627104,2.103810733076407,2.1048612622263025,-12.81270151182048,0.911070125787239,0.46367285469898456,15.110971802592143
2.0092873772821336,1.8789863167202014,1.9075472434964518,1.9057833886673041,1.9076234028674672,-13.614709040534862,0.7808081787432944,0.4506459421126927,15.45437667477808
1.585048631745392,1.6510185520023641,1.6329107613177336,1.63295229456049,1.6327920236128302,-13.14296695538897,0.7255144372754269,0.36649840389108307,14.963163666075838
1.6395965466362796,1.5713071653956405,1.5750171571512912,1.5751587838774377,1.57476029270686,-13.366230495225366,0.9456724941967591,0.4317800369341059,15.177153515219182
1.5852786855102032,1.4565227629175863,1.4838077108703056,1.4836868666042389,1.4838926528918912,-12.862698581426145,0.7880878222662591,0.4207865890954099,14.623181516852414
1.8338766622350267,1.5660402078748938,1.5934910862760383,1.5925893609502932,1.5940450085737417,-12.611669316335696,0.8975088045175744,0.3942003321197722,14.5139911577627
1.8756412467389,1.7871109959388243,1.7901848533312792,1.7899702626145302,1.7902944270038443,-12.773880038431685,0.965279016328593,0.4604994417743517,14.856860392618996
1.8039122088487323,1.6573603899815437,1.6969913283567157,1.6977223131593908,1.6971836656154187,-13.342623419752174,0.7295773011791357,0.3924070604476288,15.204401604253073
1.6959248103330788,1.638905802701549,1.6638967528411577,1.6639004331504392,1.6638548160614812,-13.231541058361834,0.5617084341224239,0.33794881813684446,15.188138109453803
1.7956511582322003,1.7204772303907956,1.7142225060298804,1.7131961424046924,1.7143306748501081,-13.107092459975851,1.083203373037949,0.5098537215002787,14.869113743374834
2.372145093855834,2.374885317031488,2.37612682356266,2.3761301633747705,2.3761237299710993,-13.140933354730693,1.4530676706197518,0.48261991306983326,15.165323317267903
1.5873925066009607,1.5320466454943826,1.5397720055017046,1.5398968630880725,1.5399757190546675,-13.512950842321196,0.8604166625496026,0.49317616872855213,15.447635405670999
2.1140159622608254,2.35609025329459,2.332847476088469,2.3311301120300207,2.3329525105940485,-12.914022099488896,0.9039849415364831,0.38626500915099377,14.975080571786634
1.0265496436669934,1.521042710640859,1.3919869201766428,1.373487122237568,1.398222699826266,-13.58066839375925,0.7390139537162889,0.3948267766511184,15.18955942905737
1.2955607050175413,1.5018958084045473,1.527238829659688,1.5279352281891352,1.5272113206481706,-13.323132204982315,1.122824574389591,0.5198105390293919,15.019974060455207
1.836139110220863,1.568839993650486,1.4955306127904007,1.5137270669166796,1.4825249019977291,-13.01739521018536,1.274259719974734,0.4897732821252474,15.005320263875296
2.3091834865133167,2.2681094428333974,2.2613047225918157,2.261426575680277,2.2613742375045467,-12.832202022470002,1.1656695964636459,0.45029676568922167,15.058261258166835
1.9290632170690167,1.7750234886284917,1.7579158002414093,1.7577613747009946,1.760263826414589,-13.330953297128424,1.1110602346568557,0.4884675522558148,15.255634239517244
2.079515489028754,2.34120788964038,2.3562560633062506,2.3550512546369813,2.3571351639219773,-13.000017427617061,1.0575032887111002,0.40297649895263843,14.941002832020905
1.9461094358046476,1.8342359239435009,1.8437517686745097,1.8475791813126916,1.8419198617965193,-12.311320679393177,0.9149410385648847,0.421491694219201,14.442037643676477
2.4785135711674533,2.440756177938847,2.452795815342404,2.4528090722881113,2.4528564852499803,-12.857215981192956,0.6811316572979172,0.3544547116868462,14.96429662353071
1.8890707253027865,2.0423291869314837,2.0579230006855864,2.058154875442697,2.0579559108253074,-13.151641972966567,1.1017484684916323,0.4461812549266964,15.279544000504975
1.5243425238537407,1.655174405863955,1.6696303682199811,1.669599399445421,1.669354705708674,-13.494564713083557,1.1104926577063035,0.5368547512061377,15.128311994372526
2.149499502984886,2.2502001247137606,2.2364155760321256,2.236998842204619,2.2363644500074176,-13.383616616369206,0.863113569261284,0.3853156666216503,15.255178903858091
1.6389543990813258,1.4628218228792371,1.4631207138119733,1.4634099941085308,1.4627110476682041,-13.646221825495237,0.9983030343438962,0.4144964297132551,15.442901022451037
2.130150065472111,2.3458663681119005,2.3219618102820103,2.321874236917467,2.3220277211994236,-12.999002571870001,0.8891852051172688,0.37928265408291556,14.94710556283243
2.051433344926895,2.106640025661628,2.092937666891454,2.092363509630326,2.092934719047544,-13.578467771265384,0.7517989020927969,0.38595744924997355,15.45253185275245
2.1635060220898876,2.228667349534504,2.2040534264841973,2.2039916986867922,2.2039349215371837,-13.267690328270767,0.6222617921461536,0.3572234595120293,15.4093212559317
1.8081995872968468,1.8251296993835526,1.8267905408014784,1.8267501643361315,1.8267327017565005,-13.318296202998336,1.0980998477399042,0.4685977561927997,15.177667643940605
2.045723510900774,1.9729760928941675,1.9721650475592234,1.9727414774390772,1.9724201261864136,-12.833630511542287,1.0111487851688394,0.4230774452129926,14.876699648808298
2.4391421826566697,2.5321209473506565,2.5338168886845933,2.5333458854205513,2.5335276374631985,-13.084135548391872,1.0182400932031954,0.4537181528744209,15.210381790233146
1.9439920410274543,2.151118909033455,2.143415351969594,2.1407052920071865,2.1442591226894447,-12.881066950381076,0.9628075433282846,0.41685107490419104,14.872436337534118
2.4189647753979524,2.324553745048829,2.3323038738682285,2.331576150228641,2.332392080924647,-13.004235318275176,0.9179107696342244,0.47423649140248547,15.059071151783078
1.3683987348171227,1.7696736221431166,1.6873288246308547,1.6864733128063831,1.6886018174643795,-13.432556709458417,0.794792048759918,0.3755178145742744,15.106990895347785
1.7379518250240928,1.6808538162355338,1.6781360530672311,1.6764105721566518,1.6782141143641338,-13.193184741221897,1.047598212721677,0.44705119364912843,15.023643971543482
2.10691019786936,1.9294107066975874,1.9372872173461653,1.9364357366917415,1.9365076891040263,-13.183400141487796,0.9556251649141021,0.44017974180338726,15.23818978389729
1.95177798195059,1.9867940102859167,1.9898065557070959,1.9905978610295085,1.9897604723807547,-13.09207892540505,1.0860333271475118,0.4374383040650701,15.018067878777384
2.204038179185132,2.0075422326515477,2.048799429201728,2.0483812962422534,2.0487098176851717,-12.391626505481685,0.7900353809938322,0.3605487086524295,14.528305506489257
1.4993276217505593,1.8045188970392272,1.7618054163835035,1.7613751706207055,1.7621949805383108,-13.2699178433476,0.8600435722963503,0.40040657917183925,15.104676193949057
2.0875294730700342,1.9674692515378902,1.9686560565986935,1.965202581840306,1.968768878370674,-13.02510196841917,0.9901149186161975,0.44337030034608943,14.94942285708919
1.9140622914259025,2.2669489995647547,2.170671125008049,2.169982349234469,2.171444019363338,-13.48905605899268,0.7271705838270812,0.3781155808122225,15.40937463829588
1.7135491168444263,1.8040339109608723,1.8129868398200077,1.8133083597018014,1.8129140246488444,-13.052570428335427,1.098944015362548,0.5023414525729829,14.9255576134596
2.341625483805881,2.1772193420689816,2.169707864708193,2.1678872032109213,2.1694851045342194,-12.566314257401176,1.0456885447309447,0.4397404096451461,14.719856434578583
1.7420363943953463,1.860285421695788,1.873442342634311,1.8722209076497056,1.871981309593417,-13.246444867489409,1.111264517255552,0.45268543089458485,15.173044681859505
1.9526259769798258,1.6527714708126977,1.6732940751467933,1.6760432989477019,1.67239449965665,-12.992334210549647,0.9315581259844168,0.3996275057540362,14.912023478047645
2.7214776897911896,2.47385721847791,2.4492068190301284,2.457173141508142,2.4453003553762973,-12.94256420711962,1.0995491177165062,0.4740606468558796,15.279630962920045
1.7372731840421338,1.7685962629905887,1.771052982709945,1.771648442151491,1.7708030597687046,-13.186393468177384,1.078431616617191,0.3885911257151319,15.022087832888024
2.100428162986488,2.1483924128285987,2.1259068259705556,2.126702505626171,2.125996221771496,-13.166153425462133,0.5312011147456398,0.278538603616287,15.104278926102586
2.073690640711718,2.0000296770503057,2.017693185030047,2.0177273353917062,2.017806049705616,-12.79496050910464,0.7602053095458887,0.4215374605989228,14.65539124294412
2.102558041431336,1.9386657553610147,1.9820163654262297,1.9818468826233804,1.982044607821017,-13.272503100590946,0.73549328583644,0.4284002923591862,15.517333059637576
2.5193141812842788,2.364895540529252,2.3788460925380934,2.3799818245668822,2.3799380716894163,-13.269666950928187,0.9096575909447813,0.413802937651478,15.362981161215075
2.0836083980402256,2.2120101341090788,2.2522917314595783,2.2474898615196963,2.252969221006399,-13.028341093781076,1.313715363855353,0.4656980068572276,15.193060749113883
2.1492364993942132,2.117734190759014,2.123398798854335,2.1233946223411815,2.123305314364546,-12.778565792136817,0.8201843502672173,0.4429674710378432,14.897996360749417
2.180050807839416,2.115187008344162,2.1260727046072994,2.12557753820711,2.1258853265184703,-12.9468011380607,0.832176092861564,0.4197595874787869,14.960317401761706
1.3710735975611295,1.5667709937345857,1.5880530916835394,1.5863249560050219,1.5895732690915545,-13.475023186672363,1.1087500312476797,0.44772538243110777,15.165270431203467
0.8880949466750026,1.100453531431209,1.1294891537947898,1.131627474533777,1.1287301054592582,-13.758983269458474,1.1367292139233045,0.4687605878521542,15.133414922153047
1.5767205141927734,1.7931880544608125,1.7782790623330746,1.773527375864936,1.7766168329598169,-13.049889236409685,0.9311259687744556,0.3778148015954895,14.928590073705893
1.7675301427299723,1.7720661750255595,1.7714726302520452,1.7714400443122609,1.7714755002544829,-12.720570732827518,0.869148909259031,0.4705011052810724,14.635711843136633
1.8042940239191354,1.808810068503659,1.808216964284434,1.8081751103599195,1.8082040319080332,-13.16611065798456,0.868667324220556,0.4504738327393219,15.001026723625852
1.570702417689823,1.7403811899334785,1.777141481966185,1.777402376780408,1.7771654991167143,-13.12602299086551,1.2166463815516066,0.4316868054592851,14.956244382541417
1.7307159686308562,1.6741024050327697,1.679631976069599,1.6772699264723934,1.6796473307631212,-12.766606269357428,0.9023278047627263,0.4405775405992063,14.686726612183707
1.3191172260226813,0.9070185803022892,1.061749933650362,1.0594366894990472,1.0605910692026415,-13.344667259522712,0.6245283624322868,0.3870986983229451,14.852859760276921
1.424529914197325,1.3888235797547954,1.3890660582051002,1.3888919677666745,1.389075947246122,-13.488909210980802,0.9932090914934093,0.4583406916081512,14.979898782340234
2.240430066705529,2.04870388269076,2.078545001855557,2.0789588385535493,2.0778641408032295,-12.311619380707986,0.8443555359006222,0.4507525435110819,14.562507435249486
2.2735110216731265,2.1953919927783234,2.20306348368415,2.2030219432538636,2.202547026040616,-12.87468127045845,0.9017974107671483,0.45507970322606817,14.908847778540675
1.454995424917184,1.4642288951823568,1.4647872737815104,1.4648224902312472,1.4647839730443233,-13.271136187592104,1.0604733196856255,0.44107215904058933,15.028344540438129
1.2510818547685476,1.0186306267383864,1.0851817499347354,1.0856903032047505,1.0852307039833002,-13.876401884665098,0.713698551905634,0.4429305825608353,15.320294050841158
2.196840511403991,2.2105357911640726,2.2112593899997686,2.2113120202501344,2.211250096471442,-12.621761096295618,1.052835637414635,0.48834732120540153,14.777709528439328
2.240212278716788,1.9833981149210662,2.004880058845287,2.0063195589248446,2.0043132887370216,-12.957584239953368,0.9163521839811465,0.4569275413648914,15.221379175499646
1.5784763882765414,1.4343535754699228,1.4549927314312239,1.456162020021105,1.4526692784287292,-13.103418152868471,0.8567946631114259,0.42164985621985474,15.05737609281312
1.8374655906116864,2.023860609171032,1.998804935146589,1.9964129941390272,2.0005251125328343,-13.069049693021324,0.8655775555693531,0.40577794798552047,15.07398589016294
1.4162336681251493,1.579873143777207,1.5357965086310368,1.5319057979680069,1.5347234074311613,-13.328535242347064,0.7306479077219168,0.4170485939426805,15.206735909377068
1.804648381756097,1.9697988678146334,1.9918086132351014,1.9923564191186256,1.9926642970034725,-13.00994408266105,1.1332708485802854,0.48282382106003574,14.892733674090369
1.1713910609535612,1.2555483154581017,1.2496784060318862,1.2495334573877037,1.2497987760615814,-13.281816076938533,0.9302507019653425,0.5041948913532132,14.91371134281918
1.763244259156727,1.9355631194988656,1.94015263229208,1.939416890666803,1.941150798581561,-13.177170672924731,1.026633839059186,0.4003345799974772,15.071258871252681
1.6422370566489235,1.598144259186563,1.5903957937952429,1.590302277148713,1.5904566556047444,-13.28896681650574,1.1757308639338309,0.43981214669750623,15.06232490065162
1.6138921895425542,1.8842714645132572,1.8375422472385463,1.8379186948838633,1.8410207456550567,-13.300170219089246,0.8271716007827359,0.3546691819946945,15.04247072688762
2.0699340679601903,2.1514085700744383,2.160650936754667,2.1574839437375624,2.1610586820575644,-12.800798218462337,1.1134387623169315,0.4555185953160084,14.83508870798246
2.5191727532900954,2.452867378900433,2.457213854260365,2.4573301056766583,2.4577130193099874,-12.746442073294865,0.9344476160501186,0.4380181089053671,14.99566736080002
1.8342516855490447,1.5345634250683604,1.5072661446892128,1.5101492932819793,1.508701650584205,-13.261549788848544,1.0910855845182705,0.4877300036355603,15.108021361819237
1.7089431103653945,1.9899427497523912,2.029000819047491,2.028416548855594,2.028474074878911,-13.079761116501178,1.1389968662604188,0.4610475847032938,14.920415823561344
2.342981558938547,2.013270716848485,2.007902176894528,2.0080846740832015,2.0074926075883592,-12.568829500210002,1.0162825702664962,0.5045849196064559,14.675411888398038
1.9320269999051836,1.879432101960476,1.8992637431160662,1.8991445423911633,1.8991544412577204,-12.952844563551887,0.6229360274367394,0.41394599100935414,14.931869567810832
1.931635386815117,1.7561340704778412,1.8123798381791532,1.8126946295932298,1.8123563161851965,-12.657325436630137,0.6795136989558568,0.41836079096052065,14.754959235891752
1.722711255771027,1.8977321624415089,1.908071951125613,1.904598102773193,1.911428942781043,-12.826308747144655,1.0590774489791204,0.4717795393011884,14.625526797642902
1.5968981329135346,1.6137458634470838,1.6088103204940767,1.6092314671275312,1.6088525819576276,-13.324346017056165,0.7070499825968252,0.37873802178140054,14.95084037010541
1.786719509328652,1.9461869080064889,1.9245225978736151,1.9255746643050704,1.9244933598488672,-12.85460431266715,0.8641458359984846,0.4311292854276358,14.759468647036337
2.146118131447469,2.0998783519440964,2.1139951328511177,2.11426818268089,2.114016377350185,-13.52511495145245,0.6947048394555623,0.3693837528643597,15.658644204748942
2.6192593282020784,2.8239932685495144,2.795352317216901,2.7948310605411297,2.7961420986917354,-12.536688965908505,0.860106481201856,0.3632529309235503,14.839014221376697
2.4549674648808937,2.6063293550941027,2.5717612816108577,2.5733322972176427,2.572026174674493,-12.565914988235846,0.7716197027233738,0.37269719750916425,14.889929666429666
2.126658738860896,2.0518551451906957,2.0665570187980786,2.0667662937511824,2.0666017970267463,-13.0046718246862,0.8034603300985508,0.44990786763178503,14.962036371170305
2.356003435291939,2.3990733109614517,2.3987906328789848,2.398045356304719,2.3986243600470525,-12.424790128282625,0.9934367564783296,0.4203570231290997,14.719947603002108
1.3671564283365383,1.5782890338229467,1.6961914979691397,1.6914801697733146,1.6957021547888302,-13.121429326144845,1.5584284998263,0.5336246876321046,14.810330759630794
2.65612760076729,2.692559918583755,2.6856726902816543,2.686179846186889,2.685632769154029,-12.923113007066664,0.8109582723559741,0.4175100623452957,15.248622397491438
1.8292895222841212,1.7642354798407902,1.7653790096629711,1.764950694731127,1.7654247111708865,-12.572904862725089,0.9824218483704962,0.41742404573361863,14.530785847229593
2.5778529482575707,2.3135053198598294,2.3880119837046694,2.388842040130351,2.3872073142122137,-12.822920856299177,0.7181489227028869,0.4023004820047416,15.235959473022856
1.6406942325127833,1.5493838950046919,1.54042580038205,1.540578095893815,1.5400498946457966,-13.3580541581001,1.098106029033656,0.4391310267179319,15.20120925167011
2.2384947864593743,2.155322619484121,2.1710779939672857,2.1719240458080313,2.170470226431581,-12.908500665915316,0.8105691476350221,0.4102618128649964,15.068189334814544
1.0511313186167308,1.3855062251930217,1.2874008206673084,1.2861687809319757,1.2881028490492157,-13.844012393088283,0.706600577387138,0.40131867897748236,15.285370779582651
1.7961382389907865,1.826956236255406,1.8159077674139195,1.8153567999567468,1.8161574470093425,-13.469093686198294,0.6414929644318406,0.3080293473137789,15.362155876153802
1.4810010302714347,1.8259182721982825,1.9076371894194402,1.9140944955137142,1.9097550154172431,-12.866354730068357,1.236923259517682,0.43076902117067517,14.753175496151318
1.2448672925358364,1.279497630471392,1.280924839360833,1.2822756516814997,1.2808020905700488,-13.599682946438067,1.041212675778594,0.4689465743888226,15.169439202682833
1.7674648516790297,1.672629191730126,1.6911245391468739,1.694127128398605,1.6901789993853846,-13.678181847627743,0.804974759212802,0.36411372546185516,15.480019862013128
1.8097671156752413,1.8898624448895396,1.855567678779158,1.8552245945908583,1.8550739514158279,-13.143215550208009,0.5718256426835451,0.30450239917832744,14.955103865042888
1.345708681126348,1.6120002605887844,1.5864516376837186,1.5853604518720725,1.5854720148798633,-13.436159279109884,0.9040577138915142,0.4286146040103177,14.970168823304421
2.7111092884846766,2.5872693256769237,2.5974519097862236,2.5973592113495165,2.597354356483426,-12.526601972015165,0.9177762664132375,0.40927913056995646,15.040086572066084
1.3465761699862504,1.4929162752112728,1.4932575422085939,1.4956629456474901,1.4932450003636828,-13.236556803520854,1.0023320127916802,0.4494061576054464,15.037916213025774
2.0967057080123563,2.10939688446439,2.109948747789837,2.1099817137770085,2.1099349035516766,-12.640450064765396,1.0434840164371206,0.5271155904584424,14.556077901743343
1.9867398667782745,2.2514579057952493,2.2134480630839386,2.213502870008784,2.2138693125384874,-12.925454705139627,0.8564138550872475,0.4070013604475961,14.962792985119231
2.251898798567108,2.364808817990617,2.3668331740404858,2.366369865024553,2.3669030348225757,-12.95720512725323,1.0179289319070548,0.42512700097317646,15.155526789864485
1.9539682302585024,2.076578361530209,2.0593865820593487,2.058945539725097,2.0598445395815315,-12.968955345454475,0.8597850006965365,0.36347613258077466,15.064367644387037
1.8041627278502637,1.752730311655079,1.7580204816019578,1.7585571921467278,1.7580634101059476,-13.211965403485983,0.8971432738683286,0.4221304649988853,15.145555697724092
2.1567950265138816,2.196154217282894,2.1823146145165038,2.182929137761472,2.1823105382892662,-12.976931660555952,0.648376846779939,0.3301672872272346,15.14782343992134
1.8644063271397058,2.168989585090104,2.116306631081435,2.116042429010344,2.116572244235976,-13.220212975062989,0.8270326663284668,0.4747914688405279,15.237516965029522
1.9499544074181387,2.0175836080484446,2.0121217115383567,2.011983077329184,2.0120482094740764,-13.335997654149372,0.9192376006342938,0.43927707857984233,15.239571436718993
2.2208713288014232,2.2690801604290325,2.2767446498265356,2.2767741763997424,2.2766478779955635,-12.828306243710575,1.158985172192244,0.4717926205241228,14.967080998877531
2.5988891563367,2.423321516168708,2.4055160277498397,2.409152215145025,2.4041081192193587,-12.923132777165655,1.101416687049108,0.3682609160604643,15.20247701686356
2.418648957018669,2.4907367322985294,2.5008380488676734,2.5009393610823345,2.5005727465795013,-12.711577375187337,1.140125236628925,0.44548363220066917,15.01998429205347
1.7825887850235353,1.8360023707792599,1.8263828736811831,1.8262288786857095,1.8267343168231824,-12.621687637446453,0.8199054236487948,0.41179975215540404,14.62397585596566
1.6513905354909932,1.8521855109286074,1.877884470824849,1.8801801640389453,1.8779614782683454,-13.228825882493714,1.1279860705689093,0.4677862161031408,14.897440720401447
1.544173296901331,1.5487618028255843,1.550845549324234,1.5509296404665318,1.5508083390775955,-13.27133979194196,1.4541230921455304,0.5004852119748762,14.962149214942105
1.9448939618152383,1.745735669918734,1.7472123436748201,1.7471385480781236,1.747282433938671,-12.992882928597062,0.992585426687363,0.49124547962500437,15.132527308454154
1.830769900385253,1.8983901911078895,1.8938349770418763,1.8938492910120286,1.8937847228134528,-13.069390783539175,0.9326353966045972,0.4773419814989079,15.060785965605882
2.1492398493968357,2.142013197675344,2.142948021809109,2.142957822477551,2.1429688601910346,-12.92301454357306,0.8706421493946769,0.4805274512319275,15.245068408437044
2.3355044550390907,2.4463951575803895,2.4511723482582872,2.4521924864945586,2.4512008158792535,-13.172708419983968,1.0430801732554487,0.4667653153326998,15.390022554155818
2.037572981909875,2.1050548277240875,2.1091613578175314,2.109421963822256,2.109085081868889,-12.840255068113287,1.0608538495634514,0.43609206825052144,14.969530446033232
1.616390040913682,1.7056315038840348,1.7013331378771057,1.7034964943739137,1.701452290099538,-12.927925651329556,0.9518344291559074,0.4510023456652273,14.788839410891633
2.1279684542187356,2.198284158449211,2.178958931737509,2.178801390853847,2.1787302677750207,-12.88644467870749,0.7251648558000711,0.40900499215757813,14.85191602876606
1.2790829924691987,1.119329850222321,1.187480514508112,1.1819973398390566,1.1855330267976214,-13.327947275375193,0.5734001639825491,0.37370672033792957,15.172291518970864
1.514698470720177,1.596816078349618,1.573809267524644,1.5737294992238287,1.5740384899634523,-13.085764944856939,0.7198309657437385,0.3865380224472467,14.819468692514656
1.9062705089873497,1.626540113357897,1.5945592705264666,1.5973161497581456,1.5950613193796022,-12.958587915035194,1.1143273785441417,0.47416466358106096,14.832725333351878
2.5081268409611166,2.4296806113300984,2.4342251728531403,2.4338482461380657,2.4341490066451748,-12.64406286231738,0.9420678145473868,0.37629755895025496,14.708213433080338
2.1126339906413505,2.1306483214114986,2.130544907345455,2.130588312002645,2.1305400042708147,-12.815128391489294,0.9942593445539287,0.43968977014590827,14.896836546576813
2.7273734586902942,2.510334395341257,2.5480471914995446,2.5482121359760526,2.5490161586562374,-12.288327617494552,0.8262395921897313,0.3825226040297008,14.685711171857228
2.129230697845239,2.1722251101778434,2.178232044917361,2.178119488502567,2.178236992774708,-12.53281958627787,1.1397143120144795,0.41958696243764293,14.593412293521437
2.26746610269066,2.3958629306275805,2.398986376279707,2.3972073492185557,2.3989113341786545,-12.658192117617212,1.0243265016925571,0.4636983290796787,14.888188771354827
1.803923847570151,2.0096430156085505,1.9493498811131487,1.954082305556148,1.9486119799546073,-12.893732499538402,0.7069153299115677,0.36725912048540615,14.954080982305797
1.6871703791533441,1.638050835665379,1.6371980533612764,1.6377449306154734,1.6362558188810266,-13.859908807493202,1.0173613646126598,0.44897344901333164,15.572582212739025
1.5286115265581854,1.459186885914041,1.4733806078028178,1.4735249112971232,1.4735217293329839,-13.092296761178932,0.7955521014284986,0.4598128893796678,15.026116671683063
2.2575510928871116,2.2353394584783266,2.235216304599588,2.235180377660167,2.235225633151563,-13.005151217540636,1.0055445662607077,0.45633346802086383,15.19960177185813
1.8911584694194965,1.7360267737235764,1.731855555953881,1.732496122688351,1.731647907364453,-13.01328389569873,1.026888236804111,0.4757363287123646,14.962552816450945
1.7479482527163526,1.8153649429881817,1.8179398658313324,1.8179770876743993,1.817701745518146,-13.11443075406969,1.038194144992419,0.491171617624693,14.880186940005341
1.5578015840094852,1.680656903623718,1.665342239353519,1.6638325071986977,1.666956455532072,-13.325041918300016,0.8753439060002726,0.4041416566441206,14.971759996567839
1.894311424438484,1.7643162585060126,1.7874141110668507,1.7875160445051075,1.7876315304821513,-13.375560142853384,0.8223176039266261,0.42184417467662694,15.249689775662546
2.656079356453019,2.7320810717535178,2.7168901387766957,2.716679112453798,2.716503305913279,-12.045841171625401,0.8001238140907767,0.3753658409779201,14.489573935073281
2.813079005764603,2.663326651543488,2.635401032982834,2.637280575306862,2.634729340272882,-12.10541792947761,1.1864786614267235,0.4582788670701466,14.300867932488506
2.1616669745684898,2.0360729397883093,2.042785428829988,2.0437394161970417,2.0427412355551335,-12.88771704281097,0.9465540775608702,0.4611309661140485,14.991201570168766
1.7440061052604048,1.6421824919876722,1.6433092529198607,1.643848008871063,1.643456637599174,-12.898004261435041,0.9889341882892009,0.4121830542132992,14.735236397578596
2.1960953768758653,2.357088939123812,2.3725210862887414,2.3721237338555134,2.3714005476582134,-12.982172940310743,1.0958556786336717,0.4462345857025499,15.229689388505584
1.994273712525972,1.8353202048132322,1.7655532049541005,1.7653110557059748,1.7656304365771485,-12.820879490731055,1.4389145031339323,0.5602571431661952,14.763987114354286
2.037971747100272,2.262045572005192,2.2984025020407137,2.299360248380908,2.2972133496515132,-12.886059565721979,1.1622542483529623,0.42127941906526173,14.890480746809198
2.182539249530125,2.1162343086115314,2.129381000442784,2.12911481452214,2.129431326456143,-12.790571393833694,0.8017237984210851,0.4097158424898863,14.98911822664752
2.0630687396968668,2.239853158628284,2.223778105817148,2.224121232487204,2.2237338201424572,-13.076711628090836,0.9090697420717176,0.4425277045911636,15.093440201265325
1.9953096629733198,1.9113171396341384,1.9178012165993052,1.917578327742458,1.917304022445901,-12.893523171966974,0.922801736304747,0.449266414461435,14.93722292321447
1.6917766995218804,1.7837753358236683,1.7879781112413828,1.788016517051691,1.787828095922876,-13.405497408521148,1.0456830186474584,0.5010272842710064,15.275275808489582
2.2886337879262415,2.3534404686134764,2.3635210952516985,2.364543884211247,2.3634059413274384,-12.975357642295522,1.1555491892398024,0.4831542814367244,15.03716954868987
2.5846607329443527,2.531861488069464,2.5378906503477507,2.537685494529809,2.537945587206281,-12.811191014963885,0.8858096873814576,0.41740727030502595,15.086011023690073
1.9208882506988165,1.685093726279514,1.7073111229800306,1.707174465021266,1.7072249490002296,-12.843170704825885,0.905776451954378,0.5112473490946229,14.871664514395233
1.7370436975553296,1.5407405757063546,1.531009325886504,1.5313014947915298,1.5310262380876252,-13.37183138720741,1.0495725678134518,0.44246096650699895,15.16086752284963
1.7297840068085284,2.0364655875668727,2.039675585681611,2.0366356890046715,2.04437343253522,-12.601193400488677,1.0104668761221367,0.39734132084849205,14.697071603151308
2.191475347792484,2.2210384005309294,2.2234154991288415,2.223489923461136,2.223336321021581,-12.810635783740583,1.0804077514911128,0.4767365597737142,14.870925130244531
2.3542404660963347,2.1503974757428996,2.1393227373945503,2.147300226236922,2.1365238498723524,-12.85467045705234,1.0543297482496112,0.4943700594251306,14.97328315757281
2.0389409661794424,2.1212823995543078,2.1145705372412253,2.1142240848454272,2.1147742530596627,-12.729538081726366,0.9184874243987847,0.3135462770599201,14.564471524991504
1.9414932333019486,1.9147043098375143,1.9187329386325755,1.918701681380167,1.9186522310500422,-13.177863784406659,0.8496158757402026,0.43585634745059776,15.097677499584229
2.8651491815365846,2.844505971766151,2.8441029074143866,2.8440381246584163,2.8440361877191283,-12.276100732018337,1.0195252751992383,0.3944072738002991,14.734344971693236
1.8937646479439778,1.994057582752371,1.971028657888713,1.9712207148372491,1.9707992687684277,-12.706046006104451,0.7703833783740149,0.4338050175159852,14.702593455506229
2.0925564404404855,2.064615677298913,2.0567776525905597,2.057130384178547,2.0567200818096065,-13.044789817437103,1.2805229287632045,0.548293952143875,15.13785195361391
2.4178231597545037,2.266891620473725,2.237351553888697,2.2373962108531775,2.2367455692022427,-13.036728162183161,1.1957183152427429,0.49396511194433934,15.399470643323426
2.2261762313242643,1.9303692214527566,1.895455942472877,1.8965573937411797,1.8955940480996976,-12.491424944285452,1.118027219824998,0.5110682750854786,14.662208948389539
2.195127020297342,2.097358555030337,2.103778572152214,2.1040645322791596,2.1037195801796864,-12.6675910793552,0.9343344798924232,0.4080500903653438,14.906009009577378
2.2127264108872757,2.2233509671152714,2.2213267504109666,2.221349185100501,2.2213186485128125,-12.722817996650178,0.8094775291441455,0.41357648313207984,14.879424523451416
1.8276360274561314,1.7603086099452252,1.764367249943442,1.7636536795636135,1.7645329330635582,-12.916797178647604,0.9397178720309823,0.44520760074960175,14.845181644928749
2.3559968389090034,2.311521131142798,2.3172833163870017,2.3177284904195856,2.3169772484852715,-12.854272791223037,0.8704419663315066,0.421897929401874,15.080610672417215
1.8773594362450106,1.5191781776064572,1.598009116424385,1.5950771285779946,1.5964951927519189,-13.077169914871254,0.7799132787752104,0.42427869366574766,14.981532547015027
2.5413541608958314,2.5868246050884087,2.578740119289366,2.579418467361906,2.578691418829446,-12.934937776553653,0.8222035007002886,0.4206376972013424,15.1351992888543
2.231555392093119,2.119028369815414,2.131937503130345,2.132420686832381,2.131478368174308,-12.704070923504752,0.8852797039001638,0.41274016899841887,14.95606630887939
1.1431679561689971,1.472149040383353,1.3789426074669513,1.3781777439135998,1.3809869494046993,-13.420078725110098,0.7166814829521595,0.38059402319494134,14.913722731746056
2.071593210196696,2.287796945848582,2.241483650835437,2.2416844058654197,2.2422464990528312,-13.385994710567662,0.7857886457257416,0.43993194329028146,15.391046446033913
1.5420020163469663,1.8421744410258827,1.7876319597146113,1.7886637875075437,1.7906279841618185,-13.485326895131337,0.8182961630482393,0.3776979036643146,15.222636085572876
1.9333619677958398,2.1647068798530498,2.1692059493335742,2.1663986317013406,2.1699322179562013,-12.970142148684287,1.0194474537629419,0.4229064386972419,14.919599751471473
2.5864838752926484,2.5366436006608124,2.547685127980912,2.547675221659573,2.547735573671468,-12.715570425928313,0.7784617480208208,0.41229259584816275,14.977783291056168
2.041733507465997,2.416611602086305,2.4332972916621727,2.431251344547952,2.4339565247275363,-12.720162113059004,1.0445096414416204,0.46271568203968455,14.77822511406268
1.351376094275852,1.1565263549567544,1.0971369909747772,1.0976387882607503,1.0964945488916749,-13.045863147721821,1.3047957066276508,0.5272489847320316,14.684855393261433
2.5450142407058394,2.388184597058048,2.4068218678448514,2.4069209505680447,2.406283235269772,-13.325502383596785,0.8811623213997778,0.40256879761259107,15.488033587091683
1.5823255952836919,1.5932070800613725,1.5933191730206084,1.5933134259643142,1.5933065626951564,-12.986415965754109,1.010301255897099,0.5163869709294355,14.729471734010485
1.900105130312251,2.018736205950612,2.0008635996972037,1.9992393512665099,2.0015125468386747,-13.19515699285558,0.849342963829372,0.4539363505595643,15.039687632799065
1.821828817197454,2.0635742287119125,2.027177790105377,2.023948473181553,2.027525458301454,-13.443057060640982,0.849443104716971,0.3536452304733216,15.195116457921927
2.3439818226743454,2.128426365512854,2.130976059685657,2.1279741446818834,2.1308866073925263,-12.58944147391166,0.9881715164794352,0.46794881240637554,14.976364684446294
2.3220713651098217,2.476384467382688,2.477449982740497,2.476324148480683,2.4775782545520464,-12.900308694017529,1.0069048923397614,0.4366210700803883,15.216668814090236
1.8638653086257555,1.876528786698817,1.878371561827019,1.8784088869290572,1.8783230654739065,-13.173078452369111,1.1455188785870174,0.41531665118841776,14.969126993162986
2.093235819150438,2.109224510748542,2.1083182344863904,2.108335116377135,2.108302968799105,-12.928406767829852,0.9433176719564246,0.4409163982792702,14.933164833704025
1.705852442759684,1.9220100864862186,1.956617319070669,1.9565898947471225,1.9561911235953156,-13.276889586277447,1.1601018219287773,0.48513689150371886,15.156342968963434
2.2402814257364496,2.3861268781839384,2.421353861210954,2.420142500149883,2.4219975793623947,-12.948671539234045,1.2415363827658616,0.47886866599574385,14.986111204348893
1.6283100702560744,1.6631127332574334,1.6604688776800558,1.6605367499828232,1.6604399748592678,-13.081697798229705,0.9240329518096261,0.4667486990931806,14.942752044217134
2.4278577511217536,2.1157024874318235,2.167180896662005,2.1677193057806967,2.166980815808613,-12.232285188836507,0.8350871658492499,0.4396202980572165,14.334004510285046
1.6760401390641717,1.8697493561142573,1.8965898182177747,1.8959662552862688,1.8968676821996946,-13.342768079743298,1.138560583292109,0.44882638475657605,15.200136968972306
1.937273550980288,2.0054621020670647,2.0154251039565723,2.0160385851796385,2.015926368110877,-12.379395310150697,1.1461095994960881,0.5011203135240873,14.233132145560099
2.107976912301335,2.1273165152945723,2.126434045951431,2.1263150409677944,2.126272264550159,-12.820208973056612,0.9543698315084183,0.43176234108008726,15.128589952685212
2.4862453062863508,2.459209174293131,2.454804644515543,2.4548251212924903,2.454787342341146,-12.437271452536287,1.1629127191231607,0.36990132224387023,14.746544379368661
1.7113010224486307,1.7230087326541106,1.7200621354676076,1.7202410833277264,1.720166453397244,-13.616179040922733,0.74831994174882,0.3730286296316939,15.444110400966402
2.2035105306368217,2.0201805016652754,2.0464727575287913,2.0529363835246137,2.0465016730378682,-13.11843604482986,0.8565851104098373,0.41936357058294804,15.218780669060669
2.215359925063744,2.3071986761192242,2.333632736517255,2.334155831645178,2.3348647055806957,-12.422886580289374,1.2878312269519092,0.41903962549290175,14.602951800983256
1.3625800388081648,1.5145560938222369,1.5000513641718607,1.5012432064095942,1.5002265030667221,-13.174396433614707,0.9045591119664642,0.4178061150508163,15.075293070308028
2.6068999725171897,2.422493943792437,2.435874050656209,2.4346669774208936,2.435759607924321,-12.60174297907954,0.9274421397375032,0.4207361861663766,14.940136960121386
2.523098120147014,2.300458997087617,2.3551419387687775,2.3560106054762784,2.3555600916316246,-12.741496386576637,0.7543875446070107,0.38973930496826686,14.896306790979134
2.014840573755358,2.142056007877606,2.1325788877624703,2.1309493556221195,2.1331690130078043,-12.781211981970277,0.9255033779468258,0.43443562177609574,14.747092376212526
2.0851666163819087,1.9925517505677517,2.0070011232884277,2.0056020536976304,2.0064220127311856,-12.900290013386503,0.843984304316006,0.41403095128424,14.906811878581504
1.548352335469463,1.6389520917974707,1.6281804101346073,1.6301011059293473,1.6281381217704105,-13.251850571717215,0.881106946647123,0.46326566368165484,14.901643317270818
2.51728431553279,2.617650257197295,2.598392529128441,2.602597082047952,2.597950665413201,-12.646235122848251,0.8081248703546522,0.45031642664698673,15.042525865695206
2.685697592760894,2.475434357161153,2.510246782916699,2.5102858452467904,2.5098879122413673,-12.460906362915821,0.8344340813730462,0.42591311872077614,14.870975406387322
2.0732079948190947,2.223661428879911,2.169715687273043,2.1706227658568538,2.1697185882562735,-13.083648863528659,0.6414455944883158,0.3620929459062932,15.106956399332581
2.46530069879128,2.163282548848326,2.266115206458978,2.264245082244437,2.2655371905773998,-12.676109974176116,0.6595149740832583,0.4300935080265164,14.949135570676399
1.7641158862338255,1.9291675360744283,1.9723370634825612,1.9749545882264865,1.9724045317659056,-13.540117599239956,1.2615516261111184,0.45447850653623006,15.372833705206109
1.3228133458855253,1.6215995565064438,1.660318617269892,1.6608906808355823,1.6643751164638025,-13.544181323344612,1.1295878437059894,0.5024123030627684,15.190806316907777
1.520866535796338,1.7091384727780377,1.6521672454338208,1.6521229693026307,1.652140022939385,-13.428391467585215,0.6973992605719349,0.35681813643194743,15.215826648770204
1.9526334738936366,1.788883343788124,1.7769798959611913,1.7775060658627868,1.7778927062956218,-12.994962274692801,1.0726927533997197,0.4615099985311736,14.974844143734545
1.5769039074084983,1.6242894217091222,1.630316094455949,1.6304183581819782,1.6302065706408226,-13.95437062764841,1.127183862743204,0.5049552475198973,15.643335646558073
2.3210486934459635,2.2095942878250203,2.229557939292355,2.22929733651332,2.230147201493102,-12.847892282370477,0.8208805532979041,0.4217070063796899,15.114406300945241
1.691901829520085,1.807112772998241,1.7934930835588927,1.7916634152171653,1.7940335654797974,-13.386608711234175,0.8817847590847048,0.4209803362388197,15.046986040686217
2.14795231502929,2.128255306682604,2.132906693896745,2.1333088527998143,2.1329778737769063,-13.155710199657346,0.7638531124995118,0.3942667717146888,15.31713645405189
2.0594308478791827,1.8003805915820301,1.845569862734727,1.8462614228067777,1.845461493001177,-12.852136476754751,0.8255578983065748,0.4504916098823156,14.98541246094362
1.567517743312598,1.5338495610307492,1.542295022972168,1.5424411880864863,1.5424594894626216,-13.471093652591733,0.7491559873735468,0.387001049900434,15.280478780639273
1.7468749596350819,1.9602077078366158,1.9322734494253717,1.932760332386422,1.932819448325131,-13.224182921418672,0.8690578045483462,0.460462429993487,15.093477356308481
2.5126264091816,2.283216732546543,2.24540387791997,2.2457388632424897,2.2465282485944207,-13.301677068215637,1.1648267639848748,0.5057736588301908,15.537653527230628
2.3093041881694205,2.3411762059705925,2.3324951850219273,2.3325369204960946,2.3325607574012777,-12.895611571906581,0.7276287619183548,0.388736896035942,15.048962740812216
1.4977403093010966,1.593963805283315,1.592501133661914,1.5943498769960374,1.5924020038010278,-13.303612723014396,0.9847992259429947,0.4526790245522638,15.118220964827561
2.392152071272053,2.3838756331851867,2.383791460629365,2.3837647780483855,2.3837971042619515,-13.097031422565278,1.0101701426312362,0.4097770400425032,15.346815261004144
1.8226735658137987,2.0630566411355673,2.0951853062800834,2.0988214368438483,2.0950105798804755,-12.95221332164364,1.1336561032905883,0.47272152882056007,14.938105913814766
2.4151725564868674,2.4911763330280214,2.4838587018402802,2.483941485344669,2.4837793638489014,-12.480552788934189,0.9037201633818949,0.45818125351828703,14.650148031763916
1.2873057013400684,1.2332843644199962,1.2389515156785431,1.2381759328486086,1.2379081710080215,-13.310285017402649,0.89509420570373,0.4301457410910813,14.953232542727765
1.534196442884326,1.7883666274117576,1.7964732728109332,1.7955866180550737,1.7986502658271075,-13.054764273497634,1.0318945568468108,0.4182335313529668,14.917249746266423
2.5314548834639887,2.8168784625106094,2.7675735848237095,2.77455239393253,2.7682780039552934,-12.533824452952572,0.8272571668690109,0.4397914068768083,14.795932140161474
1.431738494586248,1.4271030263276174,1.4275166479506585,1.4274853633515117,1.4275270303673588,-13.49814950566726,0.9107702609610788,0.4262262630163951,15.193503521229326
1.2642923202572753,1.303169603153894,1.2980134265456875,1.29847384391283,1.2979745891500185,-13.606248267651711,0.8673730203338142,0.37776185138763124,15.335135633747486
2.2601598603600297,2.2283792623649408,2.237793179707567,2.237660186907561,2.237841450356072,-12.744428477682073,0.7037841344558331,0.343451439251351,14.898062570079018
2.077589861163755,2.2192153562719446,2.2035488454087933,2.203501991324938,2.2031238915934876,-13.158772246132106,0.8893807160131525,0.3973166928819339,15.271329075914284
2.4145195292151427,2.3001191680402346,2.332733340061888,2.3338693555904766,2.33185271455352,-12.884390134869768,0.7149119837848339,0.35478953621811277,14.915065885891757
2.0260980241112545,1.8550024767668567,1.8601439120755883,1.8604151299114182,1.860893670832481,-12.692102105307763,0.9699499175254257,0.4219120070071879,14.707586699600165
2.152289480967597,2.168083521192102,2.1663751043253003,2.1664088515727102,2.1663593024263537,-13.214517779199298,0.8918315489565396,0.3923472103750649,15.181657857218553
1.6508539130157758,1.4612910731703528,1.4238146779892893,1.4240047924525558,1.4234357395324955,-13.168368605175662,1.197699059644934,0.4310532215832879,14.967354685827775
1.9933103206755003,2.0778000856771683,2.0543325036404076,2.0565637986675624,2.0542583384497197,-13.368173320373703,0.7222434926136068,0.2979734024916561,15.420411458626216
2.101284643879951,2.1832263485807957,2.1630429473855073,2.1634685866484613,2.1631507766635627,-12.88748402954247,0.7536858518018973,0.4169463659815845,14.912460022114665
2.5103079607205716,2.465512909423841,2.4755790358347163,2.4755690779163517,2.475640050534082,-12.531492285261917,0.7752848558159695,0.36311569315749187,14.872556665035484
1.9177924569465803,1.9790280283927597,1.9760352393663383,1.97608664419436,1.975945228979003,-13.101043678329773,0.951126625329998,0.44413489805644935,14.984606339851537
2.4397887421872237,2.20677310544574,2.207883448276327,2.2110770350355873,2.209376902938026,-12.840855507122507,0.9952348999143821,0.49844986688654014,15.032878907287218
1.7759648344830168,1.5762291443651923,1.6277826098830355,1.625621080549735,1.628363379900702,-13.463187674226788,0.7418915693663339,0.40622951675324226,15.12194568229636
2.5809193621147024,2.370783487202388,2.3878062071644988,2.387700513642584,2.3875014750393486,-12.673484693261525,0.9189918429244223,0.470192815062188,15.096011521476822
2.807639081130628,2.571692404561871,2.5430356823682407,2.544090066797984,2.5418866239568016,-12.425251170763193,1.1214542311439613,0.4571809571853959,14.854045787365909
2.685111159354259,2.523059205863842,2.530076171034708,2.53041936639152,2.5304927713314616,-12.648858291417097,0.9566992867427538,0.4014220455597992,14.933056847122966
1.7509454625880942,1.9534045357606686,1.86217580689889,1.862998905465228,1.8621925326748607,-13.56326851337799,0.5493966882678752,0.3284658632282441,15.541386097319183
1.8117888190112956,2.0614646759518442,2.0680472743356364,2.066149971573169,2.0683292968361,-12.846871620077687,1.02636457711392,0.4386846766215836,14.877197171847222
2.1022803630484956,1.9589744051896902,1.9644418550144622,1.9624056994743586,1.9643472144207939,-12.75552930949691,0.9618477144533085,0.3967955340751544,14.948868369682208
2.4388305681023184,2.4815376849585573,2.4899726782449774,2.4906144733307296,2.4899905367179214,-12.955515074366087,1.1975079075183992,0.44431740413931076,15.137018080225925
1.8210701187912781,1.8271337459254133,1.8253880974771557,1.825428830355809,1.8253823820531032,-13.059707245274607,0.7121115118654464,0.4224006834320206,14.871683620877976
2.127740208979003,2.1601784366857046,2.15144485339483,2.1514225343755475,2.1514379833428765,-13.369510871096058,0.7307626245847457,0.2947911472557293,15.432143736494563
1.9650762886362907,2.1797566569565783,2.1832683234477788,2.182921553499514,2.1852808844074953,-13.081871215114948,1.0163576507655365,0.4366521865716752,15.315870361357279
2.662708802959157,2.401789004139335,2.3775043713787456,2.377714150460938,2.37393822624459,-12.751382815119493,1.093073169879915,0.4681339910226782,15.043449622870494
1.5821170781454874,1.7050045153124676,1.6860136200380642,1.6857071034606526,1.6858024485236989,-12.977699965227172,0.8454610519007072,0.41999070082737927,14.966799415250048
1.7758229785142023,1.9532091538251906,1.9204482485301362,1.9194976087017475,1.9211408928243134,-12.930458272594919,0.8153130860529583,0.39507484888130373,14.719033696416076
2.073303989103369,1.9209032321923847,1.9029703186562714,1.9028240483009855,1.9027474944731233,-13.110590288953148,1.1176694519082166,0.455652124111715,15.20725209990308
1.7215959448187672,1.8385520153637673,1.840267189825661,1.8400391084217314,1.840641872388652,-13.180231799841064,1.0146651170298537,0.41485878829262635,15.042521749438585
2.3362609432930705,2.5811464689100854,2.624922583965963,2.6262116747499284,2.6249032328107766,-12.572959855826927,1.1787615456061702,0.46701752437010086,14.881620518325208
1.6317855735064315,2.0603620214181477,1.9723349800240442,1.9702202651985445,1.9739140197507585,-13.482658818220425,0.794605975612928,0.37277139749347105,15.345132943537978
1.6776101375517152,1.444551556094454,1.442178932136116,1.4440235630415221,1.4417550758953912,-12.98515756413053,1.010180375867315,0.5068840452562272,14.752669658603487
1.7511129178646268,1.7231692537917311,1.721036668729936,1.7211310084087796,1.7212023702319839,-13.362235567286078,1.0763173024207706,0.5061896093139776,15.196500702410933
2.3566934221443505,2.2855367527969204,2.28918145807401,2.2875724056409448,2.2892915404580836,-12.996802403965246,0.9487791473305982,0.4510271045327665,15.170042835811733
2.2123117804886965,2.415219733331856,2.376380185280167,2.3791831262479426,2.3765007482952965,-12.645277597758977,0.808585383138182,0.405310790607334,14.852137199242692
1.6746378215130686,1.7888001359136692,1.7841951312050846,1.784066539022114,1.784942330086718,-12.733299283053004,0.959662654591734,0.43060628332900247,14.666670783145742
1.1724545554464798,1.3698212735679252,1.3177258607753641,1.3174687181333307,1.3186484891053956,-13.532973443209114,0.736047631087905,0.41537357303051375,15.068879999741895
2.1677441828567474,2.2067515211466815,2.207793626521214,2.208877181495391,2.207609254404831,-13.228596723757391,1.0267156237830717,0.47401377578438963,15.239708453061008
2.2783264530107377,2.113312911713867,2.1333720327326544,2.133195085098108,2.1333766560499745,-12.73424239767062,0.8784395458630854,0.4464254316641564,14.852251627192494
1.7541485022203298,1.7770289351427213,1.7772884259418777,1.777363801451946,1.7772632746015569,-12.974224591069888,1.0113411664908705,0.45865905736074913,14.884685986338333
2.0583904675520186,2.0602943632420434,2.060406388957282,2.060421016942911,2.060400239719306,-13.001819388690933,1.0588402588577546,0.4335990264836438,14.951775829563049
2.1263510699382597,2.1097427675325306,2.11138903049699,2.1113797938457517,2.111374473671989,-13.218587332340547,0.9008771080727129,0.4723429728482481,15.180808269417698
1.8168654285270067,1.8920659136195375,1.8965602865543698,1.8963392948772935,1.8967784771740708,-12.95381860720467,1.0597652120102936,0.5095825667985115,14.758675124588846
1.908575603863697,2.0193058411628564,2.005737390641018,2.0057476908138363,2.00572650565711,-13.15931489976337,0.8774639082080079,0.47531432405717977,15.146490890616679
2.2596517311786433,2.307260004470787,2.3008216845550056,2.3009338584627064,2.3009336186808422,-12.887961169374485,0.8647646833088535,0.3796849151750434,14.96648958781633
1.7998382765964218,1.8756925772161064,1.872849563993171,1.8735789186250011,1.8727110564586211,-13.125772633987554,0.9625200786282394,0.43623651667026053,15.065778094481168
1.8675264582636972,1.8931807870104682,1.8989206328837898,1.8988976432313285,1.8990203304862274,-12.66173473032322,1.223737909105981,0.4554005567140906,14.644044579444184
2.173552389954545,2.2259349317079495,2.243452518872895,2.2438896348203516,2.2434184495271983,-12.754286246171787,1.3344165170031106,0.45079247143164697,14.74627562802939
1.5031088077906545,1.3028596841933493,1.2716549958362915,1.2721287659726839,1.2715338915166101,-13.437436307257805,1.1558293379591014,0.4687363473422957,15.041103481454158
1.9525882790183364,1.8947145960169307,1.8988898488709416,1.8984596508899538,1.8989427144416873,-13.00639236349722,0.9278557603823185,0.4986201148386432,14.963225667902748
1.582194614345476,1.8102633819132008,1.8025463559593453,1.8005521404460854,1.8033133634421912,-13.648906700636378,0.9661636004080919,0.48060322803400934,15.403301088592784
2.182051205482563,2.294518944825218,2.287092050564456,2.287631179423814,2.287031005671238,-13.011187398836318,0.9339642256155242,0.4052472631989279,15.228391741641785
2.4500850613784797,2.43093345417767,2.43287183961952,2.432894537539407,2.4328441201450755,-12.542276040941672,0.8987873225716353,0.4659056349812124,14.860301355913254
2.0087958758123357,1.978115310989541,1.9808521079712518,1.9806360721122955,1.980891071313663,-12.801247477415348,0.9107970470062253,0.4530649633652851,14.807894045500694
1.5380585955766406,1.5752290046894284,1.5759765646785342,1.5764634418145962,1.5759918943221916,-13.21403235071434,1.0201116965604828,0.4528629293090887,15.08822238628091
2.329307693704422,2.7528042642645265,2.714003936821641,2.7107323758558004,2.7159769325647316,-12.854778616715851,0.9083810114646995,0.4162760815100595,14.980149164472122
2.449400060708501,2.3957468682966017,2.3956186717180126,2.3957277165549624,2.395262002548264,-12.865809920765644,1.0023893560257446,0.3919552132994605,15.124539779412789
2.1767850995044618,2.301534929852007,2.3152785921792267,2.3152661594729036,2.3153045540136583,-12.860251518236208,1.110169787717793,0.46858316047732423,14.93579117851483
2.574453636166335,2.5655978129144597,2.5683127062925415,2.568307783303693,2.5683230450446173,-12.694887921735841,0.6934341053490221,0.4170592336792479,15.10013027641456
2.404243823006376,2.35901439317227,2.367324172705624,2.36725703157958,2.367362345516434,-13.035644448579216,0.8162749439063609,0.3993677952088241,15.136361634694548
1.5624245588543437,1.586999906540098,1.5813626612946463,1.581119613489366,1.5814523172924544,-12.923261282012735,0.7706138152129051,0.3564613073046889,14.819491926012923
2.1061523598262553,2.074098161891059,2.07565503130066,2.0753966899226857,2.075693011418795,-13.407680530984154,0.951430093095802,0.39778033175816174,15.454192959455206
1.8161827239007924,2.012434254472087,2.0155186854521956,2.023908805498889,2.015904902290304,-12.997985114719098,1.0157167231823838,0.465479227454021,14.927688028007417
1.9811665635325555,2.0439912340676196,2.0265418053959516,2.0265502117651124,2.0265978456836793,-13.184603501463396,0.7222519668936546,0.3953096020082937,15.071530180492054
1.607299658870973,1.8533486412677338,1.8298757734444662,1.8313048797318112,1.8292805924760278,-13.060814551352045,0.9046008335632277,0.4632142208647072,14.910101681654133
0.8874090680438962,1.031626453028395,0.9986488355294831,0.9975376010269645,0.9979612047516623,-13.312500993471208,0.7713339657181014,0.4032590742388161,14.925307609255665
2.177937465213396,2.072695654644635,2.064783919926364,2.065221783353138,2.0653304794480682,-13.11064816460154,1.0751767256332176,0.4576388046506742,15.269940119007579
1.969497459022753,1.812460524593527,1.7890296903419411,1.7893383573887647,1.7885961469290654,-13.402770578050486,1.1492058816401958,0.4321977831778873,15.197706894068974
2.3261168505875878,2.4262471191585733,2.4216073370260345,2.4218323170790566,2.421811235090254,-12.668845545033946,0.9536625418192174,0.4393037057457031,14.783811558378442
2.0493504239651794,2.2240439799653697,2.2400602417428734,2.240117924904464,2.239611060720033,-12.745934010275743,1.0916820410793282,0.48027329089213033,14.701225012160878
2.457551402158522,2.7148987213037246,2.6809352833259017,2.6804980240813623,2.6814899196179285,-12.605894970251402,0.8680249007814236,0.4447184420552787,14.904764680151056
1.968217628529914,1.8464578370363227,1.7927975558584401,1.7921166818732464,1.792972021751778,-13.109929092438701,1.4407060863003132,0.4936296170928369,15.14142362257072
2.0541148794401085,1.9713237138381985,1.9748306064397227,1.975378670122554,1.9756006835031261,-12.95329546789456,0.9576417051743655,0.39479256022441933,14.971201001654503
1.813450641122388,2.0499531629818346,2.0336162660597945,2.0310796080289477,2.034854883821668,-12.876388374524922,0.9309229483322392,0.43592654503504474,14.980942837872073
1.797363663539848,1.6832555372395523,1.6806515051332995,1.6801082804336007,1.6801533859570856,-12.995278676788104,1.0228207419636377,0.4370227746686671,14.938726226296497
2.4537995858502857,2.589214191804592,2.566471340234751,2.565489540231205,2.5664966213951157,-12.316348229819155,0.8320502326202928,0.37245302663582786,14.510661838054139
2.4332700032901755,2.431930133115234,2.432423751436138,2.4323954901726568,2.4324241478651434,-12.576016770754025,0.6315924257920781,0.3723243872620372,14.897971303256034
1.7775132320141398,1.8262061083601713,1.826867737517254,1.826479246723322,1.8276852819709488,-13.27113926973169,1.013587801886688,0.4412674013530327,15.344608402538842
1.8622566445351219,1.8684021992871243,1.8679087430594987,1.867915389355165,1.8679185165055259,-13.367073796445837,0.9197051775571252,0.3825271628921191,15.349393635974693
1.964663547106164,2.0685264437302626,2.0753895106872946,2.07511390805419,2.075001887679916,-13.237262396808823,1.0660781393558756,0.4169495034339425,15.247874490278818
2.2020106903959604,2.0525608366224057,2.0853214252413794,2.086206480480521,2.085030413598521,-13.147626214551027,0.7807920998797871,0.4588494565932841,15.160740346621155
1.8600099791984293,1.8575133483774553,1.8580763855254523,1.8580658714367475,1.858073020556418,-13.174235724438216,0.7744812155380683,0.38458314588922526,15.04068083354195
1.5657245205667807,1.9087330128863622,1.8077796928885022,1.8063080306711259,1.80826058884683,-13.404182259451018,0.705682738887405,0.4709556582990986,15.14956941582812
2.077304526661601,2.2307681859896737,2.188304503788619,2.187509808362403,2.1879634933720467,-13.240845576154864,0.7232981255172842,0.3858781500974731,15.36526935405376
2.5026166824699194,2.2799767430087843,2.261048845593974,2.258135930416702,2.261099199234121,-12.591149853330604,1.085015731950978,0.42872509074237153,14.856043278853356
2.180611903770659,2.180523234247,2.1805248741517795,2.1805235005605814,2.1805242094943362,-13.266300818992452,0.981505429239691,0.38582834676545463,15.300588511766573
2.3731139309507414,2.5607047025112113,2.5516523871174392,2.5517208688874278,2.552110177286342,-13.11792640832692,0.951744345852035,0.46367753579421955,15.278668935360383
1.386267362460445,1.4632340343392662,1.4514291172383056,1.4514593665305877,1.4513418997657772,-13.35151996994503,0.8466230017124123,0.4450193440496874,15.15728178984218
2.4367937426118917,2.5946758208994862,2.5929253400868495,2.5927144329975342,2.592639405562901,-13.055746152194391,0.9889127326443714,0.45352878142650666,15.199807647085581
1.639380392580436,1.9534578004154972,1.957553087699126,1.9487074049892918,1.9617969834840192,-13.470284479434966,1.0130391017674836,0.4710003142713181,15.359658978447873
1.06748419011247,1.2443106442790763,1.192511802514587,1.1924218400832867,1.192483084026263,-13.511123661962948,0.7070639570949925,0.3940877415922379,14.995938517064614
2.92012932510596,2.6751773185233643,2.6564696260136236,2.656658179215325,2.6562522728812037,-12.846089557922022,1.0763728894110223,0.4655823720607069,15.260960887699753
2.5398985807207914,2.556290023483191,2.5559448473625794,2.5554568272605156,2.556066573313151,-12.379343638497055,0.9789416877076964,0.4060465590091624,14.716110229371271
2.055457993116401,2.053622544523257,2.0536603702736875,2.053666092509174,2.0536609304597437,-12.730120697170358,0.9793915500703325,0.4492530992727455,14.771134653200306
2.2020924032493125,2.097550126361339,2.10647460778907,2.104510970203422,2.106615496262209,-13.300441284091198,0.9146328003043719,0.3964947358743903,15.430954742932565
2.5527174120743377,2.554214833659671,2.553723670319583,2.553731605619536,2.5537255015734135,-12.677617728731,0.6719939495334846,0.3867985988805867,14.95954334597113
2.133687770402564,2.2065875043818695,2.21230757237962,2.2112564454037082,2.212655826980601,-13.120281638838799,1.0784648679153452,0.39147127759008726,15.222448137481674
1.6237455186085332,1.5845735599463215,1.5973502420778865,1.5976092075324095,1.5970254532054198,-12.769727959772684,0.6738309094589523,0.37416272800477063,14.608075571643166
2.683324153071943,2.5687676648972326,2.6101812078003337,2.609575484919573,2.6102904627024826,-12.357283412833155,0.6384880196402115,0.35170206526844455,14.66865849062047
1.9529999222196723,1.791685094801724,1.8423782075877326,1.842786815547954,1.8419188834049205,-12.791401951257438,0.6857504446589537,0.4130432657486123,14.713247433034958
2.8872870447740393,2.7258159632234347,2.625985622307545,2.624989744470568,2.6258693373916815,-12.123059138900238,1.6182552315697716,0.5631690352308312,14.659689642038993
2.1933806277520915,2.374974444146083,2.4117480806308484,2.41518150611875,2.4131849262795604,-13.110687628627414,1.2025048936962706,0.497217469399122,15.114011022924819
1.6480900674118286,1.7860064965617755,1.7936499731599678,1.7951173443851483,1.7936286482660537,-13.126955224542964,1.055421073800294,0.4151817954298588,14.944591939807326
1.8477069090300908,1.9491105978578958,1.9527941864474003,1.9525588328710424,1.9532340122339362,-13.133915475801578,1.0363259821421344,0.37469648597452143,15.005626241065578
2.32546677798303,2.365074745193936,2.354517439401048,2.3547678259557467,2.3545165381679913,-13.049084433430394,0.733454995640867,0.37593112464540035,15.156393286276552
2.2194909306209674,2.2339829504620825,2.2326464605451557,2.232700431516222,2.232622837010988,-12.970113542590019,0.9077775264193807,0.4090408460732749,15.175226824706037
1.7318862970112827,1.5307815051179858,1.5599467328828525,1.5600345106900182,1.559347866152175,-13.088362816880531,0.854974973543442,0.4221621748682229,14.93604542718027
1.645586312393196,1.7451371011815127,1.737032750465072,1.7375797121023848,1.737013375987627,-13.229226381231129,0.9185907935528873,0.4355205558305554,15.060785009388423
2.500466330516036,2.3262594632793077,2.373536982921224,2.3732470948624727,2.373473305871463,-12.540989329728713,0.7286127671553159,0.39751664472545845,14.790750920035604
2.3418550157053293,2.1369382422286716,2.1669914724445425,2.166946116500693,2.1666891578788645,-13.163908589850731,0.8533393352531269,0.39706226613550294,15.254943230571
2.500285953505754,2.362360636877752,2.3388788846698922,2.3396910868182235,2.33663084500515,-12.539769440936016,1.1702497611166858,0.5133794711422516,14.77968405993526
1.5093822991249985,1.461331475421733,1.461194853102369,1.461220806636046,1.460536076055325,-13.1335558400234,1.0028432877697797,0.43826982975442924,14.89963157486995
2.2687853098126167,2.0729301147677166,2.0779555211605607,2.075253223390697,2.077883957101284,-12.49776492402896,0.9743412147342221,0.4820575155939776,14.778226617516426
1.9424648126384498,1.9513954661618924,1.952003725658141,1.9520791117863983,1.9518921909170188,-12.865168277387404,1.068109180884979,0.41554230848208706,14.894462425993463
1.48315143844018,1.5320998587927814,1.543010527963537,1.5434055277611276,1.5430056830230292,-12.777986230999971,1.2229013539591334,0.47565924850674557,14.630414170445157
1.5220884078612933,1.25629514767364,1.276673210319601,1.2770523212939797,1.2760071125243864,-12.629871189241138,0.9233311535756247,0.4679145418702136,14.498280700981043
2.3171325148283994,2.33557752957629,2.331043397918738,2.331403875965359,2.331016144543717,-12.887339291142444,0.7541811855655333,0.42755407272353196,15.156636343195006
2.1132578313326915,2.160184591373734,2.1753268121965874,2.174909309821263,2.1756415686546893,-12.846575361182879,1.3226777388766748,0.4756349596119437,15.009043784260282
2.0065412657898127,1.980659425415392,1.9868793787120755,1.9868796290217487,1.9869577003828132,-12.671123695861398,0.7596788633767205,0.38381798148242735,14.698584208613838
2.2015080669711793,2.08320598926347,2.0997163205183247,2.1009076341278994,2.0998547781691865,-12.66105634535132,0.8604392114258005,0.4675266042383481,14.821053285517074
1.211273315151929,1.4676213678356556,1.4431774564308741,1.444196335440625,1.4429838200001723,-13.390108354470865,0.904645613068342,0.4598661662481632,15.1172196662727
2.2363944107414295,2.0723220499662194,2.120602143466871,2.1193345938882957,2.120584757216125,-13.0983012673785,0.7057390210481682,0.42179266287519057,15.160142022478908
1.8330196832534214,2.1654253868952673,2.098519134008656,2.0964977976171184,2.09856771279825,-13.381112723460749,0.7987211045009632,0.42545739749186834,15.395245826017115
1.8083516938976725,2.089680257120283,2.0766175843808683,2.073310479536336,2.076002678637793,-13.22660791974807,0.9535679115203168,0.48984765640572403,15.131917449921383
2.5505362985231512,2.6716831028094337,2.6609809258849375,2.660307330649278,2.660466532027222,-13.003109018780117,0.9116594367672657,0.4200557809300172,15.362584729751125
2.148455458836967,2.1217284451305294,2.119304631008524,2.119342450836145,2.1193926261206038,-12.712728665808683,1.090687801810822,0.4239570621489223,14.617180648177687
1.8813910391024473,1.9092365005310914,1.9043467393025928,1.9044034622439334,1.9042911803351248,-13.392685416179859,0.8243964733344915,0.37131017498113994,15.391253338484722
2.534249000209436,2.5682402183511766,2.567974254437757,2.5674247293364614,2.5681488617917845,-12.87610553742763,0.9921755109713848,0.4772608976153648,15.187354201886194
2.2316758021036844,2.5070423607062775,2.5233045015882722,2.5195257766584116,2.5249912520254565,-13.005796153790588,1.0590563391739394,0.4365855021956066,15.06862058428472
2.084030031261105,2.111963988697771,2.1116239448041827,2.1116354751923083,2.1116546950938044,-13.158591514083206,0.9878268629012008,0.4383141861497793,15.227923384065242
2.4670821456635696,2.5841446770459204,2.571153496828935,2.569159021296511,2.572209928751981,-12.675843748537423,0.8890235836900455,0.417258376061012,14.912981228573813
1.6159025293647766,1.6691750628763176,1.6753961469754093,1.6758028603002686,1.6752175369685545,-13.477666869951424,1.1167784539052135,0.4752687565559563,15.315767509891593
1.7747651460313925,2.019438767985057,1.996614909269221,1.9972548271687147,1.9968681613985755,-13.143089484987042,0.9067171257220447,0.4218795495024661,15.052508706951887
1.6503713013827142,1.6135059001987808,1.613312583657652,1.61337769328705,1.6133393246946466,-13.222500595464286,1.0052438474808754,0.46329340066733365,15.080949326972007
2.1870438989351655,2.3230434887682314,2.351819694597502,2.3518328333923693,2.3516808580729336,-12.645953741028515,1.2115903868871398,0.48881952215617097,14.609347561704608
2.023692257937911,2.016123509670839,2.018332622421335,2.0183166671156174,2.018334037521973,-12.811837210985061,0.7081270677073275,0.42283937527681353,14.791447040865478
1.658422331291958,1.7090829018239182,1.7081132454910324,1.7078534995624879,1.707990386015532,-13.148784189194675,0.9808597431354773,0.49781676331718355,15.208009551488486
1.7461724907920204,2.3206325471352724,2.1089422770965136,2.106226015312883,2.111082272454492,-13.03741677545244,0.6314969723286207,0.3655551319679109,14.89625143055189
1.7049433584941631,1.9466136260550106,1.913805883995359,1.9182861850078439,1.9151045748563846,-13.171182311445438,0.8642458487310949,0.45053643958671286,14.888684412760892
2.5300707317957096,2.343333323638599,2.3224441024612656,2.3218992673305605,2.323299865878634,-12.823687025853118,1.1118641486110692,0.4874078960028111,15.079211213669632
1.939581868124518,2.0146897766301053,2.005415607719643,2.0070916157548906,2.005504748239051,-12.981028462375178,0.8765220721094595,0.4340586296900997,15.045308349130389
1.8136489599840941,1.795480725617646,1.7930699696848156,1.7928459767348566,1.7930947479734614,-13.280677524966169,1.1326907108421236,0.4926676585299984,15.01811630982926
1.485437237522377,1.4823569818771347,1.4823934773735121,1.4823782768753666,1.4823895045881494,-13.622278801334705,0.9881517962854665,0.437180650734904,15.350493538651317
2.141727178500253,2.02505874678393,2.0230154038864017,2.0233131533787487,2.0233490179796823,-12.78947666421017,1.017514102722299,0.4424220808021491,14.902353648600071
1.8061244672044685,1.9047383504903614,1.8671860847650976,1.8671043822625735,1.8672893450486183,-13.06956694364231,0.6191989963888302,0.2947915091721954,14.926458464625007
2.097310616318155,2.163865783858366,2.1701457999155904,2.1700790499878755,2.170433312368322,-12.847865561826191,1.0943580534664032,0.34632744160191437,14.897278217752072
2.380657825046852,2.5185564702448118,2.5007882314248957,2.5030416335608248,2.5002978043101676,-12.84098641240882,0.8711500117030934,0.4299601311170151,14.914666743504046
2.5807748391643255,2.427282349908448,2.442091935989562,2.441394800951873,2.4426083276947974,-12.687813887103358,0.9035158908887996,0.4426135808723274,15.076461876303757
2.1120275373944324,2.155865592793872,2.142671505379908,2.1425340836484006,2.142896961400729,-12.819264598343054,0.699026626666201,0.37416972068110876,14.942376791343913
1.9417955403577263,2.078598197032381,2.0681455065409726,2.068989415609275,2.0683402304438894,-12.81164601247757,0.9235929276120229,0.4797914482132507,14.8576496312375
2.331526802443615,2.3164466374501553,2.318742464901286,2.3187678203603133,2.3188074823395377,-12.549194668931175,0.8477584660296031,0.40597321368888734,14.624968566253928
2.248900987362722,1.9328996743959388,1.9435334230538879,1.9445913571181432,1.9426622825131337,-12.989779635465286,0.9663490364704077,0.46704251198113106,15.198454073358674
1.3681884509600035,1.6194344091313881,1.6124002061731615,1.6115640469876045,1.6137589379794464,-13.269645548246498,0.9720027219167122,0.4407513951444364,15.0641939098597
2.1038035226477767,2.057183651892741,2.0658223719744466,2.0661738672116607,2.065711872334162,-12.877197640004118,0.8146987552347199,0.3609781486706163,15.04884873025851
1.532843142619357,1.6302500675581064,1.6347914825700092,1.6343659849039414,1.6356175694043968,-13.181614521435193,1.046623122686185,0.47254823027643217,14.838046829137188
1.067411634699047,1.3023562670576012,1.263165385209237,1.2607775260708585,1.2642750326701235,-13.519302633882008,0.8331909886387462,0.37791148570719196,15.046120518728143
2.2991448312039666,2.093166660224009,2.103295453339608,2.102357965721703,2.102362348385112,-12.828397486519512,0.9508258905911645,0.42615008657093617,14.998276276825818
1.7493380751189769,1.7743960420824496,1.7756009117776723,1.775623296669509,1.7756952887752702,-12.885511998599096,1.0480832980975048,0.4128177781294775,14.980809821654475
2.2374951710634967,2.056998902703544,2.063052950779899,2.062974555998859,2.063291211102004,-12.577610557195541,0.9664588740179308,0.4761644669589697,14.746973475886499
1.1728402133725162,1.0584358648265266,1.0813426180633114,1.0814284496206639,1.0816195878682893,-13.469306159270978,0.7997737539882354,0.3632362827360055,14.948177452314766
2.264448290548459,1.9197540827513377,1.980177054399629,1.9818000060303895,1.9791873065406027,-12.45904484455393,0.8247055787956433,0.40785367387979565,14.71105752452655
1.5627813403797706,1.636246784900174,1.6285869335386491,1.628790553197809,1.6285137218369306,-13.213737901345166,0.8957353159498302,0.41699851994981535,14.898828597297598
2.109240432538559,1.9579902756886658,2.0030529515030926,2.004596662171845,2.0030993784300346,-12.884415115561357,0.7020652622585493,0.36754338451227125,14.89009057056646
1.9985277472462293,1.820480488249903,1.8445401041028135,1.8450541278367494,1.843907588769828,-12.905128294740322,0.8648694959499162,0.382754714380348,14.796154612090218
1.3319646996643122,2.089626475924193,1.8034496468554153,1.801473546236112,1.8072675853619904,-13.412801274268473,0.6222894726437705,0.3671171221041524,14.962123610039804
0.940255458959695,1.1713131376489285,1.2062248132370836,1.204905751238368,1.2062101396793081,-13.37982220506503,1.1510950676307536,0.4546658709361123,14.772317499689773
1.7930395654587157,1.8735674390619963,1.8779458930630728,1.8779915352838108,1.8779283232981627,-13.31247264059739,1.0543719063370194,0.4874449951325039,15.164933969178945
2.1229021621289785,1.8045812748294268,1.792892539825018,1.7982504992700425,1.7916407545327435,-12.64616677872771,1.036719974939653,0.450262604378227,14.645976782562478
2.1140593379910673,2.1509498912354017,2.15818438715276,2.1581789364542625,2.1582301683713068,-13.10290026051578,1.1961070052119545,0.44223949735855755,15.126657362341962
1.616896136936029,1.5093897069489974,1.517826190547776,1.5180356417163363,1.5173563887670243,-13.129261667449885,0.9215257766461419,0.3960837516814575,14.962942750434285
2.9217435033693864,3.1903015640525423,3.1464983114935063,3.146991270181186,3.1464462772474335,-12.474438372189667,0.8368946646114098,0.40414890423826366,14.92062025952657
2.0425885059394453,1.946243392847495,1.9444596399149672,1.9448731815675862,1.9446554419155047,-13.03566625326271,1.0185142024881524,0.4517257365446817,15.000705260459965
2.2755698786822656,2.2731271420054933,2.2732386051915734,2.2732834248682634,2.2732375554481896,-12.777041415201229,0.9543695449700523,0.46364566230024057,14.948668460492446
2.551523213555865,2.6227431994708863,2.6115277469558,2.6115660173783946,2.6114464824746206,-12.921764659993947,0.8425238032415681,0.4039591396680954,15.25056049829861
1.8186674851995368,1.628425206144808,1.6074977301159665,1.6146771774513609,1.60430914616262,-13.433487374563137,1.1100043383249323,0.5083439400417972,15.298727869644802
1.8769625399349077,1.8846942210545057,1.884485997470321,1.8844583253861469,1.8844841816931077,-13.282002541026001,0.9730687827183878,0.3943249088425885,15.1712845633076
1.881325066106487,2.082300194004414,2.038039812025966,2.036730823249415,2.039646653667013,-13.041285484059836,0.7797718432057561,0.3702724613382773,15.000093336052128
1.7283592154319958,1.533008024231041,1.5845548384110784,1.5847350104071773,1.584517143694592,-13.025780195331132,0.7361325832561079,0.40802685194161015,15.012634431903603
2.1896593552882777,2.2301158116646747,2.2330142406999194,2.232796174164414,2.23360463786569,-12.83226357542998,1.0716431762653253,0.46297386439189053,14.902004546268683
2.355018254989301,2.2563850170902473,2.2451872222521794,2.2447927994732515,2.245284168073849,-12.809576400537855,1.1135296283138054,0.46881835617522116,14.999179186201943
1.8956219784409956,1.8752544942881095,1.880697909944366,1.8805093556719081,1.8806867235783948,-12.972900171121243,0.7327399095835249,0.3920632201688064,14.939420822081974
1.6790673850516697,1.5391457158193598,1.5219745276313028,1.5218505288469288,1.5216632300613449,-13.190826112207642,1.1227200067171053,0.42683337754147593,14.869833060395404
2.3179181297201032,2.359819990695902,2.3537863149818206,2.3539678434165046,2.353754584652653,-12.77247351298559,0.8560045884939026,0.46407845048049906,15.042796164438403
2.640978226507075,2.714729191749763,2.741144235102127,2.7396835452467965,2.743655146409158,-13.017255827970779,1.3581653916723853,0.3838124648005069,15.433663032805942
1.9842120197590727,1.7955761990535455,1.8054609244980027,1.8056876281103034,1.8054443220177636,-13.03634203862797,0.9475988950164055,0.40429400337376276,15.146824177592421
1.8100538599389102,2.0507459506727725,2.038588714781935,2.0393020998673226,2.03870330256726,-13.015252318563455,0.9494905052601773,0.4195437985116549,14.955724486613121
1.7450696661707086,1.4003987467726333,1.4909846661170647,1.4904174178792184,1.4895717622901377,-13.24861547704239,0.7371814265542675,0.41650472264643223,15.0134696577123
2.7713424592756324,2.3214089622462515,2.399050208368196,2.4028997486564947,2.3969224391632578,-12.77535385807486,0.8274383955972179,0.47513641513783206,15.23993638153604
1.425566164716088,1.5552610974058656,1.5459086486247957,1.547087949226117,1.5459699477465048,-13.599254975552402,0.9278888651460301,0.3227865678509022,15.338005314516312
2.5347359178823705,2.362387420966342,2.406667552211469,2.4075293434625067,2.406043560192141,-12.737498808971996,0.7430779377977286,0.3906437861206792,14.971464618072554
1.4528415013037068,1.5257768171036397,1.5139072736924044,1.5152365208956158,1.513605656096907,-12.909762178534773,0.8372593128438022,0.38904279069943937,14.629744682244826
2.035401473217595,2.28712026485865,2.2832843216575918,2.282951512530192,2.283624640369458,-12.714171021940553,0.9847609978736593,0.4302076122071375,14.63427895813296
2.7272407405836137,2.680390171604626,2.682508114749292,2.6820377834740667,2.682615741877945,-12.688890028092828,0.9547936515858354,0.4992317178091686,15.161761326685916
1.9868374090666643,1.9716432886886601,1.9758123174027857,1.9758680372679196,1.9758252549310065,-12.744425549014284,0.7256156585305917,0.3223311616599331,14.800363644696368
1.896543458423186,1.915168075901708,1.9158639680883407,1.9157655214728058,1.9158322570696453,-13.609182327295848,1.0373641062660486,0.4099606452078402,15.537050898158332
1.9837250966492541,2.2638672393076478,2.2180585128987085,2.217720788211775,2.218617254963009,-13.024689763801915,0.8364804167832803,0.43836313550097356,15.022394919947379
2.2285561492698744,2.18240252539572,2.185911893365131,2.1858195532767515,2.1857023547557226,-12.367469974616942,0.9239633277989104,0.3995964036001247,14.564157828000997
1.7818082907871258,1.9853940642545227,1.9632515006638225,1.9629981999356954,1.9633602614245282,-12.628282522721024,0.8912371762840967,0.38467597124366987,14.53576757530724
1.4633194432570844,1.8273685035220542,1.8213194472362948,1.8216261441642452,1.8223867120215604,-13.309078030584017,0.9833839530272184,0.4679709077233073,15.15119709305278
2.368624765893229,2.344519683197329,2.3463446303324336,2.34631069926562,2.346379441859601,-13.16401818720012,0.9242920193169355,0.46929148140347837,15.421200108608186
2.0831213625064837,1.8520654635099298,1.904049775205987,1.904121032919943,1.903561759081563,-12.917544051111252,0.7750141332819559,0.41156532783010713,14.950544018006667
2.2478295865886455,2.3296828725624197,2.319773093239623,2.3198086396702626,2.319707144266552,-12.396261892378945,0.8789324190849075,0.4524675840258755,14.77691904590656
2.046983161558633,1.949124667009479,1.953306086287093,1.9526698286871622,1.9534489664642105,-13.240844851952305,0.957270758181194,0.43915168105924485,15.010919024421241
2.08610558657093,1.848192995284194,1.899930833507029,1.899560414797252,1.8993299300461683,-13.246359305746907,0.7825342578843165,0.4137778291421487,15.215444080578873
1.9175191532428382,2.0253967486985074,2.039037932660017,2.0391508485851357,2.038901378735961,-13.262348354616691,1.1264505748750766,0.4627598648382548,15.300727409045026
1.875932308572421,2.0291903114956824,2.000057411150877,2.000755129210459,2.0006633247512524,-13.15496821394392,0.8099094351412577,0.4675053008186298,15.051506845868344
1.311331292467647,1.5059645370414638,1.5188591894427033,1.5184866767456278,1.517786136714422,-13.28920003148088,1.0662510273076677,0.4476089341746452,14.986372607099275
2.196876277903855,2.3574964933572025,2.315115186643838,2.31704505174474,2.313554944724409,-13.134732124091475,0.7361396472184798,0.34036370217889944,15.122479824094189
2.3528109016863947,1.8593389737273944,2.0131321944532683,2.01838278703552,2.011231902784395,-12.696357625300498,0.6883445399580019,0.4193623423581705,14.779666454756601
2.200240008368269,2.1160074383658345,2.1272840379938605,2.127996562006854,2.12654178321148,-12.801929950964015,0.866125423601587,0.42003000929185524,14.916187898135309
1.6736569461128321,1.8854494493043077,1.8586380562241254,1.8584919184680704,1.8591826604881816,-13.446476696722055,0.8734072609928851,0.44148872940386596,15.325489449777258
2.633434374096607,2.2796331795399922,2.3379995127445605,2.33243376965909,2.337702398904919,-12.878500276107308,0.8350307062198763,0.44796435552545905,15.159619571720622
2.272490889541084,2.177027602237992,2.181420527912763,2.1812252155540315,2.1815156674567886,-12.803671801144617,0.9539830881706012,0.4951780257039575,14.924942031745877
1.989565990969802,1.864801541375761,1.859722778911519,1.859981695696088,1.8594971931774524,-12.706103897490603,1.0407068077546797,0.4593490639168894,14.792921555514203
2.7757283259263636,2.682403136899544,2.700832300351892,2.700831282512373,2.7008242417481956,-12.87189873139451,0.8025274457568853,0.4047413295155682,15.183164752495513
2.5146634973404542,2.531545490836815,2.5299758154352823,2.5299641640845265,2.529973608318432,-12.636557592867835,0.9070207317713254,0.426486123892432,14.96146295076082
2.3290887255048434,2.427403805540819,2.415711944705973,2.4142983787864045,2.4163760589425793,-12.613200146737558,0.8810776451530293,0.3866159351883936,14.954215629201427
1.2751893679087576,1.730361288338665,1.6886657512086838,1.6857658588868731,1.692767397031939,-13.353176089105576,0.9083960691366904,0.4684055755943329,15.01800902709862
1.8688635555491513,1.8504917800261196,1.8496718261791723,1.849802736062033,1.8496943055935668,-12.918396687600623,1.04463117056483,0.4541851626087361,14.885185400337287
1.592242087355016,1.6218666204384216,1.6191695788417506,1.6191141967217633,1.6190195814314121,-12.99639157811458,0.9089591863244807,0.41536218147084325,14.878034928823064
1.852707572385452,2.0255028322070476,2.0037525132566083,2.003851308931892,2.0036351835824897,-13.222804911648026,0.8741266457604455,0.3569956570364695,15.080606265628894
2.250726532251813,1.9432253141131863,2.006266826642486,2.00495261447937,2.00528960053877,-12.247725484138234,0.7949877632651209,0.4324249603155384,14.56302965774563
1.850639685679911,1.7951393191212557,1.7834888327731602,1.7832190060332493,1.7835335966895647,-13.270230487621133,1.2099172865062549,0.4863172575299461,15.171784686863631
2.156276746776551,1.827367060289302,1.8299570447569387,1.831009125719173,1.8302948647121096,-13.062484374765269,0.9921255451753399,0.5277927457236737,15.106534620248926
1.8436424069041306,1.6437466594944066,1.598040695282454,1.5977351363135737,1.598335364375772,-12.602324869764134,1.2286490073161513,0.5352657714286855,14.507239530807235
2.230626222242417,2.284757727407824,2.2762405859223165,2.2762375209078547,2.2762516019038936,-12.891249511124238,0.8426583288330495,0.45969842921344706,14.753529509650912
2.2368076273929662,2.286644837649735,2.271441582446686,2.27178827671613,2.2714013283061605,-13.147632361854802,0.6949416886555206,0.4005615288932416,15.39521968417872
1.8240974868131612,1.9212937517014264,1.9204300442293871,1.9226223805512093,1.9204919048484657,-13.1065620662691,0.9911137791865483,0.43521656030804007,14.790385499145167
2.041328231004873,2.204311995878261,2.2157402416147303,2.2151011219518204,2.2154714296913847,-12.89994232219654,1.0701189210185884,0.4696223729139575,14.921490051446296
2.6927944248409412,2.463589166520919,2.4017698293740355,2.4023586008589435,2.401137164797218,-13.01865698132096,1.2697116881174244,0.4716151098544343,15.182518633009872
1.3429267676168821,1.3842668653263475,1.3712646386218925,1.3713143013158804,1.3712224889454672,-13.095763073700102,0.6854814713832278,0.42416767266441036,14.969223570049408
2.062240241125963,1.8753351952242596,1.9007655365839093,1.902309567625788,1.9027384294668397,-12.778437005671131,0.8639397816310215,0.4137113993608513,14.940310997704632
2.2878509168784325,2.1191891244442678,2.153925979397889,2.1589819117448683,2.1532201783763094,-12.739342452834478,0.7940443152400349,0.38737311084394555,14.908302456840357
2.257665205144103,1.962892610064885,2.005778134521356,2.0073394626705836,2.0045300295076247,-12.808866751414755,0.8545131902613092,0.41696683636355003,14.953025420174873
2.2024018470741584,2.3890038504445124,2.387531543409846,2.389052939220773,2.386871528554847,-13.38682883224452,0.9921099076747641,0.4482930182826091,15.380566438462871
1.9497335516838372,2.0153015000420225,1.99618881420719,1.996331628642015,1.9960517871186085,-12.771555737221334,0.7085056599541071,0.3662024002190507,14.651791696721512
1.6004842186580817,1.6934607600967082,1.681709416831611,1.6820357578060445,1.6816557316569085,-13.002161605214965,0.8736095892225098,0.43498011711690476,14.962436510233927
2.0439121857327494,1.9377461669788223,1.9497698828816175,1.9497077408404755,1.9497909023439144,-13.131499390633511,0.8867460978200116,0.4528075745715766,15.184268421580036
2.09194240894523,1.908902719926723,1.9181993502771588,1.9172081033584887,1.9178474463562976,-12.721948203680206,0.9492097566364684,0.4923399106639428,14.825623389487392
2.0403551921666896,2.125976548050737,2.134852822005503,2.135808496287157,2.135330772942782,-12.85527878579645,1.1036689253880445,0.476777578170195,14.855388809485305
2.083114627024884,1.8646198468807358,1.8618934082772272,1.8626227181740924,1.8603319346426979,-13.062844065956867,1.0124782779785835,0.5041497819139733,15.00819654210653
2.180972819008523,2.320012156484257,2.300601042249925,2.300549135648443,2.3005722309459706,-12.662270223025045,0.8603912059224255,0.44123865430023373,14.921289447218086
2.6068037905424406,2.2942149025724996,2.29587342605796,2.2965006068423963,2.295088654211237,-12.765098689979185,0.9946942340265815,0.4841788817022259,15.085039489974461
2.4670611646885545,2.2969700915976894,2.266230864296331,2.2655549843525904,2.264181891168884,-12.545957861978147,1.1807221669119408,0.4394104627683403,14.863971673247157
1.3406871060603933,1.5747624758914294,1.5692409576165822,1.5677952040815026,1.5717204298479506,-14.077555238321569,0.9764113657971273,0.38648684041171727,15.58134380688261
2.435025609580711,2.2903196197137756,2.279179262390073,2.281938176264676,2.2773804237701905,-12.893450374847493,1.076986151948148,0.4888177855347198,15.07799497295271
2.376686637133782,2.5217162510986384,2.5172912163287955,2.518907204074914,2.5184968495944715,-12.208963459401392,0.9694887502705831,0.37729350837732045,14.46395276345202
2.379693290209026,2.3408513078360484,2.339927544374206,2.3397588294975034,2.339905198113371,-13.292134739509915,1.0237826033947746,0.4104415930865865,15.345812028782674
2.303526554595016,2.2984145801674805,2.2984209781791236,2.298431324165752,2.298398641210418,-13.352459674449342,0.9987484265163197,0.4575603945251971,15.351117138427325
2.59069870291508,2.3711860485743617,2.3887875303651533,2.389660033761134,2.388624545681065,-12.635690932279093,0.9198156395873578,0.44488239026992027,14.998716483239907
1.3992434946919974,1.7469408991782593,1.7426858440654158,1.7413138685269798,1.7445130593463123,-13.128363923303597,0.9877621890243016,0.45178306344340463,14.697693888441362
1.8702018338298292,1.77605844321393,1.7806026184543227,1.7806178738765075,1.7803937455224537,-12.996071796275306,0.9517313407700309,0.43822590315560206,14.982807177559922
2.3131905326345077,2.301136159672158,2.3022553916830306,2.3021990320290793,2.3022738828449167,-13.059626125537077,0.9071513703476367,0.4096671689682547,15.128021720705863
2.388704853582055,2.319738716544457,2.3104500574931874,2.310107446003905,2.3104097195650075,-12.3590849824167,1.134684345829116,0.4804004602000457,14.593784925920376
1.5655318743517355,1.3602057669013767,1.3370545897419248,1.3365135691774321,1.336759489412343,-13.155013432310367,1.1127532073097404,0.4637750794554734,14.896802320164648
1.9219748445771172,2.087693277038631,2.062666497431918,2.0627878939752406,2.063238199564572,-12.80498961830921,0.8489801090019042,0.4453513831468369,14.981356080154791
1.295886916607282,1.4262116725787735,1.4230310980525651,1.4224072968810217,1.4232746466998607,-13.649999044875482,0.975595008772512,0.45232875694855373,15.304788311940762
2.6478483907104415,2.3539085249600538,2.3039475716007343,2.3058641936673996,2.3000371143831537,-13.11378292153439,1.169969980872706,0.49655060886143365,15.296167808381096
2.303222443229929,2.1639912146306934,2.181688351248659,2.1840921326984306,2.1794082556137204,-12.900687294916468,0.8728939132692375,0.40250833706727485,15.05635984086273
2.241360586728381,2.1781185254785727,2.1882932205152787,2.188334698852639,2.1882012377347877,-12.277874042758265,0.8391150630509087,0.44926782587444813,14.404772135478552
1.524268164483946,1.5359894813543542,1.5375881282491444,1.5376944330243927,1.5377440707539778,-12.963979853236301,1.1363879939826766,0.44303859663704637,14.832680943480703
1.890749822425462,2.122925456591121,2.0941731472434277,2.093377145409748,2.0937350160739707,-13.07046840917427,0.8761613833810895,0.39419981935101867,14.921007276763579
2.1601502604272333,2.313419497104369,2.27876707410664,2.2801517932046367,2.278528212344641,-12.907320099265352,0.7739114270483051,0.39207208343063643,14.881760896181797
2.0311578653901208,1.8162459005417622,1.7664303156967387,1.7642466843072955,1.7657592932798793,-13.008203390835975,1.2317953068837895,0.4926700043168264,15.133158272573114
2.0335773442544767,1.8772751721756509,1.8904337126958974,1.8910264036826459,1.8915578698366897,-12.81528820848276,0.9158134506690655,0.4895886977030815,14.929086833034235
1.538903918777477,1.7559695860504176,1.720660374070824,1.7230727131852872,1.7214342722107718,-13.617095481514653,0.8373339624677005,0.37387069011889906,15.09697055427896
2.4567149652403852,2.530918734027941,2.548659157736476,2.548957929982789,2.548591566392734,-12.667342232224746,1.2390771250356007,0.3660984808863687,14.916542024917275
2.176652417268964,1.9775221186346985,2.0025048807648944,2.002766571954925,2.0027792469803796,-12.887392523647442,0.8745406284149613,0.4272015496840676,15.047152473895931
1.9066050171464006,2.088635899301224,2.077172391458003,2.076837722395287,2.0781386778437616,-12.683585769524782,0.937024379009099,0.40333271640986446,14.680597455071833
1.9693709655513916,1.7252782857259452,1.7526706547189865,1.7538798564917204,1.7532264561670123,-12.869632885688894,0.887778818223352,0.49576201679394677,14.930038923023433
2.28526333545547,2.2036916010792464,2.185867328303983,2.1880174531324985,2.1857867448922415,-12.865378934506294,1.218510405737542,0.4280650456785376,14.873256594663108
1.8939630619231238,1.7738027684594189,1.8035875041471658,1.803337510558017,1.8037246850607653,-13.219756023959988,0.7521249754874845,0.42043197131526466,15.192141391184514
2.5527687626137627,2.5862736967562574,2.5823720459315327,2.5822364559074247,2.5823407729645482,-13.14882185340122,0.8835499628762019,0.4547114340765962,15.463940515267542
1.6267047865309396,1.5982600589551852,1.6025030974746204,1.602626314514593,1.6024725528071821,-13.378660428992259,0.8508321618431651,0.4454142247429996,15.283475051323999
2.514043278308368,2.656573845648984,2.6501687875721545,2.651353279887991,2.64986743637255,-12.671678998646655,0.955061863596444,0.3873430231806937,14.816909974479822
2.2005820086262,1.755883858883465,1.8022892513030273,1.8040652233355925,1.8012932330126774,-12.93073845118868,0.8956474353527026,0.5125379970070221,14.942189575610664
1.9609876014575893,1.748403768138713,1.776249643059813,1.7803582044178414,1.7744255720639863,-12.894319850051193,0.8690122645435066,0.40756184877123497,14.871121044239949
1.5876291872001758,1.6736941209514904,1.6989405144285896,1.700149494733046,1.6988108928085888,-12.958520412295869,1.293341229426244,0.5413974592659582,15.072781225372387
2.7530131735077195,2.432660936839042,2.446851784682439,2.448756351850617,2.443962464504904,-12.711682988288036,0.9557023606547352,0.43790394252247117,15.017923043257609
2.030931712344688,1.6501365744323269,1.707897924245685,1.7094400752692889,1.7088215824574415,-12.981539599542614,0.8483138463111058,0.5133521298265418,15.1130609963157
1.761128632234956,1.9629863550237296,1.931700130824806,1.9331480245572514,1.9320741437610836,-12.947474195943318,0.8450085348893882,0.4221874790411542,14.854218767549705
2.702988392516521,2.39320702753459,2.450364861366781,2.450827619899566,2.4498961919698417,-12.65148077505308,0.8154897605428106,0.40311346303153694,14.94588965637124
2.1688268411478955,2.216892841887032,2.2126413904548152,2.2124159666002408,2.2126888048016387,-12.461461496716588,0.9115497156651069,0.4134416365078602,14.62016724045016
1.8997149614494553,1.818749450386822,1.830762057030106,1.8304776430524905,1.8306151402714166,-12.83697130911461,0.8516330412094706,0.46455899192422984,14.965353961203967
2.551758506089983,2.3986198611077665,2.413039036139393,2.4163826242429804,2.4134078635113103,-12.61384038168533,0.9058423493736547,0.4760897082612605,14.971153801544425
2.856062268080441,2.591278466418549,2.498127802299991,2.500755679380476,2.498001020261561,-12.57740383385098,1.3517989527074765,0.49074623656140237,15.046375992422975
1.579316839322793,1.772074329475565,1.7773480381238582,1.777408443376558,1.7775113012652477,-13.235036770567966,1.0273592929857838,0.4739289586986524,15.107562391702482
2.1201839142463585,2.27891494819919,2.2410173884141464,2.2413549897285083,2.241063293641816,-12.953154375865568,0.7612466898167796,0.36101073399908756,14.954428740256997
1.8111068961294974,1.8264260686663212,1.8274153873024936,1.8271673778224717,1.827412420484575,-12.874160419554997,1.0645804225909734,0.43323387117214646,14.759619039288323
1.906039299219341,1.821386522177341,1.8273749629077254,1.8292600488073023,1.8260519100482786,-12.853224909780884,0.9292587799285769,0.4255179875040455,14.829948298696927
3.1824541071653534,3.1759762042204,3.1749536861663095,3.174970513689616,3.1749638529081317,-12.3437930965814,1.1578470784110313,0.4083649582555964,14.824104262548504
1.7159593068059737,1.6805351639278638,1.6771927508561937,1.677222873825713,1.677364074274965,-13.159021106884907,1.0943540986487894,0.4738379696472906,14.886789210522204
1.8576821846433815,1.8203250048645956,1.8146352308999552,1.8146206858452514,1.8148410828749704,-12.995798535500864,1.1523073743342844,0.37587560517659774,15.042112937121551
1.9795316400720842,2.0775439108135796,2.0664066571293134,2.066461636880842,2.0663551270716765,-13.147533067287972,0.8863687821942116,0.4297312135598262,15.112940032193732
1.7586538293183214,1.676870793650907,1.6885324054193667,1.6885195815269514,1.6886212016217843,-12.650111938562093,0.8574079370704214,0.4280610576266647,14.527439522681803
1.584528291183994,1.7078867237833875,1.691602228246455,1.6920503285977204,1.6913583417197322,-13.083860677512213,0.8679904146495134,0.39560976232924566,14.874180989473297
1.6044019683413748,1.5888261632232101,1.590330631377172,1.5901091253116277,1.5903455343244581,-12.67285567826556,0.9034099269636637,0.46331377168317106,14.459489614588378
1.8455185237082172,1.977203109939486,1.9717940348169865,1.9718939280708878,1.9717046800238582,-12.998798472874753,0.9589240071499345,0.4541704787210993,14.890131658418147
1.3682464064252122,1.5219820279226304,1.5114441081782581,1.5101364497712468,1.5126270682978682,-13.612792190426351,0.9314542742811931,0.4424775052771669,15.37187383105121
2.5619033095913073,2.5113770100995803,2.5157771280857526,2.5157459470769754,2.515811775978018,-12.266464207002645,0.9129143034333521,0.3764731771658164,14.538990180091114
2.391511324667762,2.120690579852133,2.1043779912377976,2.1066661612147284,2.1024291186605892,-12.448220350109375,1.0602338961346582,0.4744546083165289,14.540173732895173
2.0840851603545225,2.0071881814695622,2.012331567362631,2.0131296078886924,2.012349014863138,-12.867800427483962,0.9331132904354612,0.45416432674638446,14.957584048639239
2.277617483183445,2.2433220209331073,2.247632530840471,2.2475900250246506,2.247652134480157,-12.94967554020775,0.8743125292815742,0.4555867869457261,14.98299750100987
1.5950043763481043,1.9631477300344509,2.0234281908842084,2.0238478326787037,2.0249819578051635,-13.37642474152175,1.163741814828787,0.49841549401827695,15.154727541032775
1.8281664468613386,1.8128651485593512,1.8085920873372192,1.8086088053037992,1.8086694511743602,-12.90121943707557,1.2792613501023453,0.48335504997418294,14.999862184001673
1.7974199801507416,2.030035775541406,2.0921371232900796,2.089271349650997,2.0915911352088967,-13.187722624938898,1.2669696081660187,0.4416996202922488,15.133159077820801
1.9203860376909416,1.8599928932673144,1.8709370275289774,1.8700429034166826,1.87099273784823,-13.006824001241624,0.8187851557306509,0.35218572633215073,14.962793087113555
2.3979477402883473,2.170650178801599,2.147832104824648,2.148149041805032,2.1476526550175037,-12.646104011267706,1.1003885559866946,0.4784240254405665,14.951644251396301
2.251023112854533,2.0748500153510046,2.137999558879197,2.1379000148326543,2.1370415718087012,-12.666977460881292,0.6415483157016794,0.3564972595547808,14.83271072422594
2.7706383481949324,2.893044907679948,2.8665352929504,2.866709830114083,2.8664820164856963,-12.934330744600375,0.7834297864340118,0.4206455063791836,15.25063517672946
2.431467101643653,2.0797014633514532,2.0962448867836603,2.0958431371050903,2.0944105424045585,-12.946169911093506,0.9529703256050686,0.49953821195424186,15.010776618165893
1.8892486013043432,2.1729741627120616,2.1334106046992547,2.1342070572125627,2.1337340460823055,-12.847560110572843,0.8605569487059618,0.43886810475707355,14.786523267865128
1.9765256409961223,2.179909787301148,2.209607800598603,2.2101732008148924,2.209769606647635,-12.849212749758887,1.1460193128962701,0.444722878688217,14.826792680065395
1.678912471265871,1.9104316397371284,1.8905851188874505,1.8934486478111079,1.8909027440406014,-13.351868129800284,0.9142769863043072,0.359050896490659,15.147743425343224
2.565700841853174,2.2731795441051323,2.286624980900776,2.288439490394559,2.2866282040133896,-12.598612196753786,0.9540360414809044,0.4931099967651967,15.012551085042551
1.7528696967890427,2.0734163496281552,1.9965864016472303,1.9955463932885684,1.9974707674151322,-13.732566884575188,0.7603158626039762,0.37995063369600884,15.504945890628015
1.8300658173313629,1.8352961536849692,1.8351857504136637,1.8351892255031543,1.835189488855682,-12.905281919962214,0.9788917454171167,0.5163009657073553,14.801058474409079
2.4287764413599087,2.2074344320039856,2.192878733363621,2.1930941590620203,2.1923791371361885,-12.636398036282548,1.0657611209129267,0.4653619365203318,15.066293013017743
0.9562947231649543,1.2616619967992047,1.2912921449574215,1.2839670822026266,1.289502871701312,-13.77445121590221,1.0970311841396119,0.47218211543423516,15.283832876703759
1.925469512622478,1.8289777024690903,1.8119319616095746,1.8121403225304178,1.8119152447184257,-13.38860435603779,1.1766547941469723,0.4660874089856322,15.139909732779097
1.941677293006383,2.0655911220814596,2.0414665514299255,2.0415129204795255,2.0413160470544676,-12.931428280318327,0.8053117167663526,0.41047600090314146,14.90198860749973
2.318526679752795,2.4366712753885302,2.41533301063998,2.4160054318956243,2.4152531882905737,-12.776852898731216,0.8193885667496701,0.3902648676924467,14.942231821840792
1.470821656031399,1.5248382466631918,1.5153174871068409,1.5150752623369426,1.5148459261974938,-13.308234316724835,0.823743789732127,0.43933899676431865,15.135366229714872
2.6261297915726107,2.350964795426036,2.3644104634412724,2.365526838188577,2.3636611300086656,-12.331970516231818,0.9511359794903775,0.39071100360759753,14.666969083041856
1.815669718147806,1.8024756985415389,1.8008282399004585,1.800624375267394,1.8008294583144286,-13.20951761264766,1.124864043729127,0.4469441505373026,15.109394878030521
2.1040308146569497,2.143545699733118,2.15532749131998,2.1556450859982776,2.155242270945328,-12.828917014278069,1.298160846581004,0.4778740348225991,14.96802069818419
1.6110749899272843,1.7589584998542718,1.7402999588847405,1.7384543148220206,1.7414565331902656,-12.941494373991162,0.873829469027734,0.3948729391540909,14.81564533806933
2.5160235378940836,2.102224427703576,2.0980611431967304,2.0962531761341214,2.096011061258852,-12.826463550382808,1.0100611248412987,0.4552184687859647,14.973124692573313
1.3980455130895246,1.4324998477725974,1.4306694126837944,1.430012172993785,1.4306275307240914,-13.017765859546012,0.946873590634087,0.42977434356312516,14.696394948946404
1.6484870953987656,1.791365983634168,1.7834351195758367,1.7844365042233679,1.7835458261154815,-13.357763203471645,0.9444924008278657,0.41338847278332674,15.194299568290086
2.7288985412669917,2.862624368052079,2.8235080004631907,2.823454605766236,2.8235616222337203,-12.554333775087828,0.7074883100049772,0.3552567443056608,14.997400032568734
2.121479361169612,1.8680494967072905,1.8470148213404578,1.8477737873633289,1.8462081845496416,-12.731124157306555,1.0829999866490072,0.4486849290212035,14.720573322455891
2.1582807532630834,2.0635671736468844,2.0870950646350503,2.0870384231544428,2.0871504878186737,-13.383535458758699,0.7515890426324682,0.4736056164892392,15.316006884482864
2.0951050852627007,2.2812157769924997,2.2526248902621266,2.255320110890887,2.25290051827647,-13.255536384741577,0.8463769788579225,0.39777217549640764,15.204441968454
2.446191585876579,2.3107087354573954,2.344529518859633,2.344577891384752,2.344445866844967,-13.172076495163433,0.7503685278424855,0.404655009334068,15.362506314820171
2.608555442648361,2.3739534766938437,2.415693029335813,2.4153877576469323,2.416077058434801,-12.607714682730624,0.8220835342442873,0.4205514627254161,14.804439375175027
2.6166727522024655,2.3585080851373945,2.4037493491488195,2.400942715671675,2.4033725664361834,-12.603547309383648,0.824758110682813,0.48252690936175824,15.150799570045354
1.4135884820582763,1.4784990926679271,1.4850792911362205,1.4859717958030914,1.4846468943949838,-13.126952499287246,1.101373233227841,0.4464593937191966,14.934334612609403
1.9296178236056618,2.2123999580535805,2.2043618901597046,2.2027219149825576,2.204834375632315,-13.003092190137071,0.9715750504904792,0.4790326334819496,15.006307345978396
1.83986472399266,1.6895449203533712,1.7107573151142077,1.71026378869798,1.7105051229185775,-13.03920438059274,0.858884895753738,0.42184850702048005,14.973997743705883
2.460193340075575,2.2851001758527465,2.3209323218442983,2.322592229648858,2.3225037192614426,-12.654046702794187,0.7953538269149616,0.39935383616218556,14.95898004462585
1.9763828242817134,1.9850097241989362,1.9843748092056062,1.984293157914149,1.9844135349377732,-12.619371149125808,0.9264028794326786,0.46741983787843167,14.762038322542002
2.41192300222531,2.1903204878600806,2.216572785455136,2.219103851943502,2.2180661026157225,-12.505254408435816,0.8815342972517521,0.3828477938278721,14.779322020593645
1.7924808163391694,1.8158553489219649,1.8133891345891786,1.813098131383254,1.8134400548913625,-13.0079829081165,0.8944913946813241,0.46673593927720186,14.804034610940409
2.3686127276575584,2.0200652625782816,1.9662721353189085,1.9694770117420282,1.964933897260219,-12.930925608819077,1.1543351556068178,0.49445726894080655,15.143744752466937
2.5924717704604117,2.8700723197094895,2.8908164888085595,2.883385378057021,2.892037494080354,-12.535402517368809,1.0747266860789162,0.4272896492501488,14.90635055390158
2.2297077046488916,1.9048245267127901,1.736560518564141,1.7390641442285384,1.7324478581185994,-12.363013881261908,1.5179215778963606,0.49371849246641153,14.580553641126794
2.144958231568411,2.136560705899485,2.136260497356851,2.1363124115425567,2.1363009319737034,-13.120072959005338,1.0357496427483928,0.4183029092386132,15.097632046038688
2.4904597346015995,2.2939461258837524,2.3211280713828515,2.320893204395007,2.321318247194791,-12.856122425134808,0.8616790680480199,0.3976225143212176,15.272690678535357
2.5731291757028827,2.12423737932089,2.047990661899478,2.048776776629121,2.04442521558779,-12.47876229460577,1.1698554485422794,0.5166606780864674,14.837362704917583
2.1461463469579147,2.494675948988978,2.4487692033257593,2.4437627158893873,2.450157891247877,-12.815999090829617,0.8682845147278843,0.4389359655569502,14.885531915344481
2.1146458671124564,2.1581536763718328,2.1630943490016543,2.163024915857827,2.1630697956074036,-12.950459382162729,1.1135582947963916,0.4426016611437136,14.971684301735387
1.9950916344036982,1.9718376896639473,1.963123181221884,1.9626562754826555,1.9631228894839357,-13.10267303967439,1.374753984306431,0.5248811420540236,15.046092467212148
2.536448284812587,2.4746914821675645,2.489405704960849,2.4893571519123108,2.4894208665507924,-12.50504155512684,0.7617392390298913,0.3318936017668549,14.735854326738936
1.9866249112956682,1.9914026493780301,1.991185809585474,1.9911908970906889,1.9911863228400446,-13.356062233860609,0.9546145500615828,0.46090433771713607,15.226577863925852
2.3853540974901,2.354449494729698,2.3517349802121656,2.3514332080758527,2.351718679065026,-12.746527387138613,1.087835282613968,0.48419444654724547,15.062961964312132
1.7484326414930065,1.8056379687640525,1.8088213767904842,1.8089041697918566,1.8090706301805801,-12.990138831019525,1.055648803674324,0.4602478295982636,14.754209836717482
2.083246951753405,2.4509254337853923,2.419971280551944,2.417541305125309,2.4222809280613955,-12.850428614011204,0.9158118988569072,0.4120689338616714,14.884361282771827
1.2419273386024599,1.5684847252120344,1.6058650665785539,1.6049443620401402,1.6085815284705682,-13.235112178415063,1.1144679094679641,0.44763994866852347,15.000106893914325
2.756310780117346,2.756947547365891,2.7568540767550624,2.756849830115949,2.756857417233843,-12.516446297129226,0.8532107123238981,0.4044571846549487,14.770938135451988
2.0557593468732214,2.052136267398507,2.052942112038295,2.0529419941702907,2.052938662892875,-13.386703742896442,0.7775801923715263,0.4464842788707155,15.348344736967443
1.6910435364247873,1.888048185357869,1.8555773188184843,1.8548779544343463,1.8553964951986108,-13.550751094746872,0.8351771558933391,0.36813726327434393,15.180148707122758
2.256742305089885,2.243117680258106,2.2438033678079243,2.2437266219750622,2.243800941219137,-13.217262908054545,0.9496729224999326,0.41141961310949426,15.186264607607235
2.052004662639762,1.9000559161431387,1.9126825253451114,1.909248569585174,1.9118026596131164,-13.299187715788214,0.9169021825247335,0.44622320550610517,15.34237131409327
1.799595255455525,1.6397032436586996,1.6140823318921182,1.613488983231024,1.6140268535817321,-12.946674964684945,1.160238847949059,0.5367413611827765,14.963264813348147
1.673085351686066,1.769382813935137,1.7580828212511452,1.757774986389575,1.7581625272548536,-12.912847950594589,0.8826553429334999,0.4222875675191272,14.707217512332916
2.098842101429326,2.006198313412362,2.0089468108961834,2.0086926857629983,2.008855322582272,-13.275549409393527,0.9703326305772676,0.4719581868681602,15.211799961067923
2.7963460528181043,2.496569168728554,2.4810060501250377,2.482527965199664,2.479505434603664,-12.64451348512996,1.0519156727203391,0.46914625717603725,14.932270104857324
2.0146882669739252,1.9123020426547952,1.917368124810302,1.917313083271844,1.9175855482364732,-13.336196281932871,0.9505198849826051,0.46455075198427165,15.42146024430365
1.6058072947163304,1.5974480470713397,1.595362455667296,1.5953706370474088,1.5953298579036315,-13.776918723150963,1.2494951092032605,0.5289825596968742,15.379152975312712
1.6003438021033014,1.4928841513653806,1.522966210140356,1.5235617701118178,1.5234666718718342,-13.278802293599265,0.720061822568716,0.4761728405321555,15.167337222814162
1.465794869246863,1.7084182779431567,1.675304619536859,1.6768858390388652,1.6763436558122415,-13.231743452365421,0.8635182871091073,0.4220677221049608,14.826595623340603
1.5676276682379742,1.466044001073845,1.4563849231592254,1.4565249767189608,1.456895282527495,-13.110725135777969,1.0950849500147763,0.5121343604496161,14.784063098301917
2.1078851564022205,2.147982950182488,2.1410194098912787,2.1411599837494784,2.1409440359689254,-13.173432431634613,0.8263360740152225,0.4525399494512822,15.315866516435149
2.249611338849533,2.3647400639640166,2.392178291890602,2.391881459693643,2.392423517294664,-12.866932253377652,1.2383265158135024,0.39449705839660487,14.97334351347841
1.9285011313219778,1.985553789751895,1.9862676875387972,1.9863427109159812,1.986266027929865,-13.018041259872605,1.0125129627005567,0.39042749260723364,14.933840613770686
1.5962681112453032,1.742237138490966,1.7359266906898378,1.7337239922651135,1.7366154448756728,-13.195404664386336,0.9567685835810376,0.4562854271529505,14.93725679020829
1.498257930382932,1.5901585947823544,1.5958079026992056,1.5965822781252372,1.5957074676387837,-13.082144573496699,1.061471894178016,0.4487145637298775,14.881134961338589
1.9197726992320419,2.0321017239282706,2.0464804364662905,2.045858883649935,2.045483915001121,-13.029186124055585,1.128005318099249,0.4624310412986195,15.002042300645076
2.264538461623781,2.151605202350648,2.1718705480410225,2.171987503733027,2.1722239684100053,-12.746763501615838,0.820554672549015,0.42052302938163144,14.905485290915625
2.008631148721957,1.8785827556914148,1.8664968008862166,1.8661324734094016,1.8666161837047535,-12.861098713993453,1.092934287948943,0.5018634100076859,14.882756498715398
2.020189301355808,2.100326566843496,2.098602580288885,2.0986936310083566,2.09860247884149,-12.605957047765765,0.9784870803349929,0.4125226285238332,14.585734881860258
1.205440400735495,1.5036569075848911,1.42960278415784,1.4339494452444876,1.4297847716312861,-13.220465758852828,0.7516766452353042,0.43124964399642174,14.845461339222455
2.0322363711077633,1.9097792117447243,1.9268427237699983,1.927798207573306,1.9265295673524414,-12.976133207028546,0.8606572934238382,0.4342876209021373,14.885167817351896
1.7890996175061056,1.6335294612734121,1.6546759253976984,1.652085546315621,1.6546812883923083,-12.71897047294238,0.8640712033954873,0.3896871887422305,14.820800221525694
2.0157239717265485,2.155625424533637,2.1596581406668225,2.1593620557870628,2.1600141013939322,-13.014081706958187,1.028825405685719,0.3961830174715798,15.055420578521543
1.9982441755462415,1.833223037127198,1.864373664548369,1.8619324436469884,1.8648236540371843,-12.809587549610736,0.8112325019715423,0.46037677704123153,14.712637671094617
1.4232612644118443,1.1694940264087887,1.1802385415534657,1.1814800880955587,1.1795943172593983,-12.97323333375097,0.9576599594603805,0.4646778986070851,14.813220784881098
1.7574702741470658,1.8588967449057552,1.8748726428741027,1.875393785006658,1.8747702481138475,-13.032676300502414,1.157512115415682,0.4308112119587288,14.90719625876961
1.6924624246564675,1.8283107136633718,1.8234174276923445,1.8245798426556887,1.8232914420681618,-13.083070205682839,0.9639797747413769,0.4589128112215181,14.845807494324644
1.6531388917390146,1.7175278288665614,1.7284860074669883,1.7298216356224982,1.7287691539855228,-13.221111164374463,1.1701872882094524,0.42459325359726674,15.126748496938434
2.338617582659132,2.269650387522642,2.2605836864396984,2.2609886361811284,2.260024188624455,-12.966933202440618,1.1314639672528337,0.46457043175532264,15.005106503820935
2.1007618338087815,1.801535753576126,1.8189785309103714,1.8203458915074013,1.8193042129057666,-13.27637516123165,0.9417070286096596,0.4403294078441738,15.230607019821331
1.6617610276858015,1.6983649275582529,1.6906932888546145,1.690729191576064,1.6906643222394915,-13.589159274784784,0.7904147172741093,0.4319643684176292,15.428574565812973
2.3773828089490885,2.33492800706543,2.3291619679344073,2.329177199496863,2.3292095642243984,-12.83860963269143,1.1358159472001352,0.46829063906132623,14.966288801883106
1.7002686153863875,1.9782608113650257,1.9926885909410668,1.9943531101251257,1.9931484795679513,-13.302138955156305,1.0518999446198458,0.46047232750030304,15.19901563700464
1.2623632523497164,1.686627768175257,1.6690500413823508,1.6649143176830363,1.6686639371970515,-13.328331766403641,0.958568944285375,0.45151398863379166,15.050884309716952
1.677729510614792,1.7936385757825268,1.7772590769920293,1.776599796929529,1.777793474770923,-13.257991932430238,0.8586866457183929,0.4178876090785339,15.20677998953409
1.8957916380300275,1.9977408307906752,1.9902760346235313,1.9901019323621807,1.9903865154316143,-13.175133031263627,0.9267792518507694,0.3406685215569084,15.089064934344751
2.1780237269183074,2.286808193286993,2.285353904063759,2.2861998704751993,2.2853250447028555,-13.108863873480189,0.9866314624525109,0.43586463484755866,15.298401624888804
1.6270942685869128,1.8855151077366192,1.8193536860075799,1.8164285551899984,1.8178020723590511,-13.58937970195987,0.7439779936218278,0.3848434277613324,15.230237898997535
2.2785074243992103,2.3911615876002847,2.400508195361514,2.4006363487859304,2.400485858963145,-12.612501675539686,1.0829672645523711,0.44542502406628304,14.851087000577087
2.1623444684880253,2.437515076443497,2.40325473430611,2.403732517772299,2.4043012247307343,-12.494594254629984,0.8754941801671983,0.4000122617543334,14.476588541003261
2.427814701623614,2.4525513070425045,2.4477867139089944,2.447879266112021,2.44778462895893,-12.701941446468563,0.8073869452648607,0.4252850126097267,14.872732536055839
3.013099239869532,2.695982719362093,2.779500691594131,2.7807812020954312,2.7786859632253673,-12.477854913223958,0.7366331716228633,0.33103082890113167,15.065441257072703
1.7674379980979227,1.8289658098880939,1.838757907872146,1.8387880477835465,1.838671329536973,-13.307833765827082,1.1591491343369553,0.4195191715607916,15.189383764426312
1.9967762654020553,2.268162572855185,2.279397158142615,2.278676854210191,2.279837945244603,-13.30947282611312,1.0413970232797034,0.46499960037899063,15.26330855905241
1.2832277411748123,1.286497334711823,1.2864426901800032,1.2864459914854272,1.2864386335420215,-13.024550285305919,0.9832870565708587,0.39283190740337987,14.71762338139003
1.2701586139916299,1.3267368664383639,1.3224151477807395,1.3217633277916325,1.3224047649368922,-13.409717322365966,0.9236151971697416,0.3558229236469966,15.02534115289262
1.530482858165588,1.631016560314369,1.6253116483709598,1.6255206801629685,1.6251502798629895,-13.405841847557573,0.9432537365930654,0.4604116086284886,15.210181877613367
1.8222630863446756,1.7620737830744762,1.7696260050791253,1.7698965194478415,1.7694463881258535,-12.744384826259818,0.8745255121039475,0.4070915536222514,14.843401959928515
2.002671069261909,1.824594744327804,1.8406128657583114,1.8393541058330742,1.8408273662749859,-12.541148511391567,0.9100491239560625,0.45754589617215174,14.571653202400412
1.9957103032825956,2.063415107138801,2.0550986968324363,2.053989887002028,2.055204513482554,-12.74957562560997,0.8771666139964236,0.45216824504921294,14.735597900402261
2.0864204686824555,2.2209521021098744,2.2034963407381722,2.2026483436054485,2.2031119563299555,-13.031343295840077,0.8702479043256452,0.3947892952330412,15.063033926923207
2.1911590513398207,2.0756752101649933,2.0530696463659432,2.0530277397780035,2.053577382604506,-13.045876615324566,1.1957465526698923,0.5103316119893014,15.178587093740243
1.9771499766019858,2.0119960934081806,2.0176683434769425,2.0159995487339124,2.017121614792808,-13.019573874704227,1.1627799763258944,0.4627807835687303,14.977371876523366
2.469601206070914,2.480207541816468,2.479684952853617,2.4796634118674574,2.4796217575587356,-12.757754987449108,0.9507286045447237,0.5076082930105659,14.964108038482859
1.6886185372905755,1.8782808489047436,1.9085740589345748,1.9099608472772407,1.9080643483176452,-13.07265767188554,1.1597218222851666,0.42409261950087873,14.827567287963175
1.6059885497331494,1.3042402566490758,1.32844327238453,1.3295938264393121,1.3271105534639516,-12.825596058000047,0.9197907120266259,0.45849786554469296,14.860543043898565
1.1949888784138718,1.5792263728677522,1.4957418525267154,1.4944981740166734,1.4973385752286075,-13.906216677790933,0.7827267730347498,0.3387618810164883,15.351656124238671
2.2963031699534118,2.6353931758135825,2.662012282268536,2.657479859486507,2.662563977778012,-12.741985643963737,1.0785015954316581,0.38981051119851096,14.80055713949765
1.740728515002097,1.862289921675052,1.8667231135630058,1.8661496313644677,1.866036654410827,-13.067366750582881,1.0364687445570744,0.4624964926220107,14.997259926801302
2.195962300380671,1.7267867028688642,1.8038969130665965,1.8061530190027644,1.8025637940192842,-12.92729316193535,0.8356474407307773,0.508457123790134,15.007302689845936
2.2339884222097206,2.157909131563495,2.1560533955227266,2.1561235904236957,2.155617165475314,-12.861544433845868,1.0243921312226574,0.4342679796386212,14.939669822038962
2.223684556801014,2.091550552613315,2.0670194784416784,2.0637255507365637,2.0672039994397693,-12.629890914303502,1.1856529991839913,0.5028794715539779,14.714212030996304
1.8977485239015373,1.7821820885013606,1.7740306075634504,1.7745611023691388,1.7739007874887278,-12.994750029485509,1.0705350209140199,0.4615497389453468,14.875643965426342
1.9424662087863358,1.6917700291302415,1.7357524054509441,1.7394710177812165,1.7357749031362153,-12.783285835656644,0.8245590484025799,0.46163149943650855,14.68592953022463
2.3693553405655545,2.3746006418727195,2.3746730383859127,2.3747971434220867,2.3746723880117884,-12.433358284463498,1.0138021648242155,0.5087384499920027,14.556464996233206
1.785554731351986,1.7886815206605475,1.788896255503775,1.7889053070584726,1.7888878028880932,-13.177921940473382,1.06867582751431,0.4435963965799542,14.937590705807047
1.6911013540985331,1.6947427015674819,1.6940589155365156,1.6940613789135681,1.6940522297612655,-12.88206806777512,0.8122162093023142,0.4281094619568633,14.775052146817147
1.8140018295568594,1.9885727353508136,1.9529571208721292,1.953226316774843,1.9530546222793426,-13.58284764379927,0.7959819574934045,0.3751412277352088,15.402581866296407
1.819593803059214,1.8987612599486334,1.8812063707398161,1.8811803204022988,1.8814596475279728,-13.032132595971829,0.7782562444397008,0.4036809401461067,14.969924540322406
1.5633685761979035,1.8165783985194484,1.804870553489136,1.8068101336801277,1.8046537213280498,-13.329169967663681,0.9537622793501096,0.415938681978262,15.073554886272591
2.509582338840246,2.5362852454635654,2.5346703970727984,2.534975872661212,2.534647197589517,-12.886627090679315,0.9395253702697088,0.4272213886699609,14.978405966863834
2.4626481893093137,2.5730895723364986,2.5638614224597296,2.567032128355005,2.563874551333437,-13.075330156652921,0.9164430069252384,0.4069135664879428,15.179800388090307
1.788846853770803,1.8118745786846366,1.8064513369608681,1.8064826334307287,1.8064071802688724,-13.245817973153695,0.7644907717083853,0.42268269734115493,15.073443356419762
1.478414906758895,1.5903855504243858,1.5780291813144585,1.57914955282659,1.5781825762213715,-13.115288340251087,0.8896463509949851,0.4257877119988478,14.963411530950117
1.919482814829599,1.9159592689290956,1.9166373733761162,1.9166165542035658,1.9166409780547884,-13.159178301763992,0.8075505566922916,0.35066398323485143,15.02062963775297
1.7334498029175605,1.8050117281874187,1.8144743715607519,1.814129842218806,1.8145148755628706,-13.226814100086568,1.1322301396678474,0.5089494913681538,14.892906015349608
2.1602134530434807,2.1408844740820436,2.1383966897180517,2.1383468494373306,2.1384595946025344,-13.070364489911267,1.1287074898759824,0.512614698392198,15.243827576128156
2.2978221102960825,2.387943460769255,2.399558842833554,2.400668484781462,2.3994551264341055,-12.989291359156631,1.1288860187215675,0.46789656015510656,15.073826892474504
2.3556056565353978,2.3549422288572,2.3550927436187474,2.3550914947536468,2.355094014063048,-12.370215978258994,0.773125592292477,0.3225612039228573,14.580154143410564
2.129385716191913,2.2818599795826326,2.2675512881003286,2.2660515755440933,2.267222859527859,-12.957864222027805,0.9061566774345625,0.42109102756984396,15.095491760651875
2.1660560528403745,2.0099473145920883,2.029304773919524,2.029307522556927,2.029651215748347,-12.527444389947311,0.8760001551184871,0.43421895422130746,14.735098693325094
1.934480492162539,2.028287068695369,2.0242011217269615,2.0207001109305938,2.0250383897903226,-13.063910394085932,0.9564428516696072,0.40261009218938154,14.851439277805646
2.191326921365576,1.9420214624704628,1.9431234117256877,1.9440945064622854,1.942712809678767,-13.0027666347885,0.9955799232792242,0.5117219974231343,15.087078873213198
2.4141181191825565,2.293848200636869,2.318971328699199,2.3188364430128896,2.31772813990849,-12.688827895997148,0.7911104591561929,0.41185850138394736,14.94781079954143
2.6047358038666304,2.370816135223242,2.296577254008532,2.2945680699895403,2.2944043708545654,-13.069756906856355,1.317369127808948,0.5167129636284534,15.180169929348107
1.4586252620573439,1.3989631862139915,1.4024049287241072,1.4033393660347333,1.401737986917184,-13.223642610799798,0.9423127261084112,0.40338433596521855,14.994371968159175
1.8033089369409816,1.7419411258057724,1.741448445443805,1.7412651807627697,1.74141967509447,-13.495515717467125,1.00802831896484,0.45608180019158856,15.412074240906504
2.372986140297017,2.3534509858377235,2.3624782698463793,2.362512192918855,2.3625446057202844,-12.782622296135344,0.5378954373016861,0.30481485117346496,15.103081880908391
1.6842678842896859,1.7592336962567692,1.7514369639540208,1.7515696375949235,1.7514523287237382,-13.470341426114377,0.8959961601406777,0.4148894369871461,15.185527547015708
1.907727105121407,1.832836731822927,1.8317581592341576,1.8318967237041206,1.8320085402577355,-13.32791793622351,1.0144020191282879,0.5085851533295724,15.367170981045302
1.5996908843973883,1.8958384468408922,1.9169948628698958,1.9150383348483935,1.9169748941752587,-13.483059681754286,1.0714387646970394,0.44284963392389093,15.11953366315122
2.5775097402032685,2.4979938646089863,2.5098642586675433,2.506758553768683,2.509822285216581,-12.549729148253292,0.8507166780238389,0.39963752183162654,14.768189503285758
1.6780392462866347,1.769878161291694,1.7655131324750553,1.765567892328108,1.7654047239406183,-13.251481048000358,0.9524708146171149,0.4399026477241289,15.126587097044503
2.85198048961862,2.5770061417974484,2.6286560831940293,2.6297707415311002,2.6264539393412427,-12.521294503683363,0.8121645098684982,0.3638400676664231,15.083784185337763
1.3880192601894543,1.5688859986785588,1.6124391266887295,1.6133167838180151,1.6142829398536038,-12.889154977352918,1.240802307676899,0.4651320957057118,14.562599527762575
2.1831117891693594,2.174524945775266,2.1767251917914567,2.176711172690219,2.1767317956049164,-12.729686681568523,0.7437654426416292,0.39298440463926243,14.888405010728338
1.4122945979025228,1.3131440200251843,1.3192321347941502,1.3192289447727332,1.319160764673942,-12.947146011954477,0.9385972840572078,0.4228494379410573,14.491284794798467
2.2216971869167956,2.017042168255318,2.0430601579188696,2.037399159205478,2.041170597230324,-12.627782179948962,0.8728690367149579,0.3457074347485557,14.634002896574817
2.559152751400461,2.681553043183519,2.652076180179429,2.65137417911017,2.6521917345119514,-12.347067540881662,0.7591765299355961,0.373872381096473,14.572711818863377
1.865986913606401,1.8014013245258904,1.8031916067517129,1.8032102662859804,1.8033464772565395,-13.005476230706305,0.9722804691989348,0.40719531497998934,14.888668256444383
2.2292679690851265,1.809052446966974,1.8341848218148493,1.8343399591979144,1.8323202803201575,-12.910960017645376,0.9401917027691119,0.48648131441810266,15.184635524892991
1.4296204463545432,1.5746836682991547,1.5711816575543025,1.5731285570342668,1.5719122347254428,-13.048843947842542,0.9758587276781314,0.4413050635939624,14.852921447306878
2.076931864898331,2.2043774347107545,2.2336588724623407,2.233067823774914,2.2346673235848735,-12.664661246491928,1.229756419110391,0.4471321500515193,14.65979305503368
2.1499330442429905,2.133827044054999,2.1366846318749064,2.136673217679304,2.1366920791081165,-13.000876029001263,0.8225761960416713,0.4197530448684984,15.109759440024812
1.551498227176418,1.7720153183814362,1.7495511707508296,1.7482300768892747,1.7510010237110971,-13.264952651942146,0.8981296755373862,0.36897976647481584,15.122196160893893
1.9738533361900372,2.0161338802014757,2.009982853285867,2.0096612047604747,2.010145968452497,-12.414991144050399,0.8545187376504749,0.415786663271605,14.504972298397716
2.3598480340699837,2.4855969680911447,2.468187196694749,2.467830352405853,2.4687903130618825,-12.380274977588158,0.8615513401213661,0.40789515394823916,14.641303193298628
1.4417513983993564,1.4848805374601712,1.4764038021344255,1.4755034967479985,1.4770280610177124,-13.387415532690857,0.8034568852906427,0.4530043261614608,14.974965603162666
1.9897080631551245,1.8865798131528113,1.8768802440241088,1.8754456595858409,1.8768027753183476,-13.112792046281045,1.0940534638034174,0.5002650953321687,14.967687319177964
1.5319942126939088,1.662504374427118,1.6271015047184998,1.6271088197017647,1.627263906819051,-13.409129098439783,0.7287347648760956,0.38728496005150226,15.147517566366812
2.227538939380417,2.121754444386786,2.107622649395714,2.107663041765837,2.1075356867563704,-12.345847346269716,1.1335904188219854,0.46280586831681697,14.522051774192798
1.9149875018383007,1.7963733421841968,1.8086537298084204,1.8083818385639427,1.8085535071967644,-13.156867387247068,0.8964677770340775,0.40247557255712946,15.06021997413457
1.9128990039202516,1.8746394991448783,1.8869988703466525,1.8870264743505882,1.8870235521325402,-12.565307361241217,0.6769594568895252,0.36251046723566255,14.579346989134129
2.0564277147694465,2.1231311604875582,2.1086115690728775,2.109592372783858,2.108623091517077,-13.221890697208709,0.7823262163091156,0.4015419445628213,15.250119632557903
2.0883373796610525,2.055892464391194,2.0491564432687968,2.048979245737381,2.048768595484273,-12.89219014265211,1.2076140765470484,0.4797968391130221,14.809642654971475
1.531649103094387,1.6782990776007736,1.6436063907525367,1.643320734393181,1.6436782248099298,-13.23014107544751,0.7634320294632829,0.39042934655163875,14.938706698961095
2.1744988751998195,2.36280691637544,2.3425122160426923,2.3450667991152017,2.342541973973871,-13.352322323770526,0.8922260557433048,0.40047371965463363,15.34262757164936
2.1726830885839306,2.264701005021995,2.261509320113865,2.2615739332100877,2.2615154280076317,-12.825223846868761,0.965314527521643,0.4955150686863352,14.870253050486259
2.396237433644055,2.2195974647325936,2.233698725284592,2.2330594651187066,2.2337999386479477,-12.40671262918421,0.9201694801074963,0.4575817232690672,14.733279924319904
2.128887681101567,2.325042923618292,2.297838724565117,2.297664537717435,2.297653895815211,-12.898432623921469,0.8613129136691048,0.4004449796915729,15.037207072664888
2.104115488684033,2.368000244692899,2.344047600828751,2.344720632909726,2.3468366397829166,-12.954325749902939,0.9092306648310403,0.38864150659381186,14.994116083384702
1.5390667563830818,1.575231547877477,1.5764193054893756,1.5761230410409965,1.576091939704582,-13.132434154955629,1.0328429271348576,0.43078058230554145,14.864342502652557
1.8409331077350406,1.8512018321924508,1.851781327558239,1.852003718584555,1.8517709708867813,-12.62129779998665,1.0564330427008572,0.45341828868837675,14.63364463988732
1.9289201615302913,1.828947163056949,1.870543578711513,1.8706405229516554,1.8704133217029413,-13.159097246241975,0.5839234964463351,0.31473793918191345,15.088146333660054
2.4033266800499122,2.2573837667435,2.201769583310055,2.203694176106807,2.2031249194891585,-12.911445181884957,1.3810680640359805,0.5164726277173001,15.142292322970572
2.5847165751925036,2.3026084058647696,2.3931516414401504,2.3872215058061563,2.3929869966723394,-12.873866336098924,0.6790478071189997,0.4170258745327901,15.158387759225997
2.043264502157153,1.9584592047202671,1.9556576950961138,1.9553494062054486,1.9557393205934774,-12.748210371623259,1.0330346064317286,0.47843757103209883,14.865869503877647
3.0259408132365144,2.973077412104605,2.973251846851722,2.9730499989352253,2.9732937462127813,-12.437832614592004,0.9967002738495538,0.4568106647832274,14.989584916545601
1.8389154593628247,1.9534517983332913,1.945926590297341,1.9450467610538444,1.9449086135892915,-13.250482200231456,0.9342985108168058,0.4370266966853339,15.18404238967938
2.012994142226937,1.6959281227327319,1.7484846903859208,1.7502537612236153,1.748694365432888,-12.984480329465658,0.8342409327337275,0.3693285247784599,15.189954484243195
2.447958670687208,2.3068742739093153,2.2627427684265755,2.2623034658602172,2.262855009247531,-12.38879141650388,1.3128021701238501,0.5179514133372746,14.66155578528387
1.9561674301828507,1.69076159804018,1.5980855024555023,1.6007861538732224,1.5958688281647828,-12.79017288896736,1.3491863567446392,0.5302314695136161,14.723996068576012
2.086519722968301,1.9860923406331217,1.9789176893827436,1.9782583711687176,1.9788737039872784,-12.856450230470323,1.0714411854969261,0.4850710645343624,14.893528993316375
2.2060018927054346,2.026918177069064,2.024025412911357,2.0234171790899467,2.024821507976286,-12.98152165162552,1.0161531390357135,0.4590130173286483,15.180136988546183
2.55130788102864,2.6046316551934927,2.6000485252831083,2.599223917040486,2.6014520029684305,-12.664802387166047,0.914050909145796,0.391641910097764,14.979473318452921
1.50019030498362,1.230669001421502,1.2925845449375095,1.2891821380484634,1.2921873437183446,-12.775635907814896,0.7702758828422758,0.42934624614227623,14.581673683214149
2.1930035513953765,2.330398030325914,2.3501833949936364,2.3475206575495884,2.349618223777656,-13.195339640821304,1.1440040736842465,0.44534366652853774,15.371199686849723
2.020287799190877,1.8815467196749924,1.8856898805675992,1.8859450916553153,1.8860250028142407,-13.213173295864454,0.9701374610384823,0.41803529971804665,15.181496768422557
1.9360099734221612,2.00049527680369,1.9940839476512966,1.9938749847428072,1.9942384586853383,-13.116553973798677,0.9005768940178465,0.4198796670233405,15.056664557562467
2.2439351460865944,2.5440888461766056,2.5696186205988285,2.565108358801897,2.5714715766868887,-12.605882261989061,1.0850556711930135,0.4620596395351665,14.559475794028806
2.124064691134384,1.6621200918185521,1.7130661073377937,1.717487924081967,1.710396852417512,-12.866190078872553,0.8897140142027943,0.4711382541369327,14.868277377418336
2.032158044060081,1.9839196225627898,1.9818934503146568,1.981866779847643,1.981857617698564,-13.009404002176442,1.0420032867005544,0.4701671294673828,15.100778132225756
2.9898222697830508,2.9083127544445952,2.922060570202868,2.9220191684177568,2.9222643088489852,-12.54817252750823,0.8313348361698929,0.39345289314430837,15.012485057713631
1.9503894338945222,1.9636017512293835,1.9617698015404839,1.9619796345232252,1.961862183469115,-12.914588956850782,0.861345315702756,0.48371217953574286,14.783581130491719
2.3339002037158316,2.3540963152097865,2.3523688869480686,2.3521493197809917,2.3523636217500092,-13.325186804369219,0.9144672843465261,0.4325743323974338,15.306747583550509
2.098611980687065,1.754072440320132,1.7137459889432818,1.7154141907258795,1.7117597133587492,-13.551065859502945,1.117044480102061,0.4387215341952431,15.365364052930936
1.936929960531164,1.6979991567609067,1.7413555477634506,1.7367470018505016,1.7411768775688894,-13.110987724413103,0.8185399692363114,0.40761855280985376,15.184484614951444
2.701275822879218,2.542850116713473,2.5469169245065078,2.546192866431509,2.5466873201470506,-12.532935395848906,0.9743298742895912,0.47915988149126937,15.044281278137419
2.3307982828042912,2.5357128104905824,2.5088264830837574,2.5057677607504996,2.5093816190663114,-12.445320388507815,0.8687924779643483,0.38437396746973435,14.538880318101183
1.5410989510315858,1.4274977358095609,1.4408553080149231,1.4413119647794286,1.4406795318435655,-13.57183647753574,0.882416995458581,0.4354008261545531,15.36244859869076
2.0522331120492643,1.8762457056538344,1.8767602888131616,1.8775614482317136,1.873635597248729,-12.400050360451115,0.9970760228253455,0.45018629832673523,14.544746539889609
2.1428657776307083,2.0384443142398823,2.0517003638332474,2.0518661383146872,2.051481261902083,-12.93053639326785,0.873052443789727,0.45405629810761106,15.015040687452842
1.9762793145282536,1.9860801345622288,1.9871464029561379,1.9879084319977423,1.9872042354126573,-13.023976229333092,1.1087937938062358,0.4809803049905006,15.165074748177076
2.076579483267447,2.0601655861987656,2.059801345683965,2.0601623655352173,2.0595745291568806,-12.802249895128195,1.0221909832428562,0.43779767632884464,14.936076220993339
1.782934496073817,1.7111776630384044,1.6947521903020635,1.694321147314296,1.694380973956882,-13.036052598018664,1.2289046497946081,0.5023052575540679,14.9152618617984
1.455759072648927,1.6744260996665659,1.683828072239319,1.6804550701026943,1.6839452004462727,-13.4621650615958,1.0429967549336743,0.40579328962904615,15.15464273947162
1.71651349884869,1.7341315787893299,1.7286112130078757,1.728721363417395,1.728607010470299,-12.720175299036594,0.6866647330438533,0.31282390897966733,14.701373859609275
1.3599798401170964,1.6008604766268135,1.5959111005131934,1.5961548917076211,1.5957674924228238,-13.537418366367131,0.9794529930452945,0.44471662700078246,15.1894032897566
1.6574128754330444,1.6080776003840962,1.6103313327982343,1.6104331747337934,1.6104993306511957,-13.208403370742197,0.9543180328496813,0.4802340185167038,15.075368328722442
1.8937418803155803,2.113026266025292,2.079110712971442,2.080376623269124,2.078679463559355,-12.859222388891034,0.8453353030856174,0.4133379487149915,14.69481630943185
1.105645512541492,1.3296838037546292,1.3196485674650158,1.3196319855209258,1.3203382593415702,-13.175360329107615,0.9552074949542146,0.4783868482810409,14.95449230770359
2.2614187464153455,1.973103134837023,2.0249583417255157,2.0253633637164254,2.0243233384860795,-13.07739648836201,0.8201442974085886,0.45856901359637026,15.13283064306477
1.9835484924091313,2.1432456948929253,2.1306290024663075,2.1295122411673635,2.1301854556238995,-12.989079803098512,0.9209961587905848,0.4236660622691354,14.982705727876368
1.9774226167783004,2.106806962841375,2.122754479734947,2.124436564156273,2.1244998604639616,-13.21566648403769,1.1232569269685657,0.44157978710073426,15.229334771948775
2.0242063620287176,2.0817682768874812,2.092064920288081,2.091993335594292,2.0922451058781157,-12.90353802398187,1.178879445304507,0.41186734718947393,15.074766841644896
2.22363793347116,2.261796736074446,2.265996077706383,2.2659394849249876,2.266077940441023,-12.881916559679322,1.1100490934056242,0.4662424359998158,15.171412001594756
2.088244969277467,2.1338207398979785,2.1451874815868752,2.145538958056693,2.14509449027365,-12.730365213771014,1.249403170459663,0.4886375819638193,14.774858048259993
1.695380532963835,1.8726906652718538,1.8554341424933547,1.8549107875225401,1.857475074017814,-13.695831753962288,0.9026760481543081,0.4610085032487477,15.365809262436114
2.0789164351140905,2.0045767166638244,2.0155650708157733,2.0147035565527958,2.0156060606120927,-12.774170986168071,0.852187304700391,0.4739215824270908,14.720583789630563
2.79572750975924,2.5575629453028474,2.6299362651151323,2.632590703348603,2.6306321532101844,-12.395634757364569,0.6961205375893074,0.34347029037855054,14.917188909258453
1.9278642649353988,2.336023185461953,2.3112946902322182,2.301068634006802,2.3104605415293467,-13.258039823353858,0.939414541772521,0.4294035350267363,15.102872704426295
1.6236617242704232,1.6148011227817443,1.6144711254566138,1.6145286195810153,1.6145159590498679,-13.140190280916471,1.0372432193855843,0.41563660373020367,14.961413257972577
2.279049818217133,2.1727954723870595,2.1795396513299705,2.178741192441456,2.1794289017636705,-12.950118478598478,0.936527970783463,0.43698612602653386,15.043401441369632
1.5442362950077986,1.4362620329979296,1.4237157137537035,1.4253861995863915,1.4223515636408117,-13.222382587761828,1.1161973141625123,0.5278775955937689,14.939616122685639
2.3118731502135423,2.2272324914537265,2.239069605675797,2.239298331639632,2.2393800862118827,-12.703344058531389,0.8601486047543554,0.4222667165500681,14.795443941256908
1.718765882994101,1.5398005177034024,1.5140138362691142,1.512259166739349,1.5139588709150842,-13.298626201704034,1.1440875523171932,0.4773897296138087,15.116617679944449
1.2894863551908067,1.3070637049735097,1.3067556395758717,1.3065974706065613,1.3067183237468178,-12.90351468471475,0.9824737288927917,0.4182046770066736,14.789950955993058
2.5418426686336137,2.6473184320688943,2.6638726142339824,2.664874982592995,2.663679688421607,-13.129395686069595,1.1569477349670436,0.48172432224327477,15.342731404126772
2.145547485537925,2.1208497370165746,2.1151094429663706,2.115093513316447,2.115112196292391,-12.623533589792473,1.2324217547701417,0.549659673055414,14.719384122365204
2.193835753930859,2.2792686382689316,2.252774311117597,2.2528517461968054,2.2530751898977193,-12.86103213204349,0.6898813921991476,0.4045205936086933,14.989550706178745
1.7773838276369869,1.9938954202109394,1.9431935369325093,1.9432664004634201,1.9430232583708256,-13.668360007816776,0.765823701744229,0.4019530077960203,15.380628868334579
2.2262282917984364,2.1530971244291894,2.160666531575264,2.159734084359451,2.160895265827049,-12.50888019161121,0.896495469464398,0.5056411703191905,14.513760670619586
1.6390586667339337,1.911375126840585,1.8239617566176014,1.8237853408871925,1.8247985748335,-12.711359271863135,0.6790007839087335,0.3923350656870373,14.559689789998789
1.8921146685743708,1.8748672641580346,1.87753921312308,1.8769285290581734,1.8776538510525325,-12.56918052494042,0.8450810973902513,0.4001015283117167,14.522631607001042
2.3112785847596533,2.2502642071508894,2.2598940622589376,2.2601383299441,2.2600774189052126,-12.892971103829982,0.8421707229434248,0.42274329381554093,15.25100100020322
2.473868873007559,2.4067860905228162,2.414099831238137,2.414745083495731,2.4138483658928678,-12.644455759985497,0.8909743984310048,0.3607149250270163,14.814606783137775
2.055227523937056,2.1567904152149433,2.1263467553308857,2.126491726624522,2.1263173304320455,-13.25969631479372,0.7002481959600771,0.35054756406607146,15.23412707395334
2.238434171793819,2.2653717885688227,2.2752137288369063,2.2752880433077087,2.2751724952909225,-12.499154350010183,1.365360467865049,0.5308511037018452,14.792059905218812
2.040844610944601,1.9319152105622956,1.9327447720348783,1.9324881384271873,1.9329172101014833,-12.561712266478589,0.9923844116494663,0.44221934812915564,14.812350502734246
2.1084279943284843,1.9615469714489997,1.916842075241721,1.9163008269456978,1.9172260735168947,-12.768009972712234,1.3043612805172153,0.4840945002801657,14.754579290972769
1.6039746330610833,1.318274262972958,1.2995914886256337,1.2997777153203651,1.2987510873930566,-13.907944226965729,1.0653928951564233,0.466781807131849,15.57336531503266
1.3958087823001728,1.562770827484809,1.565755524004529,1.5661440307791183,1.5655794014460191,-13.831409152106726,1.0178764971189638,0.44481240979652453,15.555581970396588
1.5491281596554576,1.6057832921542314,1.604357477426642,1.6046688668597273,1.6042355076917127,-13.06636373939175,0.9748334411252165,0.4591491072313401,14.845704964999713
2.5872994287181026,2.561143192078526,2.5676706018377593,2.5678143564000857,2.5677891284625183,-12.62748216061344,0.7504453775526121,0.4257903536871424,14.879632486866473
1.9350453877083267,1.8911406165380178,1.8868385431572252,1.8869122486838064,1.8866772477100868,-12.985002811987318,1.0979864663023509,0.5063475446947033,14.962032055302275
2.2129770621851126,2.140614885149521,2.138217465747487,2.1380809744782203,2.1383083950230883,-12.461700611519248,1.0331308357521563,0.46924706890201473,14.561504600782897
2.1284013888212088,2.0767500213165198,2.074567718215362,2.074539641247793,2.074630926133587,-13.131918199063525,1.0422506354930365,0.44460782652260156,15.129340868361915
2.2831011961857723,2.3042167097877444,2.2993507729279337,2.2994001752634046,2.299309843095055,-12.873910445936275,0.7695563105149512,0.4040418188708837,15.019957145256049
1.852955300241458,1.6588284998637677,1.6586484776936097,1.658659852457868,1.6587116152822166,-13.063556375052677,1.0009273432097354,0.5387576895982651,14.890766932443476
2.05480007882404,1.9944091669344186,1.9983553985464029,1.99904759476725,1.998211941710197,-13.156479642433931,0.9346552074060885,0.41618931633881856,14.962771051498443
2.2312539456917735,2.3917311545960827,2.386569728454388,2.3856294138780503,2.387872700071366,-12.46802537601083,0.9678370145085754,0.38483334910257233,14.608670933447215
2.032044526880178,2.096062894094369,2.0975864791019627,2.097524308487444,2.0974511295296545,-13.128463863832527,1.0237991856695754,0.43729997272615007,14.98921035815181
2.349448509913084,2.448893036819217,2.4265248157925177,2.427749435768809,2.4262385193384954,-12.570353784810255,0.7750683549652503,0.4175318681280632,14.782114667953742
2.3494117390338856,2.3123494321699565,2.3151098374923973,2.3153903935748947,2.3153184328353458,-13.067939442429498,0.9255198729918286,0.3943397179864722,15.27539103540319
2.2110324264442878,2.0262306842689295,2.029991531827446,2.0312830315592603,2.0285745052537703,-12.854341600231942,0.9796492851515008,0.42512380174355247,14.913880303049739
1.6398395617812909,1.5123472496000239,1.5483570207120643,1.5489526191825134,1.5482709813072113,-12.899570905080171,0.7175533920755843,0.4517926794544013,14.771469286304374
1.764045184972573,1.8925181676376748,1.898246570674211,1.8984969887406697,1.8983751732482144,-13.303185308284457,1.0445883867386299,0.3589771286308517,15.266893806615258
1.041164836279199,1.1714139737169118,1.1708182172797288,1.1682657285536497,1.173866278064792,-13.334935609157686,0.9954260239345684,0.4699787976445076,14.796454609403824
2.443624543608823,2.276140557724735,2.24334997088831,2.2420960679570245,2.2430839272405745,-12.808176145199187,1.1957834157297886,0.44656573456247395,14.877504711804779
2.334279521699891,2.340061336211191,2.3393901676301336,2.339383961734381,2.33938346387643,-12.62809643625311,0.8839173100858384,0.44658285128943126,14.90011328094406
1.6519220329372453,1.4923614502362277,1.5000864115769987,1.5002908111149393,1.499989844501104,-13.399624931972301,0.9515860295192903,0.4155972122158907,15.1815511103075
1.4891133898531153,1.38404165578142,1.392308796571793,1.3922039787964462,1.39233841095874,-13.548692498431695,0.9213190791661331,0.45085501780479337,15.350177917513115
1.9741488938457987,2.0641289923913853,2.05896468712453,2.059431224488202,2.0589320803952784,-12.843120230648466,0.9426061390204111,0.43376302096880975,14.721738101879533
1.4627646045874536,1.7346601984589751,1.728504053566896,1.7259625312171143,1.726923586586596,-13.96459373685792,0.9773584234874061,0.5350131591273225,15.593171563556348
2.0157839671264535,1.9152065016369038,1.9172073480898528,1.917954898049199,1.9180328630701082,-13.310601750556657,0.9801064140639224,0.45918370547171194,15.044142365224348
1.5164016650332757,1.6677674756289145,1.6317042870223502,1.631750005780457,1.631594581240292,-13.394575191869736,0.7617481222169497,0.39884985537576173,14.94717997986261
2.1419792494104852,2.5403110246901424,2.4322989272611317,2.440969556053543,2.4335626758923157,-13.038204601467916,0.7288388621440542,0.3783238963569648,14.932287982242032
2.6279952278134244,2.9568067094156394,2.989507975191807,2.9864297477830304,2.9915206707607833,-12.918730070344141,1.0994529315607302,0.41353309331651356,15.1332780369437
1.6263482191365384,1.7497652910796306,1.7311279671086042,1.7303726725471644,1.7326285655300342,-13.263293543649127,0.8489890930193204,0.40081330109267277,14.9750326618613
2.1403348217694997,2.0928313365627735,2.098876152676505,2.0986841572097865,2.0988405076991947,-13.013198014846559,0.8727500500768338,0.4480124727908447,15.078315870683014
1.8405772691169362,1.7111160641164338,1.7433553029430955,1.7434973945237415,1.742942771608053,-13.18276556388622,0.7509737467178934,0.38100680424053357,15.18372305078155
2.051286247739972,1.7348552649163407,1.7302678769015383,1.7337527799212666,1.7289664355435677,-12.7692233000641,1.014497278281246,0.48238534527120336,14.934282342526354
1.9190185617177666,1.6935245558541097,1.7108053487449502,1.7108767735295431,1.7106851475737788,-12.605274376224306,0.9233647350196583,0.4885664300114228,14.50228161452606
1.6543594241358284,1.8481752489249452,1.8534516399162013,1.8535464891348628,1.8535366773514799,-13.153763116223391,1.0272237367459343,0.48596495577384224,14.884876894731706
1.2648522359430254,1.3511577145493907,1.3326956474612581,1.3322842097313268,1.332365763936918,-13.071265596747256,0.7860846450740753,0.3859942132306625,14.744226142648438
1.7836572292420811,1.6838246080580017,1.68789952471861,1.688112864087909,1.6880086069450058,-13.20804044207979,0.9591825135684432,0.4015015909303796,14.949625334524962
1.9697738401219247,2.1711998424540004,2.147779077371702,2.145945728501526,2.146839004192538,-12.885298214172636,0.8837252151602251,0.4575909987223292,14.927455217800349
1.6893995844588576,1.855043467467256,1.8070350861733095,1.8020017022781802,1.810647104912379,-13.18919849747077,0.7101711187758627,0.32014883030174396,15.202756765820354
0.9803876498751087,1.194435536878604,1.2169898446491425,1.2180344556778133,1.2177946376061857,-13.384198178636112,1.1053703827039878,0.3596726667799078,15.078122561658356
2.1344406585507993,2.05121706407715,2.0606948161962615,2.0620511575272262,2.059940613360577,-12.446403231033079,0.8861170058917375,0.3799087490590622,14.634235750629347
1.3268045570129865,1.3882398415142851,1.3779044500190694,1.3780628806841955,1.3778660055518634,-13.580842647371632,0.8317678256215086,0.3895033249730256,15.24356026263663
1.832644179984769,2.033438796438359,2.0996363014103574,2.099398196575141,2.099758058679755,-13.208686931239797,1.3296776882825367,0.5173808819664342,14.863778229396756
1.8572874914290634,1.8671123573013833,1.8650833475026833,1.8650792551366269,1.8650811220144399,-12.650904420195346,0.7934821884524939,0.4006049284214816,14.66529760890145
2.0164989286998307,1.9359136091294817,1.9427912183791838,1.942655636498329,1.9427207503269948,-12.957228881547183,0.9146543156201317,0.49253959224690314,14.915911642412796
2.0324360206862546,1.9236450048628104,1.9261631423914058,1.9260296645960813,1.926239231387226,-12.977904484985443,0.9768534422669432,0.4478383014827253,14.964483698228442
2.6421998882434905,2.6147896279510845,2.61746828354217,2.617494830950194,2.617376503557268,-12.530459925794712,0.9022754412942167,0.42946700013922184,14.844557693361109
1.707201458239332,1.7701179870649482,1.777394167334749,1.7773574388445355,1.7773666802128045,-13.65575026274612,1.115648151695838,0.46514795815568494,15.324996378609136
2.286584619318533,2.255340688019663,2.2590573190765535,2.258639037471877,2.2590632971778115,-12.964633662914194,0.8810447052473149,0.42004365062332316,15.172483304412502
2.2035740299257798,2.0221044250631657,2.064152113423081,2.0609826916528178,2.0642243576609096,-12.901859838374362,0.768293492501135,0.3803513972202136,15.0146700916869
2.028477299001527,1.9696809043264851,1.9786655531427664,1.9786264202440664,1.9788371412404124,-12.488749141335633,0.8471904805398826,0.4400263281991023,14.555484151335717
1.7342702646714043,2.1700013822435467,2.2121905832984115,2.2066808038630406,2.2161666275290015,-13.260732645331021,1.096823934195796,0.45449876353982255,15.003326267343333
2.2491979528476467,1.8827532482912486,1.9375527656516678,1.9368567916222137,1.9343862109032932,-12.774788001323378,0.8504562443418137,0.46759776324649044,14.962113199575878
2.662169494469009,2.4573460439329473,2.4683597946679496,2.467789130029034,2.4673772506534353,-12.763137441228826,0.9462280773701608,0.4249339289192482,15.225783041477515
1.574997857850683,1.7899232686149347,1.7512173220992353,1.7506067116094182,1.7505804046579958,-13.312762796841485,0.8199098637147393,0.40013951183349794,15.140418609666572
1.8261121601049612,1.7831363976800896,1.791259418295194,1.7912450091961731,1.7910201735002522,-13.238350713696219,0.810986003347713,0.40738271276897126,15.222232603561542
2.5823158575543625,2.5078401238923336,2.503109038419786,2.5030827049932975,2.5029374212666946,-12.456194613452258,1.063525194582406,0.4728219325066825,14.899150082295233
2.2455228368012,2.3052389299531346,2.2899546757436555,2.2881961303804603,2.289961554882145,-12.499951578812627,0.7440513368717627,0.35090173438637046,14.597070355428327
1.4685579676084155,1.9555232536978522,1.8856305112763219,1.8756636031550358,1.8951034453065798,-13.510223912203863,0.8564728443318756,0.4753581141263229,15.184733154460709
1.827231165284494,1.6707419255874103,1.685942086644414,1.6875919293883774,1.686115498607012,-12.695686374658315,0.9028676918206837,0.4896981867253262,14.650509693405143
1.5107868270238023,1.5680471067646407,1.5723622488990248,1.5711338125432852,1.5729904540540354,-13.523166174704693,1.075360130162035,0.45922970368088595,15.352679477635967
1.8759298962603355,1.8046908254106626,1.8234532864992044,1.8234127690757846,1.8234916049099694,-12.757215145918538,0.7366268135622646,0.3604262246537477,14.761708945312362
2.4937556514011967,2.3667659558648935,2.3664836998981045,2.361220168289117,2.3665622488916154,-12.91709347327717,1.0022226682692432,0.4147153381342415,15.339245359832661
2.3827750316820113,2.3232120277191175,2.328236096073488,2.328142853406172,2.328291071738517,-12.981392889824445,0.915651192517078,0.4211578440840678,15.115631757370377
1.9909942608937807,2.112117257134215,2.1226772019460958,2.1239152533941468,2.122697451212974,-12.978341625559974,1.087183649180199,0.5024470750919959,14.922937818968594
1.9374354399321867,1.8123400880340095,1.8097555992043333,1.8129619936584473,1.8100851695854419,-12.901167845001055,1.0206601507606787,0.44848660811989555,14.789330135517893
1.728764880666893,1.838749047059846,1.8234889464701676,1.8232209693983983,1.8237324887222928,-13.29899296663477,0.8612518411499643,0.4353839235674199,15.082066975123698
1.507058972248374,1.7653252068384622,1.788815591490142,1.7880974608810596,1.7892924663978262,-13.238529611631447,1.0909541453955918,0.4903394876382857,14.96790311459108
1.6983929849237311,1.8824207572267884,1.8795562035878464,1.8797776632835426,1.8795707767536483,-13.043487475519324,0.9844341231592831,0.43954394752086534,14.918852570680329
1.3995064451239947,1.7084819360631807,1.5965130043480908,1.6060194881493637,1.597469576317645,-13.372817699651394,0.6376122540505049,0.33851884022777823,15.005444001208348
1.5673131985984519,1.649895238122862,1.635869475309413,1.6342794233079092,1.6357294955200925,-12.988022936415298,0.8301596461624887,0.3810908474652368,14.701062254513642
2.134426966340392,2.241153597010948,2.2285859076627728,2.2283277202770675,2.229055583510841,-13.030095672273298,0.8822441103104911,0.3871633282840878,15.092430854665048
0.8960879383264415,1.3305006053689097,1.2831243330500652,1.289734169530901,1.2855714165542114,-13.744111059189153,0.8909417797565917,0.4341987711816143,15.257893647440094
2.3088820056527943,2.2445547757434903,2.262143304915496,2.2621982672746372,2.2622138429542775,-13.108872643661561,0.7265772333613065,0.4031469930343722,15.362123069756754
2.318633802998363,2.047858781570401,2.0935901948880327,2.093341995740287,2.092055143177599,-12.725058803672066,0.8311091877069711,0.4405488754683422,14.933028642499906
2.0047541109813416,1.9372708462776087,1.9221361716733605,1.921941170449777,1.9222158980995747,-12.771062328286078,1.2242730056213569,0.4988310354079854,14.869871331511685
2.227739759873748,2.065408377684786,2.0592834320569224,2.06061553835093,2.05865460707638,-12.87963279094403,1.0377311247232126,0.401313362626429,15.023320536700249
2.115893012624931,1.9324549709259329,1.9795433461536727,1.9781283138690802,1.9814335941640615,-13.444907275458394,0.7433009271598762,0.3732378898658069,15.29494885621996
2.483370968976263,2.334705988039963,2.3771853749838705,2.376809516899928,2.377170589687203,-13.200106374314517,0.7142609733888204,0.39411644668880874,15.410410876993517
1.6287112298380426,1.6622056483725935,1.6634921234776772,1.663429883147264,1.6634579608630142,-12.849789532234059,1.0384086412414302,0.43834261535494545,14.691068813528782
1.7073607312676073,2.042547190920305,2.0488447147990874,2.0454847609473967,2.0484977084511122,-13.488216542304057,1.0187881213498513,0.44024368436799777,15.459839252404008
2.280843748902633,2.1480095335266185,2.121755209733578,2.1221338736051454,2.1216086009664172,-12.843789369619596,1.1976472983163509,0.4052033191232883,15.08468828609636
2.7636203422932897,2.68200231564978,2.670598532531777,2.6703434203670073,2.6706106393333466,-12.355591442022991,1.139721377580144,0.4935415992291703,14.869201423934555
2.215389912520486,2.0293076859039907,2.0701921667360836,2.069520078261936,2.070000298576547,-13.21548191630982,0.7802880931968137,0.4396766768942355,15.124033475922243
1.5494506001989554,1.6544245641304485,1.64208844917176,1.641279420880963,1.6433222191216244,-13.247031920023863,0.8824840513144865,0.45063078629683184,15.002153980518953
2.1688737393263766,2.097380731091941,2.097660257535816,2.097582531818537,2.0976720892602634,-13.119848946492038,0.9960901569149486,0.46040796799830247,15.014828918841326
2.1731225895722566,2.1225228122370945,2.111697488137687,2.111996249463658,2.1111874325693174,-13.377040690983247,1.2139401528924343,0.3898588162779994,15.372638154625408
2.2304507132068854,2.261235458862975,2.2604069903587627,2.260530244222286,2.26035781132133,-13.01261338699989,0.9730883433806025,0.4812286871586693,15.129217138507627
2.42120000905527,2.3178432489733733,2.3093477112175766,2.3095695348493206,2.309277642695954,-12.662482549946903,1.082196246757985,0.4944661828401766,14.925335830982048
2.2805161898384574,2.3686720125264706,2.35708476248228,2.356064530293761,2.357351785050902,-12.866797266900322,0.8685594474547789,0.4268356989080183,15.011072674268826
2.282451670406739,2.3014281951687185,2.3007923852535686,2.300528257740698,2.3008491994712412,-13.487110261763826,0.9664949234317175,0.47652594549797206,15.452128492340984
2.346591360494095,2.4853547538070035,2.5155298790076523,2.514813597998171,2.516110262939888,-12.590014996424038,1.2174573890147302,0.42744376814174906,14.718634582531452
2.1815874616439017,2.051247011864754,2.089865284414022,2.0896159609265714,2.089909542703711,-12.60180852033718,0.7037122964152376,0.3562203598049632,14.769081277158747
2.26396039901382,2.3701703831102683,2.348925786719249,2.3462941694296413,2.3487993583111106,-13.067782863260405,0.7999755242244747,0.4097583369729349,15.137207425452523
1.4773128651430927,1.5092504208400348,1.5053540575221496,1.5053343856357164,1.505328252688225,-12.776148818174555,0.87800057853963,0.46348009260990997,14.564539222514812
1.8710766806703614,1.8669719266232576,1.8681452948762045,1.8681510450483398,1.8681343155834642,-13.262228187524684,0.714144077944314,0.37338888835884576,15.123481989248711
2.4112768047294697,2.4114124957123133,2.4113872737989333,2.411387461020057,2.411387088510324,-12.715807902330393,0.8141224062840641,0.39266596262966286,14.822588268715068
1.9752043376246204,1.9263673176700342,1.9298886887776006,1.9299776269167948,1.9299546404737966,-13.22881946104421,0.927895454906099,0.46323832052861097,15.230006543226757
2.309801618591176,2.040719834025503,2.062834410985084,2.061879045704947,2.062720298158931,-12.87786360471641,0.9178146636894225,0.4291242159289904,14.915991202426461
1.649571806124499,1.7959252107047208,1.8274837838124027,1.8272738333810712,1.8274231752823553,-13.176596516515238,1.2156326543834028,0.4809964658777745,15.061554868134166
2.116089269287781,1.9115533299033107,1.9290853945893394,1.9291547107645792,1.9288030788821724,-13.248359401910452,0.9142836963577715,0.45555632996609546,15.356006760722972
1.889588218717636,1.9011181232300831,1.897583895278611,1.8976188009295376,1.8975918763471085,-13.105254047176704,0.6934729209893744,0.2873990543080915,15.002667610781364
1.6925777217922442,1.9117630382798747,1.8743663621541837,1.8742564128265833,1.8744406701719425,-13.20082646651802,0.8293832966324607,0.3895032967299213,15.039898032531177
1.592606398130474,1.7351099799403131,1.7380500368962717,1.7377753283038142,1.737650964226785,-13.066069128955666,1.0206314600560829,0.4238848864411413,14.973975661476489
1.9937751141113782,2.0548470491046302,2.0369713273538235,2.037129749090085,2.0368840629338116,-13.097941393336468,0.7073005505264992,0.3606708770113608,15.167062351347315
2.4901757801127844,2.571714945616324,2.572045905281308,2.5720807885041115,2.572045695860392,-12.960964021301002,1.0040589042448476,0.4199655878902451,15.242971221775552
2.3299658013371323,2.12325752843324,2.0863230809896907,2.0815847935542973,2.0855705199450982,-12.63403445004777,1.1786790965097091,0.42154508158567,14.851979845383125
2.0645086861547686,2.09170828079999,2.0904488930351928,2.0903214705982376,2.0903945126415726,-12.9766825092316,0.9536982892126219,0.4579377843632897,15.176763658876471
1.5929144577402552,1.9992933776440605,2.042233921953102,2.038737672506869,2.0455149129034584,-12.151327871483144,1.1056662691047194,0.42527631984764047,14.06940633437538
1.1010371630481801,1.249147422965449,1.25971251483532,1.2596274913243528,1.2593002502881898,-13.492084148606688,1.0713326131206014,0.45294187536144126,14.976252878548264
2.3843951035731408,2.5334592821548605,2.546027587213925,2.5466930437608237,2.549063231397019,-12.944682715334313,1.0843147238903812,0.46127781386551453,15.023930885495798
2.1608944083016652,2.234384279979997,2.227730646708401,2.2278111712023607,2.227653539339153,-12.373877114293162,0.9094619010804907,0.4753036527507607,14.577009509974785
2.238451113773625,2.213653283773073,2.221539177085213,2.2214306036189546,2.221541582494338,-13.234926126667341,0.6819926053221245,0.37471357510845077,15.372704389777788
1.839921352663949,1.764435071592311,1.7716652070392802,1.7710755291109634,1.7716863990712661,-12.873886501407114,0.9042192124936285,0.4738793720816201,14.790724764414254
2.0598689726191655,2.1511697610483367,2.128917353589907,2.1285947427428837,2.129216295552041,-13.069981764081852,0.7562736550112903,0.4604464279016495,15.06222755049094
1.238598591524236,1.5416650231844207,1.5004797331491224,1.4995653245413183,1.501176355105941,-13.342853199332968,0.8641047449244458,0.41887696021490456,14.906025751385602
1.4571532910534148,1.429606196525469,1.4348272346137672,1.434575554242306,1.434844076474211,-13.508924773950845,0.8104686473195201,0.44786934424466,15.128189407683466
2.104754801230454,2.0521927640300417,2.0469915440563895,2.047104451950892,2.047165432701906,-12.952629145155315,1.098953926649013,0.47710123778851765,15.012154046469755
1.770486977132924,1.6174196176881532,1.6310949871141387,1.6310405709618467,1.6298519866949737,-12.786272673361836,0.9106578340699768,0.4449219405245556,14.59427926082349
2.5042261709245066,2.3605063120635448,2.3654876578025767,2.3639503931107333,2.3652622106625936,-12.764157529126997,0.9653398926320168,0.3544814688204807,14.915843377165265
1.6295318450683443,1.7462174744030747,1.7282808159194052,1.7281679062989668,1.7280008668291245,-12.886156646483858,0.8462821978513264,0.38050090684053595,14.904108521042074
1.682813597712969,1.8940958686410057,1.883432319207921,1.8826005099939418,1.8853532444108643,-13.314850923634204,0.949529369472194,0.4397129028742904,15.174632786433845
2.204902451614579,1.9965345166782273,2.0038877270170863,2.0021083713256456,2.003962833454159,-12.818414363318782,0.9647104515332223,0.4383130101653756,15.010341922471746
2.147177686426282,2.0123499218289194,2.0180128694030586,2.018028558621766,2.0177747863496776,-12.842732503402479,0.9579986541269835,0.41697821988957223,14.91974449883567
2.2515363018192422,2.2976883474219036,2.310542046619998,2.3104365466307386,2.3108151226947187,-13.271981519822893,1.278507681084327,0.5352957209500617,15.436989753049856
1.5744118570622956,1.6205235141909922,1.6077588155594094,1.6076242440630548,1.608049056116553,-13.594903087346307,0.723178488338491,0.43350471817447134,15.265768443297985
1.8746807270406651,2.009216062688558,2.008984410804419,2.009614293528027,2.008836660865951,-13.489215070076543,0.9982781335251125,0.4712395900377269,15.46446931139959
1.979467772167669,1.907561393734045,1.9092499269427214,1.9091190016345658,1.9093986343686509,-13.213059242768184,0.976517615746226,0.46090440221842927,15.148647225153248
1.8093118921872018,1.8520561389269905,1.841747620881952,1.8418707531047,1.8416298996459,-12.667983495802734,0.758832618859988,0.3866412089834338,14.59736423836192
1.6774270462943084,1.604138236208062,1.6095834777405609,1.6094414740509222,1.6094714174622178,-13.312312109002047,0.9257015972003013,0.44445421815563424,14.909655702175616
2.1139261144625974,1.947075261203153,1.937006361735629,1.9366509226393356,1.9376784894281915,-12.995299446082628,1.0603467064796332,0.4582531617540244,15.07940680294348
1.723193321179668,1.9143193069432347,1.8920447897529054,1.8921846262897617,1.8925871835977321,-13.372926641979895,0.8834563646521479,0.3969950949520459,15.187907701001704
1.76769785140786,1.7513153065557154,1.7549616990128345,1.7547195853798043,1.7550141379276691,-12.556532145471362,0.7774220983352245,0.35162098719127227,14.353209575589958
2.608155036170661,2.7074960880824808,2.692276500384318,2.6922468914146203,2.692182827211285,-12.989604583121267,0.8467945788245527,0.48470376028291584,15.207027994530062
1.3762218911915762,1.580578449699456,1.6138169619227547,1.6103144517485515,1.6131658618137148,-13.548346196901582,1.1626495986524297,0.49393354773834636,14.973569664681778
1.572897484067654,1.5012747259131232,1.5197130317651957,1.5191844351914603,1.519757885991874,-13.033362759619486,0.7425635883458852,0.3701798870428987,14.842889045254944
2.845711455229453,2.462809482301774,2.5061963254656745,2.5076124954270056,2.504901973757731,-12.925013131862936,0.8866894238434878,0.4507886921574089,15.2504479352425
1.7881424383792763,1.9136683472333393,1.9390876856859804,1.9392354780324579,1.9393439782333701,-13.349528950063753,1.2025027238177108,0.41523570077546934,15.197173974684167
1.157415225726446,1.369359861996229,1.3179168151829548,1.3183484918589798,1.3191542104751641,-13.241193760256312,0.7572807327485652,0.39163305520509045,14.916259487632011
1.910278176189045,1.8446080718388451,1.8378890683991982,1.8361842867450993,1.8378410905934945,-13.056867828850715,1.1023144931187565,0.42926449103397823,15.09150717902216
2.350777758530347,2.2754895761875753,2.291267688410797,2.288217442009444,2.291355789260981,-12.307768768766634,0.790430427030541,0.37891890968466807,14.667440625635804
1.6577841229847992,1.8792064118247997,1.8607196026584116,1.86078610058055,1.8608212868705027,-13.301002962848202,0.9165088155160994,0.42903024565172354,15.010274269973657
2.311256254469001,2.154583468983174,2.138535443584596,2.135746151876609,2.139475387167849,-13.104912566302461,1.1024302041277703,0.3683941786063143,15.36573135708309
2.604307295585771,2.405714213463617,2.3668073420292033,2.3701051848973647,2.362966310687012,-12.663870884362147,1.1959125213157418,0.48075523560560185,14.897517514687333
1.908875942850392,1.8835591407325427,1.8894696570560052,1.8894991691121756,1.8894057168257268,-13.064301599070966,0.7665377998394457,0.4443387380993671,15.126736209170481
2.0806235904674555,1.6985991029674041,1.764286789511814,1.7661769924591348,1.761418453107036,-12.878356997352256,0.8280537277223577,0.39344423001731793,15.000196029345421
2.809920259724736,2.5369642134230137,2.578728084215043,2.577019536396654,2.5774693231620343,-11.972649655491955,0.8469941539750167,0.4616562652980648,14.571964993802812
1.9319712803303477,1.9508425911033895,1.947389146082363,1.947424931943578,1.947344775151138,-12.95288562466611,0.8170002570272304,0.38178482840186784,14.87279680551027
1.5661876965250214,1.3902978604852632,1.3895896141096669,1.3920998185082023,1.391800279711323,-13.161279079874829,1.0040266475399786,0.5312815339534204,15.077119812417697
1.7375298043584673,1.939746058750086,1.9326566947777093,1.9326679069617068,1.9325112697398152,-12.890124381147993,0.9649416710159833,0.46199442489489095,14.94967713707269
1.6529916297015343,1.522730249589539,1.54559149808106,1.545837389052075,1.5453063581086637,-12.73418650316506,0.8244971113321145,0.3698643619447696,14.649125684091636
2.0282482424476953,1.9790491854442063,1.980998749608325,1.9809352601255164,1.981129459263801,-12.698889790700173,0.9603739526149745,0.4561496421982267,14.745274959311434
1.9958505627367635,2.051064906240981,2.0419528686151533,2.0421201281170944,2.0420070782535644,-13.0449487663303,0.8349697370732652,0.39340831556137296,15.123963975393664
1.8374042461975932,1.997602522417198,1.9580698683338997,1.9591040800726582,1.9579777298624488,-13.643836417711265,0.7532267199360817,0.32583145331426544,15.484207473543643
1.6771642265646294,1.512314955062179,1.4919802709664851,1.489018714642167,1.4920456097072643,-12.871816499274079,1.1233531935589531,0.5250180907555897,14.735036162143048
1.4818303818838976,1.0770878630080356,1.1340042165452158,1.135043909573522,1.1299815592979188,-13.033307212349783,0.8593763914518785,0.46535758509868347,14.826629598131474
1.8294175906936299,1.7179803935412565,1.7206516984037412,1.7217401205210243,1.7208889378256254,-12.693838375415329,0.976028606867847,0.4743376605145347,14.651521553583915
2.4765120555535076,2.3830699880227013,2.3931454751064583,2.3935736572186306,2.3933887899725725,-12.828687868011269,0.8921739709961487,0.4048586022171024,14.82760838570166
1.9254255806648433,1.9698966432908427,1.9676124884841868,1.9676445595023084,1.9675692862832457,-13.200373093804403,0.9486372784508325,0.42063351999682946,15.308112426073627
2.442616563657963,2.4030635905111115,2.404697615650648,2.4047574496992516,2.404652199266531,-12.456239073599548,0.9586876785856131,0.45630883431978525,14.914966426116676
1.902329767988704,2.0869460839815646,2.0529849675250045,2.0538770405783615,2.052804067284799,-12.79679033236338,0.8160448805734316,0.4038614828999775,14.68268396571708
1.456246439394176,1.4700181474063176,1.4713102372770848,1.4714976196790368,1.4712894732713582,-13.505467099544724,1.0938220494965232,0.4558215318616343,15.1969599054016
1.789337947206659,2.2739573894258727,2.122495407515091,2.121270554754549,2.1232703994141917,-13.012932894726337,0.687462019234736,0.4246867244015635,14.81738249732275
1.3660641492543668,1.6917382131438221,1.659849079790468,1.658024499927171,1.6615398529704009,-13.593342904979753,0.9020826743999516,0.39596177181933034,15.186237068843779
1.9899170731265508,1.9564898827093788,1.961598197821079,1.96098240539486,1.96144349019908,-12.93170662889683,0.8471808414662285,0.4114972882178708,14.873948783190219
2.0596977852829967,2.070346636352289,2.070031778995528,2.069954523140974,2.07008414132405,-13.060907283109623,0.9704327392023844,0.41619733673212167,14.961270064499878
1.543968538791484,1.7589076490661817,1.7064336403511986,1.704835552181438,1.7055229836424308,-13.406352908342441,0.7558657023939488,0.3988408423963729,15.08158373101542
1.6997860310026032,1.9272468925448092,1.909368226179342,1.9096989808655926,1.9099455453714715,-13.14435482166931,0.9213989332307664,0.37669436502270903,15.004228357783292
1.899460001562591,2.0084538871269313,1.9898483443084785,1.9897813937958673,1.9896429765675356,-12.52882256757247,0.8292973709294018,0.42595462181770843,14.577392148742065
1.7966362752996234,1.5829045609838734,1.5902013726370463,1.590236206611022,1.5901218056373345,-12.976901568418155,0.9658599488778096,0.4442510771434735,14.975203631692619
1.8853861380441093,1.918919468093763,1.9198225968208162,1.919761779933616,1.9198826909066395,-13.307356966341262,1.0269322708396964,0.4427852267531204,15.302067800546816
1.9540174897887748,2.258567111314183,2.2875697471482135,2.2865441906717585,2.2882546844559792,-13.250561301720593,1.09523123256159,0.4729820257715438,15.082606970375661
2.4241565532771174,2.037484947035802,2.019238411967008,2.0187291866456514,2.016494663709925,-12.63744919992953,1.0471887120085213,0.45630383689423076,14.814573840851033
2.2629835756753236,2.4060725660293776,2.4135534351134136,2.4138823928430786,2.4138696964296265,-12.915972460635349,1.0522812346744828,0.46764591083466633,14.929492245223967
1.5226418924950131,1.5887805821206005,1.597664433232615,1.5974589273243531,1.5974983636007947,-13.398017858452496,1.1343215470748962,0.4250671250866355,15.128671092262932
1.698183828917045,1.9024843440392079,1.9234568274966888,1.9232794437058527,1.9235278588002114,-13.559506737836864,1.1026550689064112,0.44950916989041584,15.40968608873003
2.001211796562254,1.621628142556126,1.5229312416568526,1.5253881439470833,1.5184507461979018,-13.368133071496283,1.2600135697562993,0.45050722147221656,15.332996010234599
1.7715221692724716,1.9426571960066459,1.9008769279037363,1.8998244951915721,1.9009164604265205,-13.202290744082209,0.7558637241001134,0.3980867425712273,14.968672431636117
1.7538249819304987,1.8752826185031353,1.8644610987596668,1.8660670203952054,1.8646372460669778,-13.150777216595909,0.9109029283885526,0.37113375129765946,15.054107735136121
2.4332715001308056,2.513621407152841,2.5269832790600577,2.527280880371907,2.526875496986832,-12.739636294355323,1.166296046908341,0.4932205212872329,15.059101020492326
1.7506466148167465,1.8730682200864655,1.8747541814411468,1.8740358635785552,1.874020613962342,-13.382057703713139,1.0137717631701317,0.5086988227896615,15.245026251098631
2.3079290221072135,1.8883907558412716,1.9779948328882206,1.9890913750235122,1.9801741787688631,-12.817731605171085,0.7864221591883345,0.4054784352514618,14.924246488111146
2.0078879727068766,2.061672914782852,2.0745780396156426,2.0754255191758615,2.0744949791124565,-12.923345898376082,1.2399393647121655,0.45662180323556834,14.90318619949627
1.9522030206962606,2.2020113492045805,2.205263180643727,2.204167777101615,2.2057885473273973,-13.0540221316326,1.0130173059423724,0.49372140046693397,15.095091799791057
2.203126745731983,2.2068418863839456,2.206295591681361,2.2063139217381966,2.206308479898812,-12.708699617136176,0.8529545032713118,0.3889297693348769,14.856587071571871
2.097445882334842,1.8660041848560067,1.8688627883465556,1.8667607505499426,1.868429039294237,-13.22792684891445,0.9876487101430336,0.46611160149745384,15.187132904305399
1.4252318594465412,1.653734348275004,1.6392923547721205,1.6400110900773857,1.6394769473569801,-13.110227575948697,0.9367972157461931,0.414159927080258,14.972257962003484
2.0438556412734963,1.9002183680742673,1.9056839731624968,1.9043146278322136,1.905375036415259,-12.854571061608157,0.9619485599629208,0.42482769833523304,14.865228447094111
2.7704804118237347,2.458241801774015,2.5421050215244336,2.5431396122688295,2.5413059767752513,-12.872008270920865,0.7314130378140461,0.39943939049834265,15.179856124947584
1.928498392377641,2.046376792871424,2.0460837311890834,2.045890014005025,2.0458655606690748,-13.100336798763601,0.9975138644474891,0.44783759566247205,15.156484307302449
2.5404073730223233,2.227909130005492,2.3261021452645734,2.326411078276932,2.3256930052313702,-12.819463548262371,0.6857805845206228,0.38238321604641673,15.060193321587924
2.0851045170727565,2.3611402845553386,2.3551799945473446,2.354637434654577,2.3543743123121654,-12.896460513806947,0.9784075445644204,0.39662371756501547,15.053100392103802
1.8192428271006154,1.9909820236925624,1.9880222366293039,1.9880972242763009,1.98795160893031,-13.107307320979713,0.9827658034857851,0.35317732302976823,14.970197859650234
2.4474487592311815,2.490575474290954,2.4822048748254497,2.48249262581541,2.4822819079343708,-12.987868296504914,0.8059068618163376,0.3575346352793158,15.281447641940112
2.1800816551240154,2.172720323662642,2.1737023548656373,2.173630956256003,2.1737130968623526,-13.140051061947132,0.8665959808835009,0.48055516614124555,15.260283444151696
2.510979298531015,2.579679775681786,2.5608982332172605,2.560933987368352,2.560973324159426,-12.88815695266808,0.7266170011700612,0.35907391589405907,15.152626500171582
2.8650758624424424,2.558047055944641,2.592836185539378,2.59654959538387,2.5883682103294237,-12.329535780891012,0.8866909916643729,0.4310144510921427,14.965634256820636
1.694706388381845,1.9109123211858718,1.8861448004973962,1.8829607045579684,1.8869914090197621,-13.209952084592762,0.8854447684794788,0.40758294688466495,15.266187915842561
2.0698066453074357,1.9511271729984345,1.9454307031935028,1.9444334577288707,1.9454101063790654,-12.913386821053773,1.0479987793516587,0.48076108368652126,15.13882845292595
2.254235330618502,2.131044316688306,2.1384326172185704,2.1383233433941378,2.138541560702225,-12.880379824422096,0.9400256537018913,0.3851973633237378,14.957623371098911
2.263031217281103,2.286968802828202,2.289975018112024,2.28978930380742,2.28975288816574,-12.616530311122833,1.125585568264887,0.4126057406758922,14.755193832454202
1.6537777233403996,1.7068682974172493,1.711707803134151,1.7109702737674557,1.7124466320621075,-13.214529761600641,1.0911556486448433,0.39652798199774597,15.036275396655379
1.4826587003660467,1.8597292144939863,1.8403262505207842,1.8411985588540563,1.8419307221804435,-13.105073632978558,0.9485428766073754,0.45349224937341504,14.829012504676236
1.7759486547442285,1.697088691944358,1.722211855111217,1.7208243724582624,1.722377569598568,-13.107248089785557,0.6814205551856873,0.3725660000577276,14.987594986032697
1.8224070035631783,1.7998646292409048,1.8037091118384097,1.8035870557253795,1.8032859569807334,-12.79775433250451,0.8294552941698617,0.43695820339680724,14.712970960146755
1.870359902116229,1.8935258434990851,1.9003183267679553,1.9003526551133472,1.9002911512395955,-12.99410187607319,1.293209896227103,0.4320879092640937,14.832629956119817
1.370281847962092,1.6630501491260015,1.7069766696061013,1.7068457799859622,1.70784377625974,-13.501252665596569,1.15003851272651,0.46357151594477064,15.312548041190071
2.1346123603516385,2.116540162151507,2.118175472832765,2.118086325476946,2.118184968301825,-12.580803893541574,0.9095123535527823,0.4446859824578623,14.783003526798527
1.819590250603607,1.8500548447409735,1.8506519996366537,1.8498559870152447,1.8514866458692114,-12.76284726306598,1.0196016035200703,0.4897820109097952,14.720222778182372
1.8744025642907811,1.7815548069054128,1.7814000312893832,1.7813787898034221,1.7813499566714932,-13.036161294268847,1.0016669828156186,0.48965459656490756,15.028852933529702
1.6308306518882618,1.3601032585001411,1.3987601924932052,1.399078437473057,1.3980342083114352,-13.025124247131629,0.8572108514425635,0.4661256024702977,14.851111788735052
1.922750143214089,1.830068830737862,1.8453728617394083,1.8447065245753527,1.8453740481426952,-13.33062167322245,0.8348746840904836,0.3612579262801959,15.162117941748143
1.737456025784587,1.8744498239660532,1.8833249986975056,1.8827833084698828,1.8843592162485083,-12.586816086125548,1.064785230056147,0.4193048041590073,14.359435056688822
1.651845890004672,1.4212417951036018,1.4525225514786717,1.4533037198573535,1.4522239310310425,-13.174991886067813,0.8643529882308082,0.40771475771944204,14.94547563551813
2.053367387654848,2.025799574090065,2.025018526781472,2.025084078929293,2.024839729784778,-12.5838259234206,1.0283318554355934,0.43939449052569945,14.707545327402508
1.4380684869552318,1.3213576183539464,1.3177753197925048,1.3170617965927023,1.3176670785654017,-13.197653353848967,1.0306937871714403,0.4567414106808278,14.763322875278991
2.1887530727049995,2.414039710771127,2.383260606251689,2.382752887506863,2.3834113471235043,-12.522832614443342,0.8633780290582362,0.34369061738053097,14.605817384968672
1.6568499634074527,1.7907267609457889,1.7561294695890772,1.756185018881088,1.7559588825893147,-13.228162805453374,0.7415736558323034,0.41807043824430024,15.20189346304759
1.6940990974118595,1.9590083295846112,1.965268717223025,1.968734997417962,1.9656737489085618,-13.330543898921713,1.0236321987990604,0.47128975326612554,15.060706518509129
2.0557889085873224,2.1138149499593792,2.0929826428044898,2.092731839871177,2.092963001361423,-12.581278629704183,0.6409834849612466,0.32936976402768675,14.497286821919875
1.828135240719814,1.5083221214109477,1.5988165848780769,1.5995526340873254,1.599044312773461,-13.457910939286325,0.7170395521525419,0.4287370905585241,15.386828224687717
2.167200271234557,2.5551743522765404,2.5469118503613615,2.5458708920628306,2.5470163221712783,-12.855470780454414,0.9787034693323131,0.4123783472278257,14.967583896025877
2.157237816919947,2.140079407915704,2.144494144426996,2.1443274144732074,2.144405942073937,-12.569723654178738,0.7427071175304666,0.3913701740505374,14.724331552606568
2.275711822122734,2.348718261842685,2.3458526932484185,2.3459212544582337,2.345784198991791,-12.851148073008986,0.9607490982266828,0.39826813334090244,15.01234492856017
2.3327671662109832,2.267391458734684,2.2850624509770583,2.2841521544475043,2.2850169697258593,-12.604058769925508,0.7297009405400215,0.4187999674285717,14.895995374962936
2.101844177498142,2.0291706150986712,2.040436673002116,2.038731014627115,2.0404053331718552,-13.194035735332353,0.8449772168657669,0.41680109896814105,15.18540212717251
2.247003685213211,2.337897067110902,2.327243859661674,2.327291729405224,2.327234609218386,-12.903416330279649,0.8827944650445572,0.4663906918902446,14.913894785603183
2.405831061569071,2.0892670909784674,2.0548467184308157,2.0546249305774156,2.0542167683787804,-12.861204357787862,1.1087311751979676,0.5335380908034264,15.136121761358005
2.0480765790670405,1.98327043143902,1.991714508922716,1.9915910422305059,1.9917715470547412,-12.634998045848079,0.8697025237148216,0.41704038693540113,14.627055413309522
2.277857771883169,2.1191809683118414,2.156206249741742,2.1566578123234073,2.156393404328171,-13.183982193423134,0.7666622934381342,0.4060369013460034,15.132045465930716
2.3785422119817223,2.37776940599945,2.377926238550648,2.3779223266762894,2.3779231811420685,-12.785888290772533,0.7970608991182738,0.4040500088993595,14.988161593800474
1.2217385172506483,1.704475135224972,1.6214147655085778,1.6191365026099802,1.623717434075689,-13.247876189976498,0.8279385349614973,0.4016736606605835,14.879573923553705
1.6746634638588729,1.3606567719362264,1.2207403418857266,1.2377946671490676,1.2167337359338872,-12.982078511708908,1.4455842300487218,0.47623205521301604,14.815697843682905
1.8546761649294357,1.656938730162848,1.690091790095345,1.6922904433467463,1.6882360868442663,-12.701388715583814,0.8323379689251461,0.4436847313269243,14.912001838202782
2.4976296757031498,2.830314218164021,2.818489061033234,2.8180139085019142,2.8197904512881724,-12.688546564449213,0.9644553454653578,0.37314583938650664,14.987658754021647
2.4151858004378237,2.023519140595294,2.0394848141390454,2.040709211316749,2.0375642404959766,-12.602801663906684,0.9592365774759322,0.454648602339435,14.724057365189934
1.5765399493601233,1.6466269077382136,1.653933263630165,1.6535701852858604,1.6552252895463946,-13.531597905573792,1.104247010585572,0.47333703202123406,15.27399325336958
2.003124108092374,2.2479221501927222,2.2150929021311807,2.217875456931657,2.2151478363977866,-13.170979439990141,0.8658925219341232,0.40539898736941243,15.054835006421479
2.0684459186622948,2.0752303833591204,2.075209249398931,2.0752203223999635,2.075202253079531,-12.786488828181286,0.9968849480197811,0.42345146210745066,14.961453233788673
1.9685544673735285,2.1408757474738414,2.1047396002854017,2.104634618562592,2.1047028249838746,-12.85419817142579,0.790297825274956,0.34776700961598983,14.882100007426963
1.6171583373179137,1.8945226617324702,1.871557613918493,1.869941705581868,1.873081925330837,-13.178398548241818,0.9172025895455345,0.4039147196541656,14.906135654352274
2.2032178968977134,2.040016023328775,2.0914174347939474,2.0893551572048814,2.091804041980472,-12.843995873831858,0.6850439866827893,0.38121868551239624,14.84111460758998
0.9298335695227617,1.1577805381187019,1.1000449307807252,1.098148928685707,1.1032046797498118,-13.530041417505448,0.7467147394255599,0.36617063822751034,15.069206591275293
1.9792850216057418,1.9188252592826196,1.9305132667005707,1.9306705105482458,1.930112358112389,-12.620257915385139,0.8066812212147826,0.40688464898286764,14.591285289729543
1.2337431990191916,0.9399183899502381,0.9963548208260966,0.9931453689668237,0.9956138292998622,-12.721360126156519,0.8079248956046678,0.4205005383252797,14.263004386322837
2.021712453643203,2.089849590888008,2.0790743385564996,2.0790728466853006,2.0789149867907817,-13.016575890514364,0.8418593329978767,0.37609975558289993,15.031779913363755
1.896412870759335,2.0478359862247877,2.0462963818620974,2.048897343408422,2.045976972469344,-12.74037791750367,0.9898324350416553,0.4939220473482343,14.70079248276058
2.328737302810457,1.9261804562822842,1.951686383705314,1.9571394437104828,1.9495400022834506,-12.935203250263415,0.9366401847515344,0.4399505253386831,15.001189093699246
2.501266357119728,2.1138270116146547,2.100914717624849,2.090541850020907,2.095616968056957,-12.836314602393788,1.0333272656471528,0.4786636267519076,15.187098167931163
1.7705091961637343,1.7147604081597554,1.7331623823486628,1.7331042539093913,1.733212837580149,-12.786953873581156,0.6699125694428743,0.4051285802093721,14.716085996998713
2.066884718722707,1.9868602864398266,1.9937311007681602,1.9937876566811314,1.9934514514758805,-12.88550655129044,0.9141410425250363,0.4386507836828931,14.861948344966468
2.1415622164047763,2.2318384937291738,2.226971884592204,2.2264815504183018,2.2264779787437523,-12.812535443962583,0.9460920489722796,0.4619429662793688,14.887050505457887
2.145919158841561,2.1043312833138597,2.110033349860052,2.110000378509291,2.1099929694603894,-12.958317332979012,0.8628911317580054,0.39668432471672493,14.972595821715936
2.352763976133573,1.8365369001521104,1.8849047057862214,1.8860321525631325,1.8806348984300931,-12.499110351598425,0.9063051748261111,0.43858478120883243,14.588913245190893
1.3258926299289042,1.3808598337603468,1.4001150780719458,1.4011330894937815,1.4002529750831414,-13.534416952674867,1.350304235424529,0.4642362262947212,15.10136665548002
2.119140824072698,2.2186521046824783,2.211061991996874,2.2113000647129724,2.2106405223745407,-12.811403691137553,0.9237261078433076,0.41048941114748033,15.015493109887784
2.738120050048452,2.6216320903945585,2.6290379554926466,2.6290821004754497,2.627562154332489,-12.351765125531308,0.9364237718636997,0.45469452523599724,14.799201433255257
1.7080768097653312,1.9101825130333157,1.9213619885491875,1.9212468411445203,1.921923960247235,-13.719286969046095,1.0553149927740935,0.4883434202089999,15.608566748636688
1.8268416223681765,1.8769061519634367,1.8620093921424024,1.8620519143726597,1.8620175596489619,-13.481109514073301,0.7024488207226619,0.4208975809059317,15.540098579190508
1.2882942310444152,1.5029041366985794,1.5436337809357434,1.5407850275265882,1.5433183422006385,-13.040474222134247,1.1897845493804833,0.47462565768121323,14.776549922437038
1.5406324465815622,1.5396847079880966,1.5396166951318064,1.5396289073337792,1.539625863935739,-13.404093106142867,1.0717633076881086,0.45867782984740807,15.204120212614384
1.763254366279771,1.6036486026243832,1.5954153438983556,1.5956821087405288,1.5947696639672153,-12.930052377209183,1.0515849712282588,0.47617568917773756,14.864526061203922
1.7016891679485266,1.668886585582069,1.6731635323565244,1.673176593867956,1.6733022597456424,-12.654224609551697,0.8696155465239048,0.36093877109257133,14.56058592254817
1.9596252856293772,1.7975653313031208,1.8206105854983101,1.8205927476175454,1.820644297906983,-12.49378005162204,0.8577979718000226,0.4411009407422928,14.608366583948436
1.5630572661377962,1.6914173869113929,1.6447600151911363,1.6448220440291708,1.6446490326677625,-13.378211649502193,0.6365119365807455,0.3566948255040104,15.091337893186237
1.1048944177699513,1.5182882636192008,1.4201875980377152,1.4203657442230633,1.4203788049390937,-13.607748335754561,0.7626944218776298,0.3807393074654332,15.200267188111711
2.2464783974041946,2.1926054924299407,2.1944288298560686,2.194745731918334,2.1946741093676456,-12.584419504132802,0.9661548337332185,0.4759040181097759,14.809799269399377
1.700940673256417,1.9662414022440557,1.970302667565437,1.9708996521641726,1.970863472681737,-12.561360870590894,1.0153081574139602,0.4064533223775587,14.545918337930477
1.933105502248847,1.7975579513947237,1.814364778902778,1.8140281864866483,1.8143794668264097,-13.5051393188877,0.8760078850399764,0.42529434163647983,15.47776622293718
2.2211122324178056,2.0602019741341566,2.0144226400228566,2.0134577052975375,2.014192817090482,-13.034460138768413,1.284502272257878,0.47411736381183583,15.109874262536186
2.074881374229662,2.2288646173294495,2.196021654783086,2.1952871419333935,2.1951498073926663,-13.013817309441798,0.7867108012195851,0.36332146782355884,15.125476556344722
2.389973869005676,2.4572159285325483,2.4373935413758865,2.4374530128821545,2.4373321059397672,-12.867095643411222,0.7052085064595601,0.3696567887529914,15.069040593654513
2.035074813406645,1.934305840620854,1.9456553316003897,1.9455937379603832,1.945788086275456,-12.888670592178356,0.8873711752161905,0.4572304589278529,14.757299368669702
2.675405160557759,2.3212637593865937,2.2667610727184186,2.271987506849354,2.267481943091275,-13.382726638886774,1.153900917791402,0.5082947620064802,15.545176789919951
2.533507830589873,2.1432765831632663,2.243500027311396,2.249475584871989,2.2344005079528735,-13.0171688472252,0.7431690957373167,0.4288607507867458,15.313482388945745
2.2341648415195445,2.1703595828905327,2.1922478379370665,2.192183665650071,2.1924073886389017,-12.688526981630494,0.6569521773463738,0.36010039366174423,14.750785633413944
2.451864107775469,2.3121225539697043,2.3122877465443104,2.3127429657426846,2.311955016690879,-12.6396106909595,0.9988178707756711,0.43737929554243854,14.905374298305642
2.053668681239431,1.922147855155172,1.9319816063352122,1.9319964290616622,1.9321799292859496,-13.098364447361712,0.9252304637005532,0.4724674791672331,15.1529547878349
2.0452722932650413,2.1537929296570706,2.1573040480693213,2.1574557408936097,2.157231342355365,-13.07734361567591,1.0323543846496357,0.3888453972707266,15.017964055565665
2.2525361942692403,2.381752023654223,2.3624911639555934,2.362111555590217,2.362777123298154,-12.691092633569488,0.8509404011079517,0.45527136439539906,14.767516417178285
2.005392096690647,2.0756675381883345,2.0854400176876404,2.085525488886206,2.085376789794248,-13.203606515391261,1.1390596670904902,0.4501175455987595,15.133118194745505
2.572481412607274,2.476830581965388,2.43133343781493,2.4309713259379357,2.4314936187988008,-12.558481905078573,1.4756586413849193,0.5540294080747182,14.804591865111531
2.1316752235027243,2.248989772153392,2.2541246686757868,2.2539723599352786,2.254408399141123,-13.267234335520673,1.0437703301206498,0.44652991345902815,15.285386333666327
1.7456065575818143,1.739570590437903,1.7404842420443305,1.7404815892435148,1.7404727105080058,-12.963069936830456,0.8486321107050714,0.32538790480591967,14.871397328674917
1.3108773658375714,1.63803857322738,1.628234133311569,1.6291642894480258,1.6325959937928085,-13.226979161087632,0.9700317773184856,0.4282538049339585,14.900652569646233
1.7715022773257971,1.968095614816347,1.955709041856761,1.9558680178900136,1.9559014016822267,-13.15231128115013,0.9369939331734436,0.3474149287585226,14.910515107394302
2.175955976048198,2.3715294929722326,2.3349412091776554,2.3364135499446252,2.3351446789429566,-12.524775375697008,0.8129180045947194,0.4215720936704467,14.723179947849294
1.4067769295534438,1.568474739074244,1.540196052218812,1.540444562732379,1.5402031247721035,-13.63792372733988,0.8251139768730522,0.4054785475792856,15.267158808653235
2.365222195247216,2.1894007844926193,2.2409815377546414,2.2381800841180697,2.2390943611328407,-13.008053320417725,0.7066298521855512,0.37831538391561487,15.265163803786232
1.5874166826848906,1.8745952976137112,1.8567133292257132,1.8615798454089014,1.8574645508515686,-13.070715685273484,0.9377322423801301,0.4769175600568944,14.952648397163546
1.898002637356023,2.054467274515134,2.0392162848821553,2.038606283239217,2.0384832179109322,-12.930053305942296,0.9025275620748079,0.4072393358819437,14.604847785632542
2.0598449927881353,2.241896047143822,2.21167707884354,2.2111542412248952,2.211969585877535,-12.602761323553889,0.8340082763748212,0.3788392047136455,14.566844264105804
1.9850972929465212,2.0992915138368424,2.0995275211008817,2.0988670068279878,2.0998505557234104,-12.5996549250993,1.0020667181070892,0.47118974920628987,14.54212254397058
1.6919032106710588,1.650482418710234,1.6504374957280552,1.6503106286714289,1.6505661332199324,-13.2056764892572,1.0010845515030506,0.5447258019586039,14.977494226194244
1.5021614549350308,1.5334929971973394,1.5377546259932948,1.5378465890375468,1.5377461166651458,-13.16189083277346,1.1360172046520083,0.39948301731075575,14.74542238137467
2.6958956601053954,2.601681987471384,2.61535517719346,2.6155107515045106,2.6157253885508487,-12.363706582916096,0.8548704308004954,0.39097238613470775,14.793354162208603
2.4897001240480128,2.2817311634546176,2.2597209904178346,2.260098751390244,2.2597053545875827,-12.803932955622699,1.1058339329772147,0.42316950637833256,15.04614741514832
1.8988015262372409,1.9593090003955485,1.9690719407389243,1.9696288358135685,1.9690515086329614,-13.283481220092536,1.1613509814974616,0.47711094738589166,15.123206879263698
2.2466748603027202,2.2048726913041463,2.2032285486936853,2.2026093255396204,2.2032553301368933,-12.471865561476264,1.0393315143651185,0.4818428251002604,14.67754705508644
2.0442331884355225,1.7920523553189238,1.7797140866634906,1.776974718892262,1.779359785386504,-13.206127836155877,1.0489262744632468,0.4895202910167922,15.127776718819318
2.1706544438507644,1.9867887992071416,1.9865305936040984,1.9861802359461447,1.986083475934938,-13.045560444223032,1.001404316741957,0.4500446644862289,15.10104329434644
2.2425811842562524,2.1620358147539718,2.1688939544368093,2.1683735345970057,2.16898961246784,-12.628843076704667,0.9148537063617993,0.4505677448829534,14.670298776863158
1.3912204969873567,1.4779494660201085,1.4852905897782747,1.485535921822776,1.485228727502986,-13.222808296214158,1.0846444255020902,0.49345905255322037,15.103731598718532
2.3488605644765093,2.629607930409194,2.63952581908463,2.6434909729354845,2.6402875159443635,-13.381325497939557,1.0353267381244584,0.4416622259454711,15.442005543995116
2.3065265775440373,2.27138516756668,2.2762796848911933,2.2762070323030485,2.2762234598538114,-12.463968433224121,0.860719381275068,0.4226198177605503,14.57068344920498
2.049395054955932,2.191255090145257,2.180556761488658,2.1810533013902207,2.180478683109006,-12.248630526476909,0.9245853235386493,0.37162170065722,14.420027077905115
2.2920480874385007,2.312892592803855,2.311801130817644,2.312499074631041,2.311792250334088,-12.90505625916482,0.9476379042303937,0.5008493107694884,15.061903150915025
1.7045586196293312,1.6297965671216974,1.6246309252233362,1.6242009656368903,1.62463074762357,-13.164677886053132,1.0690944366172064,0.5550617002014688,15.125882443826688
2.16703541537407,2.0836954322215195,2.0983540749449388,2.0981234863557137,2.098456766888261,-12.624069279892526,0.8241103229336193,0.4120630243998035,14.849008249534418
1.4649168116166327,1.7050268505837218,1.6167775021609363,1.616575095867238,1.6164516329333902,-13.536533025701695,0.6324628957522189,0.3306297463936138,15.235407622908252
1.8818950029542474,1.5883652878279524,1.669579833346594,1.666270918994339,1.6688498783984183,-13.05479878480872,0.7233174655462095,0.4231081623611933,14.975879405105383
1.7066232987033985,1.9447084293823935,1.9400537879762756,1.9390936717044642,1.940145455785559,-12.518093734041793,0.9804496761606076,0.42854695824230216,14.521418930157274
2.8040430167941506,2.4897557678626416,2.376880516649048,2.379629577540964,2.372946456303727,-12.450754629882049,1.3591467728879874,0.5112397434145046,14.951146483682011
2.441978051664726,2.698561137368449,2.658441485742215,2.6571225885436354,2.659827849547254,-12.511125076646215,0.8436387514936985,0.32581689278197096,14.974464057266855
1.469102062280372,1.8477519919112204,1.7749521420130474,1.7747658560864297,1.7762136726743598,-13.218799750269849,0.8077383773208497,0.3325145009604948,15.054118258818056
2.2707983044176663,2.3741216019893585,2.358434718835246,2.358472806049991,2.3582905104448044,-13.1007077979068,0.848176708227605,0.42368180409440387,15.221313060112573
1.8598663625162204,1.9091554979802265,1.907307471188978,1.9079941099359108,1.907254555161758,-13.251060025102515,0.9625064068612503,0.3862799617339177,15.106069400918695
2.3329987558035485,2.1087098100611303,2.1585899894486094,2.1587225790524007,2.1580228748157397,-12.635931472647115,0.7776074999043281,0.36613019179916634,14.709501729404446
1.9709302217529405,2.087398151405764,2.1315635937612205,2.1301162016507185,2.131676261605931,-13.243455588035152,1.379206898303318,0.4432225649601615,15.320497536124316
1.6232482500556717,1.6375570487936058,1.6329485018366012,1.63307601863865,1.6329612256374588,-13.538972456156763,0.6779221623414992,0.341734878935844,15.249234358928106
2.4881846451971805,2.3653286528268573,2.361527243512631,2.3606280682457292,2.362316860170763,-13.02640330210617,1.0309419934745025,0.45419037757253183,15.125538072831928
2.2206245059494014,2.243745220243036,2.24298424194163,2.2430526269175055,2.2429804703496488,-12.773241728513558,0.9670867304642402,0.5005406920479114,14.847883369177344
1.7361745907591033,1.9504137279589056,1.911644016827824,1.911149865863431,1.9115136486424709,-13.327265737248844,0.8190353469593906,0.41337290328718734,15.292835622680565
2.2267424906952744,2.4021113307438875,2.4072965059594127,2.405760229285457,2.4092218898102358,-12.425638790757176,1.0295672550156993,0.4306889581305795,14.515071963085155
1.5586522520329602,1.7674416137842122,1.7518190352799168,1.7509605877841952,1.7512545868673297,-13.08972539982733,0.925175409449703,0.47673157754400564,14.958359978429346
2.3538754215824476,2.082988674218123,2.080293515394393,2.0845476012671678,2.077909581490152,-12.718386994890263,1.0099493934271522,0.49293858694265247,14.87835037257593
2.1774745192644165,2.173489512477105,2.17322054058742,2.1731950331297485,2.173231644735997,-12.919004255600866,1.0674959677716558,0.4518049693030479,14.903844094925244
2.4142049242873496,2.559809412919762,2.5761109959645108,2.5762548461293604,2.5753408624017293,-12.981637157069311,1.1119579705121871,0.42768585627887734,15.253491401364954
2.155894814704845,1.9245351213133866,1.9684554371224479,1.9672868977794704,1.9674184449786352,-12.793237890830085,0.8101643585136125,0.4636474072917917,14.997267593951264
2.757510644754798,2.6984603655134913,2.71014239428792,2.70981101486111,2.7101915942670782,-12.459386295614586,0.802168102767289,0.4095539225063697,14.65276203034501
2.237922695867161,2.0791398620080024,2.0553395577096403,2.055146440773143,2.055390141317285,-12.731497699217542,1.1498921748649096,0.5138688514754315,14.947466237235083
2.2053121767587047,2.2312275746482113,2.233649506142833,2.2337921796185896,2.2336537787729744,-13.012048278363658,1.0934553081125062,0.42923133569283944,15.042774570699237
1.485403606295542,1.715696008260037,1.7009338664591926,1.6960047935182876,1.70329059742196,-13.083796407697568,0.9358982681368694,0.43151465138709805,14.83440214202006
1.238036111229501,1.3859338612007046,1.3667753281620754,1.366441161885786,1.367072004484469,-13.420432405362147,0.8704609566923072,0.452887778064589,15.068331070646424
1.6848514025116703,1.5992321554082258,1.5878688331540762,1.5875870607895364,1.5874892195530297,-13.61284265486585,1.132719249918425,0.4417455115530338,15.471340976966719
2.1198857418412693,2.1858044879807683,2.172910533395337,2.1730515078619677,2.173206691898885,-12.673396092620173,0.8043962402114883,0.3986669481052452,14.758598506439387
2.2872977049457717,2.1034762198245467,2.1412681306475294,2.1412328503017606,2.1411693857859566,-12.54391967614782,0.7944097187656773,0.4498499686721127,14.641751518230034
2.0793718501203333,2.0638314436197733,2.066469431523901,2.0665115999450068,2.0664017223559648,-13.468031146890375,0.8302497489989951,0.4140001550409929,15.57383513994967
2.284984033732518,2.1912293671595826,2.210402816312939,2.2106109888588397,2.2105452612415846,-12.82491314052891,0.7954933887110458,0.3131518449682716,14.9632582892882
1.996310842162859,1.780346399876102,1.743068139218906,1.7423839032417094,1.739695377175886,-13.234479292009942,1.1726129554591114,0.5331417354399294,15.263960179180321
2.3570325155115146,2.4212277507332898,2.4287959584562144,2.429082909848053,2.4287560055067083,-12.946831394524917,1.1178936052929542,0.42011371051507257,15.194993695621838
2.0458964593570577,2.343982822331454,2.2645517247914686,2.2648729679121886,2.26388098033297,-12.74404939161155,0.7335299181505726,0.374307029303743,14.687938092336228
0.886353785282902,0.8230890491531713,0.8364248220581041,0.8363903211458477,0.8364737015092565,-13.591769984091304,0.7892068517035035,0.42253147008679265,15.021834538472854
1.8043767700931959,1.791649341344294,1.792612010633814,1.792582595219966,1.7925413460920459,-12.703411003932487,0.9243626259072174,0.46912475096682704,14.713770473202107
2.062525124668455,2.1060965666859124,2.101030721536584,2.0993276749868404,2.1018485766902835,-13.09495614336211,0.8837347373699639,0.40275578819834795,15.197249724277965
1.8801553921469103,1.932430317074923,1.9510759514314526,1.9509878437159718,1.9512749788606785,-13.004347120045024,1.3566840962891191,0.47651371295206546,15.205080353892583
2.0299877480324113,2.0853150884557046,2.0807130988296825,2.0808055257618925,2.0806521765904327,-12.759292305948623,0.9168225041938882,0.44617139011265017,14.98333481257589
1.773706786482597,1.8465311692723383,1.8546501127252553,1.8549261047064298,1.854604510911202,-13.278761304738122,1.1114866084942807,0.4965801562624922,15.169017817622976
2.689755139384628,2.4479061818238046,2.4131106288530897,2.418717626345332,2.4086686322111346,-12.653340120721403,1.1438730740113439,0.4776973697321692,14.985533681254356
2.3067636707347328,2.4832505957497766,2.4133688430454736,2.4137828817011684,2.4132127073911525,-12.564233485724419,0.6040400573677299,0.36734925934678414,14.924994437033734
2.2943529369716216,2.14289879162036,2.1657282798861366,2.1653838749342045,2.1656730518933145,-13.03596807340461,0.849264685275997,0.4684383677742331,15.035942117444247
1.6511252978842614,1.7801782922884046,1.776261193823766,1.777811588073546,1.7761215440835674,-13.073103507300363,0.969647364768831,0.41570172905958463,14.836902445690772
1.9925009915703107,1.9686883455443858,1.9731998783163847,1.973192327077811,1.9732046768434202,-12.824667926929319,0.810540467989724,0.4538375260330293,14.761517750106913
1.7485244191655154,1.8833972024172043,1.8893320509528886,1.8892590773251614,1.889972767027225,-13.209691286288011,1.0440033073582367,0.5113788098673233,15.019504355318361
1.7393948743533685,1.836039084353691,1.8607283941105779,1.8645133040896726,1.860559496855833,-13.63008971623758,1.2554660000511568,0.46417179951753684,15.448029271822943
1.2647037346148278,1.2971439123448003,1.2989635900206975,1.2978676827596065,1.2997243261122589,-13.247069456206308,1.0560933325040314,0.4521701402508373,14.781182944240314
1.6195306995069028,1.389199306982551,1.4081927306979245,1.4083763663629456,1.4078561480538547,-13.058224252384056,0.9175387101722758,0.49140736707184607,14.818178978438059
2.1864978567092237,2.084389585898937,2.0748043269628647,2.070675463706799,2.074269608325265,-12.859221781875714,1.093873482138205,0.4841431998126678,14.849094785854186
2.006102826187397,2.053551519072645,2.04913678914391,2.049216157047263,2.04904886218163,-12.948262235225494,0.9069578177967674,0.48808705848584905,15.060651511421593
1.496737499448942,1.2710709890528913,1.3155554507134346,1.3140152473634092,1.3153729454692202,-13.336282840905305,0.8028752180264924,0.4547179050520169,15.1955140691107
2.143895255076745,2.385493779047981,2.353662703135437,2.354550901455074,2.354165602404727,-13.198729802712831,0.8682480530537751,0.35543614047958894,15.193474918187043
2.0788170241024497,1.9434092636265214,1.9271631720486913,1.9280091820782637,1.9249905291402736,-12.886415507833709,1.1199790286814348,0.4337908218795135,15.046517301620911
2.0803888221561118,2.2818631042318307,2.2194253587478174,2.2182846401425507,2.2211819256849843,-12.637259973544515,0.69009570432147,0.30814276445544336,14.801715492133999
1.2354361576426511,1.4558667041356828,1.4254850013806788,1.423868989559279,1.4264732142359589,-13.279766284167229,0.8621710863654509,0.3908451744596457,14.885501471128308
1.8314753018652676,1.7541347423855964,1.758997746854309,1.7587899620484744,1.7592980030773888,-13.088763918076902,0.9371221969245035,0.4374728695076164,14.98847489197059
1.881157234354424,1.9425762712585861,1.9502421894775905,1.9483151732177246,1.9520150859852439,-13.34128140999465,1.1248133902028863,0.4205759919069026,15.235950393117012
2.035433728060366,1.994301914517563,1.9943567416447272,1.9943247179793837,1.9943626711716766,-13.119815513320184,0.99866703842009,0.47196978575611226,15.141463503512911
1.9035338392964825,1.881476347217509,1.8839277031677375,1.8840903156475164,1.8841405733863887,-13.059423444110886,0.8888651555919481,0.3054623960356195,14.976493436467235
1.4798333513287154,1.3840121861225017,1.3961598375509612,1.3958736221677732,1.3962711742657405,-13.211300389898788,0.8732258013945416,0.42713729740410034,14.834034645688103
2.647305910570066,2.3143903223321063,2.3522199795550796,2.3711984900439784,2.3463454664057437,-13.021053894920756,0.8863686214779066,0.39867074284816406,15.420662948289753
2.0805170601080007,2.1799095693210764,2.1574513000636246,2.1566558878862283,2.1571305114974337,-12.69816639262703,0.7740446494885532,0.39721158898272746,14.674176884327249
1.8411377417082233,1.9469896540758238,1.938096601709008,1.937952428948356,1.9379743404609446,-13.160553704218648,0.9159859074068241,0.40021583379353265,15.259173971565815
1.860240855753798,1.8529514140091996,1.8527369406957273,1.8527159062820786,1.8527596008309044,-13.622316749295301,1.0294224607297215,0.4086474387893143,15.52949799876329
1.9989755006793364,2.0505169338119478,2.0385950549976037,2.0383330033998552,2.038822552876677,-13.083136584860226,0.7686932999385223,0.4104809439518624,15.041474021404078
1.7987896345192076,1.8131787648999058,1.8173299542810875,1.8172554280261286,1.8172101560700749,-13.638312769251996,1.2884948062427728,0.4645060687580939,15.348921249792015
2.9763673921799576,2.7381388952587793,2.70371126895525,2.7039277088044225,2.7007294951924665,-12.870337563544187,1.1445151472156605,0.4440254665243462,15.286616904228662
1.795643534187498,1.8152905960043288,1.81644090486077,1.8163122516673935,1.8165392639071698,-13.283852173932116,1.0585486454496416,0.49221641796185783,15.324228553328517
1.4493815873349416,1.6003609177650748,1.5907533535325395,1.5904655807125163,1.5908840349439102,-12.938219804619228,0.9363650361598319,0.4644984581613646,14.755711341620936
2.134542681761573,2.0425640862332557,2.0445431072573195,2.045488449424011,2.0438740407476965,-12.44487884808165,0.9784838960336788,0.47681335801860475,14.61071435983578
1.7349979577554542,1.6017316287744616,1.6374357056479603,1.6348129848396216,1.6368982839345443,-13.245360681614667,0.7320847873089551,0.4226796854896264,15.130643271761956
1.921135431347034,1.9371156930789983,1.9364912711450906,1.9366193501294704,1.9364724977376346,-12.775188060027808,0.9609254251036915,0.40050847727441397,14.839940552959629
1.744755959855486,1.8609587345955083,1.8555944463146694,1.8556432406991958,1.8556020334053018,-13.610800646658138,0.9538368314109504,0.4575453849035945,15.439117792987009
2.194695390107555,1.964097736681622,1.968196991241102,1.9705357056056898,1.969989363415658,-12.808540565995969,0.9822233466014137,0.4351643958983026,15.040496500707764
1.697485997584294,1.8875596991460715,1.9175541450147686,1.9168001129578134,1.917754921002597,-13.287231669664127,1.157804291820706,0.439481787453595,15.101313831044504
2.4386306765082764,2.409570584194848,2.401159481957991,2.401301068554743,2.4009929404148345,-12.985729700095861,1.289438249064685,0.49448412795044455,15.141701549347635
2.119238073205115,2.0655484822463013,2.0618147668840208,2.0615989255262064,2.061716944678479,-13.214355255169641,1.0695426300629562,0.4902114361133564,15.301859208167093
1.1097379818704083,1.1115676570655553,1.111537767008124,1.111523080011382,1.1115262245272337,-13.283503047426139,0.983663735776383,0.46808292048987166,14.950520769332154
1.2437390765241385,1.2414093681749998,1.2417107696010479,1.2416941389552507,1.2416931985057402,-13.293769450440308,0.8706269709001732,0.4798001380750996,15.017611666958366
1.9925231275864956,2.3521451765305565,2.238172862238203,2.2445895440257995,2.241317493076231,-12.567613528218804,0.6830775125524006,0.37923938693994197,14.51969467013324
1.803843185852029,2.0074503816629283,1.9955986534679717,1.9981165472963924,1.9959586594210157,-13.04838183352605,0.9417912115151188,0.45765199297449227,14.682996876420832
2.8420349721967506,2.723705257192175,2.725245912504687,2.72491108394746,2.7252463237492157,-12.699945212089187,0.9869799795220293,0.43678198952152525,15.222142000465103
1.9581171323929376,1.9549123036783167,1.9548353345431573,1.9547725374499523,1.9548393072525931,-13.172043694050709,1.0240166143072225,0.48572720769737093,15.054979884613642
2.0535342894093107,1.9461946223400006,1.966337085596284,1.966318994655628,1.966175542087426,-12.758507465221877,0.8123483721700354,0.41463661206157176,14.952858008251408
1.8752258238524857,1.648681920671932,1.678784237539362,1.674841100970426,1.6787828731046839,-12.55143573646864,0.8671236945916035,0.4369730391713501,14.48154753238217
1.079352271781331,1.1760388692736274,1.153276164102645,1.1513216349905118,1.1540299129436318,-13.958967055904433,0.7645722803225493,0.4065464834345014,15.494967377527614
2.3777379093827937,2.254144150818483,2.2115340287679297,2.212113472714684,2.2114182732215935,-12.727773545127187,1.3447594971260832,0.5094368088350945,15.0400945128121
2.5131650514333046,2.764973006850222,2.7500532121352252,2.7489553874197443,2.7516270074180085,-13.021253170921627,0.940749311552553,0.3671194026911437,15.145276727622868
2.317385822840532,2.543668980829745,2.5355837090113242,2.5289918987883078,2.5391231143549104,-13.067211318910928,0.9642692284734407,0.4649573646526725,15.296133055221745
2.0344427679738604,1.957546693848579,1.9616264340540146,1.96212334740273,1.9620440905249519,-13.278476658197949,0.9469447530079498,0.44805906034664233,15.19459059215982
1.87224932195096,1.7324182156090584,1.7394983271810571,1.738346132910513,1.7385301640015804,-12.631111274509196,0.9493666913091015,0.44423175809842,14.668815706421569
2.107298287743374,2.0547142126531766,2.0683548841328023,2.068378671156237,2.0681923484458773,-13.367622770991703,0.7405931081562674,0.40883864639507733,15.359821484513304
1.9551377644684327,1.8842244187010406,1.9025953311123136,1.9014543791505085,1.902603299192251,-12.953389961541959,0.7409385749259033,0.37551291225902056,14.846725853512483
2.276111312940916,2.297723632750654,2.295194404706968,2.29509514905394,2.295218895856987,-13.039668390487385,0.8829728568727465,0.40037382638042585,15.24965744935048
1.3622898334974933,1.3037581229038522,1.3129527710920312,1.3131031248265883,1.3131145717653385,-13.225933249710296,0.8429116782180983,0.4032051837657268,14.865405064275988
2.380488608792523,2.50814723609472,2.4832711803544987,2.4836267308367415,2.483221359025795,-12.61252354757931,0.8051361175822932,0.38784018374732354,14.70696400305162
2.17029419148729,2.269265181140507,2.244501506624543,2.2437376559740425,2.2441989669107834,-12.853410793858606,0.7497885531635728,0.422188385293075,15.171401387382282
1.7260837415242183,1.5324764670675644,1.5464169583534646,1.5460338047057878,1.5461872771685115,-12.897582595882302,0.9279960356602094,0.46993181847897164,14.770312567145268
1.9726881816620958,1.8615397927736193,1.8448614930466656,1.8447039030618964,1.844893390230856,-13.592755983364329,1.1500543543072643,0.4509111370866706,15.464408730312135
2.2127665169752504,2.1892942356952885,2.182404905617748,2.182367462578268,2.1824488998508618,-12.853284545458163,1.2935091819738092,0.46557077474597813,14.98993766214926
1.4939036911556256,1.4448685894700168,1.4493532888862575,1.449633361057394,1.4493553276018099,-13.012148396994807,0.9085410397434361,0.48063728427374935,14.922581039375164
1.8381762796471013,1.8556541297078857,1.856851866054606,1.856646660512187,1.8568708806852376,-12.830774649315462,1.0685288146170104,0.48583348981073876,14.742556909255587
1.369869860719551,1.5557246409384997,1.510987737199091,1.51160307134051,1.5098568508429144,-12.923682587189543,0.7592910782993777,0.4317984789752159,14.588214124895499
2.7021658631839376,2.886027837009327,2.8416411347303816,2.8434549153390307,2.8414399060783424,-13.17642966383016,0.7585868281763414,0.3635212244504279,15.67272046209765
2.232951429978494,2.0887961168742804,2.1152337211439507,2.1133835329582613,2.115331165555496,-13.311629344469601,0.8166033308078107,0.41380445714504815,15.339407436978517
1.5808856529451965,1.8562231151869835,1.8717964683611834,1.8632574813503162,1.8741714834824528,-13.519123254340352,1.0565609672123877,0.4119717659957423,15.321951910388844
2.1735902354786507,2.2536759074964823,2.251574237416193,2.2517955521174176,2.2515354766454876,-13.104106999475409,0.9737572273874261,0.45149810046277156,15.349127010782727
1.5497700773773193,1.818570133265301,1.7785394301415935,1.7786920495521408,1.7786758648553502,-13.377083975286272,0.8510762842237283,0.48870324431471085,15.120267349845472
2.7739219224460374,2.5657133989971923,2.5779201568409773,2.579426019111724,2.5779327045369778,-13.052167365936683,0.9413724393142623,0.4831487580505063,15.368172343721108
2.2286889905399176,2.177257819485752,2.1902566431690462,2.1898925087416394,2.1903009455018303,-12.221522709283962,0.7472578707258098,0.3900618672029439,14.563543610197103
2.0727548774869065,2.030855346526706,2.03156092431175,2.031126214614402,2.031543611712769,-12.74410929277246,0.983160246215753,0.49886246982539695,14.80063800991794
1.8316409187425395,1.7138022362679488,1.7367617500606605,1.7357642837459744,1.7380254548169736,-13.08430622812918,0.8051614859351258,0.40160490665382403,14.968857214955856
1.4613342513284098,1.5993805527079294,1.6380791864465731,1.639192427256282,1.6381636503347201,-13.587808996409256,1.2803308263381343,0.5027433922450093,15.424231179136747
1.4705296249455901,1.4183818789898917,1.4225809472488886,1.4224042549793223,1.4225316888297208,-13.503195851255363,0.9194774734354751,0.39321949443449244,15.190079349487362
1.8667916409685985,1.7554450103252996,1.7367393039722567,1.7358155264108108,1.7365035067339987,-13.20041104814683,1.167995261688413,0.4973452272150525,15.21537819045427
1.6180782355849135,1.764106253228169,1.7340560260336946,1.735158865333883,1.7335595613133012,-13.044795301652982,0.7942160163545716,0.4109259390399244,14.844847164755924
1.8665807698108283,2.106127353987268,2.061558774832797,2.0586961078773944,2.0610530926261466,-13.147211241169169,0.813946087740313,0.38524478483496205,15.056954498326258
1.4941981066531238,1.6638782080222387,1.6935834417215665,1.6920658548773615,1.6954932944737229,-13.027778704870471,1.1750661006190006,0.4767372827099317,14.861961414183192
1.6594365882713544,1.5696082635068476,1.572494462467996,1.5739796394457002,1.5712683337721798,-13.040255249031919,0.9678698342787119,0.42576818911504327,14.855552035038583
1.9701250227742506,1.9484206092859016,1.9486482701980141,1.9485763984191293,1.9485717514011902,-13.387595336536524,0.989510847080264,0.470072613346422,15.427438604342973
1.404885010961935,1.3951904654770706,1.3958559049088566,1.3958528705747837,1.3958352467573831,-13.152301193712416,0.9313593986612566,0.5035141090061389,14.854223771658495
2.4355675160043733,1.9712244608429872,2.0146803608617843,2.014516338113346,2.0093810717811182,-12.44336158623634,0.9064142350450505,0.44566185867875246,14.678876313239352
2.251208225553782,2.070632039909254,2.044219927629948,2.0342903333641056,2.044035513792336,-12.80736508774397,1.146265755836148,0.41199981378449835,15.002409830316044
2.0733935867632596,2.1775474846767477,2.1725443241777143,2.172373402370111,2.1728073130305052,-13.127531970499573,0.9519637709268547,0.438930943687118,15.126644794296308
3.0425021673910235,2.9960901627134753,2.973292021750656,2.9737322692647465,2.973517511057058,-12.154413473340231,1.4912121577426425,0.42620701601622224,14.924343240724957
0.9698322181354213,1.0352949988831937,1.0402112999271464,1.0404306729652124,1.0400136685344088,-13.672928406023182,1.075100705894159,0.4375325026918148,14.997652850332402
1.2852591200938592,1.496366577834082,1.499123609446771,1.5046637749185587,1.4996838465063904,-13.387579594536296,1.0130598494349858,0.3979314919315631,15.062930066010008
2.7587053693779082,2.516319825219529,2.5095277244021834,2.50779324865466,2.5090069322945454,-12.631967547332577,1.0280218890154065,0.4514879057378639,15.109174565522983
2.144129366988195,2.353327480750523,2.33176320247822,2.332026977278262,2.331455591535821,-13.039686575819362,0.8969193465252652,0.4090482263837226,15.128236672197431
3.0002045219676177,2.7494458418429244,2.7453298391319096,2.746513828281722,2.7435687587578594,-12.497855502537686,1.0164141983398869,0.49789117360267976,14.944799414267404
2.174893218891151,1.9877414685196813,1.9749751223255838,1.9736103876742848,1.9746539876245448,-12.68865721003448,1.0682138754714223,0.424646510347936,14.86606942971217
1.8026911128057768,1.9163837200176792,1.9391763808118394,1.9410286361281655,1.939558944202766,-13.03078974386282,1.200476190608233,0.4471540879198804,14.886386006825335
1.4194030823712103,1.7854993117737352,1.700662030092114,1.6982805518459887,1.703298757194112,-13.500007578602274,0.76826507658908,0.3579438422084457,15.249937902984932
1.954763625180377,2.095200727448414,2.096772553974193,2.0958709663399198,2.0984142144938693,-12.725453251419928,1.0111923879117013,0.3945739222973744,14.801072936484651
2.570012247483059,2.2497292886009475,2.3542100830585904,2.353001011729182,2.3537604202816476,-12.335630643699123,0.6737859709354699,0.3754268369785203,14.722450131406521
2.4941822201963126,2.4174001549461015,2.38801740333928,2.3887132515954743,2.3880266217408925,-12.95512163424644,1.3826772764065565,0.4905226860924816,15.18559904970918
2.283262310661345,1.9397764580719483,1.984997511466323,1.9890066919891733,1.9823495567349192,-12.783870711253034,0.8683466784629656,0.4339189873928835,14.938964637332072
1.5407252814911456,1.7341345521713947,1.7647288640673604,1.7643930624309117,1.7649222773276043,-13.211167310919375,1.1581843093061737,0.3978866159191529,14.981397057074254
1.8554723827490842,2.108866643229346,2.0550804335559363,2.0517624080154926,2.056718696962733,-13.3815730831066,0.7877370640855551,0.42679571077455625,15.102015115153325
2.66216316058172,2.6828980712336103,2.6826736612246185,2.682662350958269,2.682691484532846,-12.597630807489342,0.9891771894868508,0.4022638923815946,14.89249037066403
2.0303456956352592,1.595670220708302,1.643881603427844,1.6495383322613846,1.6422011659862332,-12.91746612166582,0.8890864898056569,0.4290650007587874,14.930490142021494
2.0839608996620553,2.242243483577626,2.223074695482274,2.2210642300416508,2.222404086088984,-12.528101814027943,0.8788951530790219,0.3456596220253013,14.59582469991502
1.992792050683114,1.9914328269988655,1.9913879333612476,1.9914461343722631,1.9913363424851278,-12.795659433115942,1.0330288812195425,0.4057290402135636,14.882597615379591
2.1958424432412964,2.3799676005817805,2.3511616501768375,2.3514845946038685,2.351499330057055,-12.646972996796327,0.8435523378715972,0.39513875183163605,14.697631854094865
1.7063202752875404,1.6333241941564192,1.6420338591885357,1.6420884104548705,1.6423340226125038,-13.275997760510307,0.8806831148035013,0.44543091454551176,15.083123278714483
1.7382637600155446,1.7247674331060354,1.7273889693365323,1.7274180267451464,1.7274413516013283,-13.186844944864175,0.805759281908771,0.3897308796669534,15.144407367728954
1.9702545560004499,1.7178000197317291,1.717833957822626,1.7180420262536007,1.717552157442604,-13.266610373157164,0.9998655675140621,0.4612876824845288,15.152858094999283
1.6769160597959283,1.8333175778636255,1.8200241432398394,1.8202618888466575,1.8200006975607492,-13.001151879758396,0.9150044399311271,0.3634386112484413,15.003750125449649
1.7648467394418808,1.6919603281714184,1.7141450616984855,1.713651020209409,1.7141925214185252,-12.9668882533702,0.6956259316329269,0.39542447424923477,14.84527476965678
1.674605590195389,1.7801617393375229,1.7472539447532454,1.742074452681431,1.7486965111386683,-13.030313361303445,0.6882436991902133,0.32060089412417475,15.010843129272711
1.0787871716943611,1.4935819775465486,1.4862417655144162,1.482392133428386,1.4874514501515441,-13.263046150142443,0.9823039924112534,0.44404613328094644,14.99781674065039
1.944941171075633,2.117762668204245,2.0600862211826647,2.058324774642068,2.060404470879607,-13.36431376714489,0.6662657830196982,0.3530384835536272,15.120061261952856
1.765588235308365,1.2729753060426965,1.278522096411267,1.2816335417743028,1.274642927077647,-12.719470671382007,0.9887400633661022,0.5362791068175247,14.689873664885527
2.747346631882202,2.7870593349889643,2.7896352493038172,2.789635312972341,2.7896766356286165,-12.363891203923878,1.0648637366216978,0.3987809504683081,14.770170162005812
2.15178943564747,2.1908502467415745,2.184481470777762,2.1861872048772053,2.184451811297249,-12.76530150369025,0.8369522857969117,0.3929626632284225,14.923548868142705
2.0496300417242663,1.801658248363418,1.7655077848784135,1.7647920862530788,1.761572206910452,-13.047934831808236,1.1457845789436192,0.4711212839649339,15.18062641912888
2.350787934888923,2.1777724835470487,2.175057043166745,2.176072669547154,2.1731590580263287,-12.868113787720256,1.0156947854035203,0.4936528147157071,15.083446915935529
2.037559765595513,2.0646117429798974,2.071813966845261,2.0717020474002057,2.072029963089914,-13.18346915259545,1.2662365032702565,0.489793865452498,15.14602843018044
2.694076502023859,2.3803305262196366,2.3660361700641994,2.3639368295925136,2.3626664574145844,-12.734170361122521,1.0455602852555987,0.4924477533363808,15.011370920893514
1.5047481385870471,2.054353156266285,1.9232933850226162,1.918439586173159,1.9255974741466206,-13.318212538775859,0.7615382556056677,0.36609871556779133,15.059318630260464
1.912895944021077,2.054335591222223,2.0583239126214643,2.0587686480144702,2.0582541490535435,-12.79251152371154,1.0281980440291234,0.3533348244646865,14.806111177558215
1.6368719914580199,1.675350579606412,1.6669866016014832,1.6671307098038857,1.666722950210707,-13.404135917125553,0.7826329289246997,0.4483152656575898,15.134743769350342
2.209860726799655,2.3108838556859697,2.2815605012927147,2.2807126825725597,2.280668343809053,-12.978187022741936,0.7097362285595674,0.42020598910391027,15.183771336860632
1.1080732176150248,1.1038983866334209,1.1034150139445218,1.1034147831594225,1.1034152839745843,-13.358713341665917,1.115782576834496,0.4861677476937012,14.951867304168172
1.417151114033209,1.4851618887928184,1.4790439090329244,1.4788609426584305,1.4793389601917255,-13.16577646442984,0.9100439631585208,0.3361439582962901,14.94504016709619
2.006376100579672,1.8645323183082856,1.9257455854882062,1.9213468353049425,1.925705859449046,-12.791194609113624,0.5684458902625596,0.360055219769667,14.910803192085535
1.9356949259910126,1.5968346127902149,1.6120810449485865,1.6208431590231198,1.6074747198515036,-13.078990994363194,0.9550067341484847,0.45783530624307994,15.006051047165254
1.6760665598641125,1.8485780168225128,1.808711284214125,1.8100045476822642,1.8097843810723488,-12.793612662895452,0.768903855365383,0.3669797854738395,14.820937598156066
2.1756680031473925,1.9519634799677898,1.9699738321149325,1.9702450096117543,1.9694423702381918,-12.635307164698064,0.9194904426108381,0.46035248053011585,14.885880210740098
2.538069921361888,2.575452661179159,2.566523348354006,2.566406205063334,2.566515014175491,-12.77689784509344,0.761138084880884,0.32926116555627094,15.002087196409581
1.7181649636612784,1.9080127422512534,1.8803063314740216,1.8804326896169097,1.8811715731375822,-13.043413178496134,0.854059863207188,0.3828567852375288,14.922212177904546
1.9935404739572302,1.9383939579409082,1.9389159955769646,1.939012586749607,1.9391410798338873,-12.586325259260574,0.9905336243562086,0.4505247570687362,14.56615850348789
1.9883429917629085,2.0597468275301853,2.05412468860568,2.054633619558798,2.054513003833595,-13.01122423325652,0.9212627884189726,0.39121245291053547,15.020777266529008
1.6160140696040262,1.627449979283741,1.6305839673412634,1.630284875533774,1.6306893324488714,-13.092666926174202,1.2740479896480397,0.47437376157220745,14.901009960373633
2.0087537477618342,2.157986427668357,2.179968018804723,2.180392944833317,2.179157624866894,-12.904422919084467,1.1472974361254804,0.45980226028884624,14.939869673206095
2.5002786322544734,2.5586498902310426,2.5507165632931015,2.550433015352059,2.5503620584981688,-12.971765371699851,0.8640884707140317,0.38069716427622724,15.076960077738791
2.852175174578694,2.9209354689206495,2.9301441041164273,2.9299083523469696,2.929725031125662,-12.70682411185404,1.1339237314776647,0.41483076853606193,15.090138488137573
1.6665798563316667,1.937091255178307,2.0025702188318153,2.0009310435457506,2.004057775941229,-13.294344061392678,1.242056208842536,0.4031871531342045,15.032041216417303
1.7083590437510014,1.6156560715571209,1.5887213458580032,1.587541706649791,1.5886694563443662,-13.043648373676355,1.2905486745644543,0.5458143754532104,15.057475396936779
2.0787610117047035,2.137770371833566,2.1608359581399705,2.1606599135686997,2.1609713594658726,-13.257481070019699,1.3908801291191146,0.4375700322999929,15.182009999438664
1.969273515366622,1.9523390361378645,1.949539258073985,1.9494483096286275,1.9495652923935047,-13.239354553784915,1.165330036197729,0.44084216113464925,15.161394374786086
2.146102098397262,1.763842748227754,1.748026062754033,1.7554986689321839,1.7478407851133642,-13.253312327395053,1.0413768439325473,0.5404222543085982,15.269555088149405
1.5453472120147886,1.8235759934459534,1.713836646738997,1.7120283539065653,1.7133965341896835,-13.015960341856072,0.6055787394011711,0.30080234946395307,14.764805655571626
1.3215259592718906,1.7365012811563805,1.6430417301977123,1.6463476662935987,1.6447588795550026,-13.448447163596452,0.7747828701373177,0.4411124349272344,14.971635888285194
1.314284287574137,1.677599643279971,1.5783677720016325,1.5755840079763364,1.5834770876901385,-12.792257272298787,0.7268712436182196,0.386729464116803,14.498194032469897
1.3270240103626973,1.4875955182253817,1.442223585267303,1.4443767502750757,1.4421960571747325,-13.618309242633622,0.7174347207545738,0.39302445202957276,15.299371261970853
2.0203340132674867,1.9022079956753088,1.9179025096038897,1.918301778807137,1.918252386545574,-12.957815061274543,0.8671375345712148,0.4405202837270917,14.860437787066257
1.9401798540911304,1.867203616297436,1.8750925027619927,1.8751554046616021,1.875174943301298,-13.084060878851847,0.8918978738413588,0.4112441275281065,14.940759551417305
1.9946620129008479,1.9392127294407815,1.9541442289478148,1.9538141677174126,1.954232546069373,-13.358852054550887,0.730717899758122,0.46104768810258273,15.223242364618304
1.5989788504789164,1.36143831262547,1.373259584611858,1.3720306606744737,1.3727525206907432,-13.164225310510414,0.9502347174372374,0.5172322284850358,14.987847584736537
1.7998945343227137,1.626351094379524,1.6534916616427127,1.6513440804366748,1.6540664602622068,-13.06165054037957,0.8436093736987474,0.44931380964698214,14.880648270843004
2.0325170728989574,1.9239507975924572,1.9326187879621552,1.9330529019047817,1.9322031452062678,-12.90677894490103,0.9201594570208192,0.4314243944498418,15.001900522166771
2.0994823402071905,2.146881612852842,2.1461574062845736,2.146105414106624,2.1463181992806306,-12.747757628893972,0.9847211459618267,0.4791100862028216,14.856701917068676
1.865073133033261,2.0223227725101625,2.0230504774555786,2.021108768788192,2.0250220874887,-13.114934554277655,1.004627705016279,0.2838908302978543,14.963274997384605
1.2423916174551017,1.5404618604513851,1.5196626383646872,1.5187867067827865,1.5186841202575416,-13.80363240599662,0.9302204008101621,0.46442622678332673,15.287270496901742
2.5468425230870317,2.526239063401155,2.530775980794783,2.5308394597085186,2.5308639279521605,-12.617970656446285,0.779798273552241,0.3736893845291882,14.714178646806852
2.666917688582032,2.554406961002737,2.568956280297644,2.569494078334345,2.568852719693643,-12.484833758995826,0.8706850483688061,0.4050521115638387,14.873929831890923
1.8502905207247076,2.118518303575995,2.116912257148913,2.1160168957135665,2.1176589936106796,-12.870777852766633,0.9940123785462904,0.3944444010752144,14.831055751921832
2.4956152484063674,2.622250131691036,2.633771835715226,2.6329039511866785,2.6329480470802378,-12.487075011636584,1.0909836509920434,0.4357143733726838,14.702111965500663
2.0359586194932393,1.8803996643154615,1.9067135621449567,1.9066152596119386,1.9068208918284848,-13.419719130025618,0.8308429251184988,0.43541070753986266,15.350899863811364
2.784733598369349,2.6380284664613787,2.663177140054299,2.662435203057192,2.662908375474249,-12.605426271883333,0.8285767289402255,0.4103427925448028,15.030345661365896
1.7138839455479182,1.724283409548452,1.722990462567923,1.7229789433737435,1.722963674301604,-13.205722152234127,0.8756717672698069,0.46645085371615586,14.99948827268885
1.5252949276602348,1.6357761309243382,1.6190388209586468,1.6186067720104511,1.6184064712688424,-13.098808084737435,0.8485053613538076,0.41157209199213624,14.760067358430735
2.6223324863777684,2.620575508942122,2.620392762980036,2.620363171173013,2.6203961847555757,-12.443852880925107,1.1040115589294173,0.4214066036916169,14.72435137800387
1.6838131198526975,1.6119967501191437,1.6277843729615784,1.6278827723899731,1.627815129511918,-13.163981163796803,0.7801667934343012,0.3930985776761173,14.966895258048226
2.746778995712135,2.3936450574562076,2.484314915828198,2.486389904636625,2.482398019290761,-12.32840172194356,0.7432422983194557,0.42305915602368516,14.7171001807238
2.5073393628006126,2.252234894716631,2.283581699779446,2.283476003079194,2.2832925064386536,-12.760297567972925,0.8771216933272388,0.4203134099226068,14.91207295370182
1.4449609810818618,1.5251547577196014,1.5186052320520782,1.5202483857522084,1.5185981612806485,-13.015437826692509,0.9183287538993261,0.472392703570686,14.793597448526848
1.7499318834814643,1.8605420000995652,1.8740070254568657,1.8741851911400471,1.8739327921628717,-12.727896537399726,1.1217341213353138,0.4517133597229506,14.669793467664876
2.2193242249881,2.0203197854189785,2.016470660387518,2.0183426165616014,2.0129133740745493,-12.940176446683935,1.0193419053353505,0.4772443620112911,15.004996571290654
1.6627479624269295,1.583848441855168,1.5758006767517274,1.5760486574949515,1.5759505682811419,-13.316944240937307,1.1020001775057866,0.4544581346233943,15.098201622616916
2.3933716455756535,2.1930553696128916,2.2038360070240985,2.203802095518392,2.2039075544144726,-12.663453955038753,0.946181919769663,0.44572502093478594,14.898009258395932
1.9122743830045241,1.9324519254338337,1.9316592822775018,1.9322235163779282,1.9316803787921615,-13.178476324763743,0.9607165659986119,0.4581285552580087,15.13623265227638
1.8577888658920394,1.9562340276935073,1.9659521992432192,1.9661023498856365,1.9658107277114936,-13.138124752361646,1.0987165988848695,0.5078063766545238,15.002532975082921
1.7837214787828477,1.960407630384805,1.9677341780258235,1.9677470506860835,1.9678204742405152,-13.404183639091293,1.0414664509617244,0.47244808498908575,15.241488972958905
2.595761969559181,2.6524677312170635,2.6589727145845217,2.6587938272076346,2.658822801705268,-12.570373779905163,1.1147146811412925,0.47241650065354085,14.83452085698102
2.558646746372813,2.621787449667199,2.6132278508813904,2.612850425071401,2.6131458582122353,-12.83574523784081,0.8644361190292686,0.4459449810460762,14.97755884449203
1.7487765884403486,1.6269114040551393,1.6322556323242523,1.6323434167909723,1.632363472038918,-12.892933184841612,0.9561463899958506,0.41024300391514373,14.798206408942814
1.9892370934344923,1.9987297160773942,1.9999849702246386,2.0000273667133897,1.999995473616873,-13.171289251537658,1.1322347041977103,0.48582193282867986,15.155611501272636
2.19264471227405,2.1999389847254944,2.2027958163666654,2.2028127924516396,2.202785868685211,-12.828357734916018,1.3916540902726235,0.4803827491246115,14.958768523519966
1.5897965640396161,1.7263180838488843,1.692879831924637,1.6930880515942786,1.692803217560876,-13.244247208666849,0.7550697357386358,0.39716512526512093,15.161801869299554
1.805875675081723,2.0567134844181365,1.9853521621589207,1.9847606401092466,1.985690133872213,-12.761634599805898,0.7155081108067376,0.33257795195616957,14.565211837541746
1.4748232086036,1.5025624615095237,1.5045575796509587,1.5045919036968676,1.5045215185546157,-13.135714853030736,1.0719240041612157,0.4988803622125941,14.902677463255834
1.4555301207844862,1.3518395332452409,1.3441893640651597,1.343774619328774,1.3432127723808807,-13.746098551187313,1.073778819868156,0.4648168356162578,15.593699961797677
2.0786116223341637,1.8666065350420746,1.8961289850973424,1.895152897738272,1.8955563888825404,-12.911482048297964,0.8607465017356225,0.4071761669866022,14.967237904061584
1.8294199616878437,1.8394123382071526,1.8397369150787033,1.8397177185005595,1.839738162587393,-13.375101993826917,1.0324824500882102,0.46548119351260353,15.228642581858521
1.9203694355574328,1.9270038546942252,1.9266691131196085,1.926679814038405,1.9266632472304102,-12.991418951908063,0.9495447050125692,0.43493774973927435,14.796541612872375
1.6494986118794326,1.7577766829540686,1.7450767565747405,1.7454889915504508,1.744669783405824,-13.545348163062885,0.8827100792128614,0.4405900924049194,15.410792575376204
1.1778033212916825,1.149375360676156,1.1497935041090082,1.1496675463098693,1.1497601373468949,-12.473061191382346,0.9852911210020379,0.45486592295086015,14.125158075427466
1.9268443561823074,2.1263932352224737,2.0804887233826737,2.080484378085907,2.0802260493854554,-13.561705012872519,0.7699585582209145,0.3846530740162095,15.383877514850097
1.3582122113246111,1.5316240793750928,1.5575583546611476,1.5566202669710565,1.5568164319277589,-13.515483713553845,1.1495530587243608,0.43360403315745333,15.136408747533805
2.199841673650136,2.200437396956155,2.200433857454721,2.2004339552487115,2.2004338201086613,-12.695467597243411,0.9940584808441368,0.48196428180989326,14.777850099713518
1.8198235952405986,1.9807255357642262,1.9818674268417815,1.9803324268487166,1.9814462521626945,-13.015830451789519,1.0070968135862066,0.42064658027357466,14.952714937879577
1.8777813946750175,1.660835896794018,1.6768423028195945,1.6774293546743002,1.6769419496017899,-12.985637749286997,0.9262192293367782,0.44834941504612136,14.670787786326304
1.6640700292076145,1.5939624854886756,1.5922611195964305,1.593862915451778,1.592130341954403,-13.313776233058636,1.0242679432482416,0.48032609712144214,15.028351824472484
1.7014442301201618,1.7622948398166365,1.764119899037656,1.7639855136954485,1.7640588486304876,-13.44709084187681,1.029992455788426,0.46880964509708245,15.232505302829672
2.0704408303590363,1.9081563118744216,1.9188123543983604,1.919350234620778,1.9171815689818867,-12.612639261207384,0.9343372823024483,0.45005484116363637,14.795511262348441
2.2081210140930008,2.0952425658381912,2.088321593625527,2.0882038744401035,2.0883901646373704,-13.119603894458049,1.0613134953542323,0.4911472124560297,15.148384856207166
1.9784865632778756,1.9873459442811354,1.9861256650768282,1.9860999811483218,1.9861514062551766,-13.09757535796977,0.862261347168831,0.4576486205225728,15.051674607542243
2.726777326631848,2.253023634333947,2.260799338007212,2.2641675600489393,2.257951494902095,-12.718478486472712,0.9835870330940337,0.48097167845552724,15.21022803648103
2.3916465431725813,2.297867333097119,2.305718793749099,2.3065281503301414,2.305494508645034,-12.40560778464625,0.9162771722467916,0.4285041701947678,14.794308798896616
1.9264798275344595,1.736173969780736,1.7254314342521038,1.7278561307639788,1.7242621642023788,-13.07025345319829,1.0564487906753441,0.4797541248322857,14.984566260585883
2.425921670403918,2.470362863821908,2.4674958779764813,2.4675755619732316,2.4673998015441434,-12.394560853395172,0.9354880995552525,0.4067738164185254,14.627971377471244
1.5572621007516287,1.8635184731328007,1.8218805226787766,1.8289655366088133,1.822066171431887,-12.755800809158615,0.8640421744361279,0.39066166677675285,14.662228604269085
2.8289106620277895,2.6751443652469153,2.673515724490334,2.6750512335013097,2.6719002640263,-12.4670104392888,1.010591662741946,0.43764603717464196,14.925260727990736
2.045479363063712,1.795309514472868,1.797299255034494,1.797148426654122,1.7967235484933521,-12.968330201520455,0.9920464413564097,0.45938311749673216,15.019842834811993
2.3310570823872734,2.308587741991971,2.311802286070639,2.3118242359505277,2.311833425621502,-12.904330652012899,0.8569364288353005,0.4227333653016879,15.165319685818012
1.5757045697802727,1.873642085178999,1.8068592695968806,1.8060856303995707,1.806809272615216,-13.30976426620566,0.7758495921779309,0.3767899956284347,15.106348530980103
1.892088105080496,2.0489841771135375,2.029694807504545,2.0295820580400488,2.029430912784173,-13.196791748305882,0.8770563892451751,0.3433242390061537,15.155240106098995
1.854709881499779,1.818957272633397,1.8256618161850389,1.8254407426320098,1.825665490977051,-12.931981697014601,0.8124740049964009,0.453696770021095,14.947626196177696
2.3123187518114503,2.2286736153283444,2.250207738877392,2.250075971164512,2.2497713739088785,-12.840932766371333,0.7425537878894376,0.42063479623882094,14.993624544299392
2.3660873164159275,2.4374262956381885,2.4235638228466247,2.4240166321169943,2.423639411939676,-12.780509337286166,0.8056816491812433,0.4089301783090635,15.046055300221678
2.0955550505233083,2.2290466442364165,2.2423719598012286,2.242987041967706,2.2421471450138064,-12.707968902090817,1.0998213834606692,0.43419018328804415,14.845882461783278
2.123905261454415,2.135143062765018,2.1362545177928327,2.1362948682006175,2.136235635683983,-12.761855101165999,1.0989032460261468,0.4746353034630229,14.916925880436917
2.5479804877848666,2.2519815463220896,2.2755821249715624,2.276400570147427,2.275006969882908,-12.51823331419006,0.9202680302407747,0.4073514852024179,14.906209154544818
1.5645969992995559,1.6425330044359572,1.6551391123808088,1.6549505913655809,1.6551562352100806,-13.055170919714461,1.1617494753905855,0.4708194713981679,15.01495274157126
2.3234167581454095,1.9745638151531597,1.964857390051898,1.964552668607201,1.9624352057308505,-12.936679593116532,1.0278238303452631,0.534234847154682,15.10877260923302
1.4437416137346444,1.5257961138315872,1.5175919797783624,1.517757189029758,1.5174784342590664,-13.609460380238957,0.9000160375904878,0.4397388809553015,15.299302645858852
2.1523695702473655,2.0244812013317826,2.024490168321468,2.0246208169028757,2.0241722653303933,-12.619826065232484,0.9999298842438802,0.4868765602278604,14.570680117636128
1.652850489887565,1.858618498712604,1.8606171933419529,1.8595107320903042,1.8619805801266065,-12.56811481824418,1.00971333999275,0.38769487202381825,14.356631278178556
1.8178709934196435,1.8463965634683805,1.839058507776467,1.8394977524362828,1.8391069183227635,-13.060214134949588,0.7427551603920165,0.4232268662000657,15.045995809421845
1.2461417800078396,1.596161700708824,1.4993912586802567,1.4966558580656046,1.4993761393032394,-13.72786627090573,0.7235287584924733,0.43498420557950807,15.322750931194559
2.2577298846062637,2.0605082838285025,2.0969745962435367,2.0974433371634778,2.097394781705335,-13.023339194298376,0.8150998051368313,0.4454236396805167,15.11123468705648
2.258604226913839,1.9243039575373868,1.9607097347496831,1.9633493334396084,1.961339381103146,-12.46248887913556,0.8910985705150618,0.4139416609626033,14.706774113319705
1.575283394413382,1.6756999531355923,1.6467571783290387,1.6466557555172991,1.6462572649810203,-13.280965691193275,0.7117728871129706,0.384709752272797,15.076141167291462
2.3114112507537694,2.261186745862359,2.2668647439845317,2.2659941659400022,2.2669192168469783,-13.088415760725852,0.8869476536513486,0.5004763312109026,15.262871609705272
1.659255191559785,1.73609020609021,1.726297720380417,1.7262282632472963,1.726227832375791,-13.700825028043917,0.8725517816370697,0.4017883636633541,15.532586217596192
1.0103043197778867,1.1610437214025617,1.1407884784833044,1.1475684879925743,1.1408504611628172,-13.65137411741759,0.8656274159181649,0.4204456375711425,15.063609374832467
2.262792985637668,2.25967167177825,2.259376625366537,2.2594195683453293,2.259343513097504,-12.594455207348314,1.0945263517230899,0.43665494124492105,14.81053278504811
1.8822377864772113,1.916289503943938,1.9118229369356365,1.9119076543696176,1.9117877523178035,-13.15090968798119,0.8688299051973922,0.4336703394764164,15.06020736644555
2.4548722880812144,2.398078199078053,2.419478013015641,2.420532514974533,2.419433801471821,-12.435360577665032,0.6232035003432084,0.3800980671915255,14.576443660772
2.1524665849914606,1.930100677309279,1.975490185390067,1.9777622688129268,1.9746387011325455,-13.295344943031619,0.7958791949993427,0.39436193578894485,15.426859893077442
1.8213807796997836,1.6883041226108344,1.706778476664425,1.7074712396281264,1.7078508650025876,-13.08573580357705,0.8611750966869977,0.34803234437458924,14.903941536008144
1.8788173656394767,1.809787177680259,1.8207158335658993,1.8212569261425475,1.8207797299167316,-13.32735085380003,0.8416829475808972,0.4048234086986588,15.157650635255795
1.7979980597123866,1.6096591844248243,1.6188299469784586,1.6184581016164599,1.6189866850446766,-13.00840480017561,0.9513071184075386,0.461032244528591,14.99719584016894
2.007284254763908,1.7302891242868186,1.735795815340543,1.7351688254527282,1.7353188284141907,-12.881207800073954,0.9801198994211939,0.47650986604271167,14.952655077298177
2.323065414894538,2.366250056933923,2.356166613533259,2.357194413868131,2.3562294844334497,-12.825649494199643,0.7665039485225482,0.3620493975266819,14.939976788154125
2.0316910853837604,2.196021713922895,2.2132825726585796,2.216460119002217,2.2141737446700125,-13.232931616499018,1.105037380366225,0.3864499589307003,15.250829312669783
1.713480709404131,1.945890759821695,1.9573993880168237,1.9564903807579963,1.9575266960499786,-13.475260686025022,1.0495186338734108,0.44549017526674406,15.242637680391432
2.6206865508509285,2.503411598036816,2.522756408110522,2.5224672450031314,2.5228381637273145,-13.073321003169948,0.8350473855711662,0.4330244228218466,15.398524099848764
2.107793145007976,1.824182490605474,1.8257048828802687,1.8250939044193384,1.8251142101986568,-12.731061162273164,0.994632104784632,0.45447790115967035,14.800074828386668
2.6498808760048136,2.4176742556963733,2.4234429457344744,2.42163696368648,2.4217318305411184,-12.399458785112673,0.975157081953826,0.4376862158623107,14.73382177411702
1.6638467635497012,1.8135271611572126,1.7887150178905356,1.789711452915528,1.7889454673572183,-13.136097214618983,0.8342325136539325,0.4266079848817025,15.019483604120516
2.4134890459265934,2.2883772999588254,2.2856026250083334,2.28383614802891,2.2859568055164328,-12.87283339027649,1.0221775735685632,0.4729965404239793,14.938715005627628
3.0477024958259085,2.604350976003455,2.570581328004783,2.570191722248989,2.565967477691886,-12.437209301384328,1.076169013725713,0.5482083633430324,15.01123856794039
2.5058235698592615,2.3006986807670193,2.3207764447614467,2.3156797758665717,2.320540377523912,-12.689251246500834,0.9021193182198483,0.4399284227439467,14.812719546399622
1.4951717144300947,1.5007054610459756,1.5013730374053005,1.5013748949880252,1.501361770106087,-13.264924500039005,1.1206373196432995,0.4866099947576888,14.940362191296208
2.7012044641471125,2.370545170815391,2.4225118252588453,2.425691134989538,2.4241086159545584,-12.335259160948937,0.8428392744693837,0.38780457487357767,14.666743966679372
2.260400511627281,2.3257994117160923,2.323902370298394,2.3239129845169737,2.3238060358618666,-12.707341695864379,0.9709927626439758,0.410327952934803,14.830191638491675
1.8034163098929334,2.1742345997640213,2.1118797841685755,2.1112061733544953,2.1135874195547575,-13.118621191681743,0.8318453611953074,0.422676175316549,14.86521304921875
2.6291356892854205,2.515327079447807,2.5096729159572666,2.512866690247857,2.5080523941323714,-12.153084117925275,1.0496813334123667,0.4312532433811632,14.428933595230804
1.7646190086176698,1.929469050135305,1.9572463645328517,1.9575311087770444,1.9565169976549244,-12.980867517806672,1.1685004998592887,0.4554501340883846,14.931349891024515
2.4230749405058374,2.255329259615202,2.23938698988265,2.2405976009625608,2.2381426694160744,-12.813256744871415,1.0950383321222188,0.473696887069098,15.07097200144544
2.088935228927091,2.1729263372527923,2.158183896913214,2.158463056594579,2.1578125860986423,-13.110172426591083,0.8244761780924396,0.4419762637470715,15.206436366111395
2.672047769602319,2.4382998697319254,2.479805716011936,2.4811147586089835,2.48106284136517,-12.653898527820683,0.8224332868743437,0.4772913969678995,15.050451860065664
2.230122329802657,2.255497699844015,2.2506771975385176,2.2504595281332724,2.25086444748233,-13.299470875013842,0.8100322360761418,0.42386852530796776,15.36460302458921
1.897141592633249,1.7572035583672565,1.75207763845762,1.7497523001185757,1.751004126334582,-13.76062362527798,1.0366299264994194,0.46418438532086076,15.555709566920505
2.4421451295140777,2.1474411219258913,2.2174549803214374,2.2214318286242793,2.2183220582488095,-12.669196751576031,0.7624265140860194,0.4273835607591954,14.864946463225357
1.803915448672207,1.735380873436322,1.7458089529958403,1.7468063848707147,1.746140302701986,-12.5074042449173,0.8478420633143563,0.4478270213033058,14.357434796566324
1.7415569493344027,1.4802464701286397,1.5451855181428036,1.5452871845827618,1.5452890158357806,-13.313352751338808,0.7514870118812623,0.4433104667501359,15.287239071521281
2.11405204549507,2.18427130720418,2.1976920134148505,2.1971236823426494,2.1981352879033804,-12.899171820693457,1.1911257094423253,0.43050396707604316,14.88529048746734
2.384520225042424,2.3864131311794603,2.3867614124489727,2.3867585782878047,2.386763111879892,-12.77363821948625,1.1839928893984337,0.39839858826625446,14.84884351376852
1.9614706358175817,1.719758692509516,1.7500007055914684,1.7494837909546188,1.7496724164454909,-13.21496800606353,0.8748840761939157,0.4055786459067295,15.24314475116822
2.094558109369964,2.1909905514018866,2.1874699273921268,2.1869790896693924,2.1871007990468603,-12.800139863184683,0.963491290528611,0.41488499414727553,14.845897275228074
2.124332350663346,2.2571356995600116,2.2682123603257365,2.268389622611151,2.2681223114504343,-12.538827385771814,1.083406486792321,0.5084666290687967,14.825221151111293
2.221485770504048,2.1977501081719515,2.1987514528015613,2.198724982049333,2.1987625290334236,-12.571284120181229,0.9578126527248485,0.442115491428089,14.777267923155861
2.270476398810712,2.152838513052851,2.1649806920159285,2.1652479767636468,2.1652216989532684,-12.679169577723854,0.8967834309087314,0.5104112979187629,14.859317190668932
2.17116107227982,2.151483681392822,2.1540160448594,2.153987567623709,2.154006289168179,-12.796613810411152,0.8713059327264948,0.43669342105288445,14.866514723548889
1.8560416687230243,2.0301412634356284,2.021609341944461,2.021610409980926,2.0213426393342715,-13.330180529471956,0.9509940186520813,0.5152920765941524,15.224071469042585
1.7768409814652368,1.7049167317611924,1.6880295985532912,1.6879953704760133,1.6882263800648936,-13.38496333397608,1.2347905369522614,0.42460250962029034,15.331951347687841
1.8892574268807059,1.7424400137787102,1.7338510520337733,1.7339250472388978,1.733331806816117,-13.322275716756419,1.0585009745333838,0.46588221701195826,15.188954799402584
1.496969002582836,1.7907451239263121,1.7126420020170898,1.7133640997880804,1.7134194724126002,-13.690357965525724,0.7341406729994044,0.3897900373290768,15.245079540328115
2.073867094213859,2.052452040568774,2.0510074853043667,2.0506163250112084,2.0510581677087654,-13.04053403603714,1.0674551317193766,0.4793970993265651,15.02275466653319
2.211069813460358,2.0375769739515297,2.0709869655436917,2.0713607792326214,2.0712331526761765,-12.679570539849529,0.8074272593223566,0.4054241633095067,14.948152334471269
2.18715299381365,1.817268191052427,1.8267267879239706,1.828952643321983,1.82830188605098,-12.872450483552486,0.9744282630674883,0.46913197553776137,14.876399972427665
2.039000472904733,1.9468251258079665,1.95640696128301,1.9564602102319184,1.9565798722174863,-13.140675951823809,0.8960477418654604,0.4948837449118211,15.263993939698699
2.0630752839944986,1.8472925674443288,1.8711667366054634,1.874455949756216,1.868472583476556,-12.956710139649882,0.8893601417999372,0.46577452472566866,14.8976504275951
2.872610096646845,2.5897263144812936,2.576082846536763,2.577816124854265,2.57441931668345,-12.040295900804006,1.0482299403666295,0.5404066944491709,14.595963124150362
1.4772016263432373,1.292989729308252,1.280261246658146,1.280719781037213,1.2810941090212968,-13.336535485106053,1.0690969630896825,0.5234914608833237,14.870672841835466
2.1856861426343315,2.3910012949754282,2.4327831161976703,2.434776433517005,2.4327433886158607,-12.712377726936502,1.2035009143057738,0.42528299810810005,14.699748523327585
2.0883486589014324,2.339878991350843,2.286834415689725,2.28645891752896,2.2872929154940147,-13.000677532152,0.7891126086282779,0.3259015842818765,14.98735545812224
1.5700292482692548,1.708534985679115,1.6998917934791449,1.7004022080305166,1.6998848690631607,-12.94797333918932,0.9375968652158151,0.38917713691450606,14.65575298087271
2.5090361445844556,2.4027892604355654,2.4166464838421966,2.4172461167838666,2.4166744776234115,-12.93368651327852,0.8695752490283642,0.43200088306558926,15.196425080614263
2.7370190233289016,2.874714099566937,2.888845007371255,2.885940906707779,2.890815585971213,-12.32393528163314,1.1026246412754028,0.42331222619386866,14.79308399195307
2.5975660168600836,2.0790231877942653,2.187337751432394,2.178623425596829,2.182408123358316,-12.503181414590843,0.7911174206511269,0.44207050718812535,14.884001043949507
1.5908655587042009,1.7213561894441558,1.7073015811874563,1.706914885894943,1.7071539716181277,-12.734831403343117,0.8922941196850585,0.36766425682941756,14.583577299921298
2.323617148362285,2.1933017745432863,2.1964886211692995,2.1972476708470987,2.196251809197449,-12.07863702174056,0.9755451215568838,0.43244777245208255,14.36872235333203
2.3185064913888933,2.3996692918286446,2.403730470097128,2.4039468624426936,2.403329440527604,-12.860343027835038,1.0500374339781173,0.4586845861602637,14.952677772489086
2.630172910103668,2.747944821312328,2.744898966177547,2.7458191262049274,2.7448341764157593,-12.324738342329193,0.9741376776217573,0.43167447040076806,14.45657631892015
2.6467277991067384,2.4699006110126946,2.516596707733619,2.5164766825244067,2.516617783359139,-12.542239954938927,0.7359224154144758,0.41105915423502776,14.958372857005651
1.5261998990858738,1.626174546299187,1.6635056832912603,1.6634583532673468,1.663538287395646,-13.291549191932663,1.3734060387572147,0.5262856870445108,15.067423366077806
1.9910346496234013,2.056905427388983,2.061096748862245,2.0612488106856457,2.0612880269801543,-13.513622114611449,1.063629451714979,0.5115195801594321,15.324133977793817
1.8752057729941496,2.0772244138490965,2.0346409071167892,2.0349649489055777,2.0348147022550918,-12.850075037141128,0.7892100127389551,0.35807970422000795,14.617667316761995
1.4794878878060016,1.7220924399112951,1.7123515121271529,1.7103295288599014,1.7133727071321085,-13.17363236717896,0.9598485366428128,0.37664726138660065,15.100257792397613
1.531802161066237,1.2721607879526877,1.2851486990416636,1.2884295009316644,1.2829044606203441,-13.373334784047433,0.9499774980650115,0.49740334641197115,15.054035052497111
1.5396576034781169,1.6408276694021378,1.6179964846445822,1.617627145306779,1.6187191055903745,-13.279051433043321,0.7743286559217747,0.41373033507688645,15.12726328606367
1.7272039708506337,1.7997977527428966,1.7894089772825006,1.789297660474242,1.7893111334666838,-13.490951160209969,0.8568916622113238,0.4618328424873264,15.271182417258983
2.1062902963199885,2.18357287144984,2.1983880385032037,2.197927667220377,2.198747303351004,-13.299680448232706,1.1917012603225379,0.4287831923870716,15.283702716951503
2.343365311664566,2.0427824916510966,2.072766939432495,2.07376976053117,2.069376816738214,-12.540298853347792,0.9002456368595741,0.45043219892778086,14.656319129846029
2.3833070539289496,2.2002428032605446,2.1939388464098766,2.1954098646492106,2.1930982356799533,-12.619011968369408,1.0344357613660276,0.46089864478884085,14.75463265402906
2.0021116044263194,2.0825917804420766,2.0973992066445755,2.097802420764291,2.0973568531337965,-12.90189426063126,1.1839884917697026,0.47879596079340336,14.839344302773341
2.2131592946247465,2.334858616365347,2.3320357055570984,2.3285406083785367,2.33141601351781,-13.343830279923566,0.9768042190550122,0.3909642383165096,15.248685118279823
1.9215793773484886,2.0206197868214515,2.0357485247607956,2.03566650677844,2.0355725060842182,-13.699530517071853,1.1527531844814767,0.44819828949071444,15.448968250153243
2.3972072073151858,2.477293408259829,2.4774785261394228,2.476223351309916,2.4784644002395373,-12.833774006047348,1.0023114828448558,0.4709811858337789,15.089066320536483
2.2284802550584266,2.087182644335682,2.0955708846496885,2.0956892746392795,2.0956930466922685,-12.932245640794436,0.9406342381084761,0.5173224725084467,15.047865025121087
2.0242390946854627,2.105390148405201,2.098546905444329,2.100111152372492,2.0986791208582516,-12.920459227621873,0.9156727775278771,0.40380651227029074,14.954741476855489
2.0892743459345606,2.0709263515778824,2.072000674929652,2.0719163879346087,2.071995813031935,-13.042695912369945,0.9414473685306304,0.408272019108879,14.968394131003059
1.912130131791726,1.6705851887065715,1.6865340180017918,1.6838089869819193,1.6861186677711464,-12.956813954403888,0.9339715868545526,0.45727333317736396,14.982080947347335
2.1305114744421134,2.45945255940812,2.4280237258907373,2.4278303117430946,2.4300845174053167,-12.708497064939042,0.9044545210257605,0.40005912410968636,14.774045800415216
2.460093321298833,2.4264044587332396,2.425302561833453,2.4254371011198606,2.425163809718621,-12.611010597345755,1.032708046988569,0.4867241360855412,14.791908470543312
1.5781541075914758,1.7716833349130379,1.8304004420327347,1.8292080110058593,1.8303442395248557,-13.319063061562439,1.3034017545170815,0.4815635501558011,15.18293778376222
1.6479992789258475,1.9260245248871153,1.851473235074915,1.8588505463754659,1.8520727433724433,-13.026596321997205,0.7318542438315604,0.35661965618414093,14.873567893127115
1.8293512049458587,1.8135507071269428,1.816823294333136,1.8168185133577077,1.8168701179425948,-12.935691620287272,0.7928807532712543,0.4080941746934021,14.865645483778021
2.3187832792991667,2.4707168310642103,2.4631047881263877,2.462316169854391,2.4632118010722497,-12.90667525312891,0.9498988679630497,0.40366578765377875,15.08191830869906
2.430829374837331,2.493023613297898,2.4910731589913118,2.491304386526907,2.490774873882149,-12.565658799364604,0.9686393088031247,0.4522047497191027,14.790893821894382
2.485712488220549,2.269590298028617,2.243170198202086,2.2424196714413207,2.240575232229285,-12.838786957405969,1.1222461229134713,0.4561084800453729,15.064827340964735
1.7471618305319994,1.6483315035841966,1.6524545540186024,1.6524474178633919,1.6528918885747266,-12.824122175026469,0.9582815259066817,0.4782099928930774,14.671713803743453
2.1171986852715357,2.3334498803969237,2.309995892591277,2.3102970946280994,2.311161824309931,-13.044097411886058,0.8915428523202062,0.4360796941538685,15.07618066364229
1.4213070446470337,1.5345407831342883,1.5538484545598032,1.5540785467754328,1.553694873374753,-13.372156679152548,1.1705116485903904,0.4911374827351342,15.030580142561199
2.8510436116414986,2.560877624553591,2.5475880775743636,2.548081644984663,2.5470896376562546,-12.838410985125265,1.0457998096627408,0.5502839586609298,15.182822235416992
1.7547086674125356,1.5679213413216015,1.5864968081198958,1.5866771177338648,1.5859989654327058,-12.96748834215785,0.9005528523426063,0.46949833836323474,14.871010319518492
1.519677703916353,1.7546925861045721,1.725064866692408,1.7252180768415897,1.7252218407379998,-13.820827783302741,0.8739325819016172,0.41390085450399916,15.67548346170333
1.556425723929967,1.7893778553903668,1.7858285825527411,1.7851876971165064,1.7856783226328372,-13.877666099530737,0.98476393920341,0.40076964355012096,15.58818288102251
2.152949519707885,2.344940914393047,2.331050864357265,2.3298170026349645,2.3304989822449538,-12.773091828527935,0.9276527468402431,0.3808577026120265,14.9821773971032
2.1790931952117316,2.0056482491341616,2.014806336898249,2.014826648802706,2.0159002793815715,-13.355600765907248,0.9471988779656179,0.46181650946883424,15.480935231442091
2.0643236722234577,1.9903569153835428,1.9969100999059042,1.9974167000776057,1.9972068982637141,-13.289753517509507,0.9114036520954378,0.4438254994033186,15.260721512310251
1.8434062972246328,1.6274984098413254,1.6396802170642202,1.6399708538734699,1.6395691813185325,-12.71802834141063,0.9435786836204497,0.41483457737777973,14.7234627666404
2.305233285135966,2.1767998388015464,2.206160801368852,2.2074898495425828,2.2063407614096735,-13.11716485025334,0.7713916163952002,0.46193872694163723,15.31464089048094
2.5248632632127093,2.5412085290615516,2.537903786849515,2.537875529754282,2.5379821534439633,-12.227855463497681,0.7978165517405739,0.4117690827995364,14.52801609538962
1.8230222468043062,1.6452338201779515,1.6413467012582243,1.6410638983262085,1.640452991963196,-13.576541207903851,1.0218637342907388,0.40644370513541034,15.287589338929513
2.2142092156744675,2.374725764754808,2.3555740551164437,2.3544176517880846,2.3556275969014546,-12.754694700529674,0.8806870086100647,0.35837180625368864,14.86129669777339
2.418235682552755,2.2231275597684323,2.23401210165878,2.2343473111731216,2.23323987213131,-12.882413728706064,0.944212769130175,0.4677807849123941,15.033705893759988
1.5510741280401565,1.8633563288398225,1.888668448874693,1.8819124647359433,1.888538073278616,-13.272228137505158,1.0810552761894647,0.5008497433326428,15.165782232191937
1.8058150997192481,1.7676770756960816,1.7777697309181715,1.7778551996395726,1.7775232909212857,-13.195078215448508,0.7353650200660587,0.4166243513267651,15.045656386572686
2.835034690355617,2.7872715952995097,2.7914911115108216,2.791588463522742,2.7908529771605757,-12.764517995820963,0.9116573956031294,0.44750666700398817,15.071858182507139
2.5235425258780144,2.3726498048289324,2.3802055747653075,2.3819428295603498,2.381234790494686,-12.53327656842778,0.9499262132471132,0.43270276867012625,14.763168864643538
2.611286788060535,2.509199316400327,2.515137715182682,2.5154107825100516,2.5137117371773314,-13.159432066366296,0.9418302884204891,0.4305298229993742,15.362687233583493
2.059541811728172,1.627661652615773,1.6622927506877605,1.665875051299962,1.6600131037933648,-13.364390188766558,0.919813176546101,0.4894434036999538,15.150733999173244
2.502140758378348,2.5668103520645893,2.558035558681799,2.5578302656626484,2.5578500154193513,-12.737473058328417,0.8643134604283454,0.416424532748066,14.869513840614012
1.9634509299270264,1.9915083765487565,1.9889069964908457,1.9889107152548486,1.9888520767750348,-13.081161655060606,0.9072837919649999,0.486647193188605,15.053780462995714
1.8395851438166193,1.9286910728318885,1.9180116421639901,1.9196866720929284,1.9179025572238464,-13.408956278325016,0.8801490452327951,0.4027136384522549,15.338232760453959
1.9738015484870899,2.2563381523763595,2.273849838392576,2.2817759557214092,2.2721714122221646,-13.1851219706002,1.0619802382245689,0.42869824972929005,15.187634372663766
2.2553832679621433,2.22259264393455,2.214992044994474,2.214883638307337,2.214922696887207,-13.281485364049825,1.2317918357906856,0.43811162914824103,15.56649598348411
2.3865401985727557,2.5324082376136317,2.5416444236013023,2.5417568029622326,2.5418072699967897,-12.44429075990378,1.063318778043506,0.38837731405844383,14.484319032371445
2.0890557609637987,2.24896337745555,2.2910296207574863,2.2891879890554026,2.2913711020223166,-13.143797752948698,1.263065914087376,0.4235553482927544,15.212623348989432
1.9147017857602888,1.9239193864328539,1.923126932038267,1.9231441645204324,1.9230807124244158,-13.364821969038996,0.9140281269782138,0.4765587189001864,15.170229208022011
1.6768571854997614,1.9589221099191236,1.9106660903413584,1.9107844408171606,1.9104189900281225,-13.68381120147396,0.8289187509680565,0.40379183899113597,15.401234070145888
2.169843495234015,1.8533173512893943,1.8502441086620254,1.8526148005636227,1.8506168435176227,-12.72553661093778,1.0097092852712561,0.4861451167245691,14.725385278746273
2.029145968358077,1.9215736035231488,1.925649035038601,1.9253053592512768,1.9256897946623228,-12.630657757487704,0.9621145122011078,0.40109654118583704,14.608293542916005
2.1638175144035103,1.9874684179036584,2.019971664400334,2.020450174631149,2.01870813022793,-13.087957674436792,0.8156880463705538,0.4583554603406026,15.07884482432109
2.1935269773608064,2.2694753936501235,2.2525225959648396,2.25231210836073,2.2528961656057254,-12.57448148383931,0.7767853694183144,0.43818110487726003,14.5352407997202
1.9087688432957595,1.6406284702783327,1.6447870364995636,1.646442261748956,1.6442114599594746,-13.143875515501056,0.9844910851192094,0.46861695794105296,14.96957162702722
2.0198798509269436,2.3007156273032554,2.2554947951387265,2.254718899601211,2.2563511032744223,-12.873005764983988,0.8389776660651173,0.4752331824051837,14.77445562744151
2.0025016787188674,1.684073531873598,1.7348132522672348,1.7307712178362222,1.7335783429508351,-12.668352671248611,0.8406556678599996,0.4929503462063221,14.796202022811519
2.8088413840965587,2.4747057712274505,2.503649363576443,2.5059427467699353,2.503676772299355,-12.79400249956888,0.9133777088276729,0.43455153438691,15.024819546609105
2.127605497852559,2.1201424776164544,2.121535840595448,2.1215226642921925,2.1215249152672415,-13.243247520807092,0.8132977085803157,0.4656705657773143,15.498084910825398
1.949288636223564,1.9968160825068266,1.9849350854740215,1.985479945513984,1.9850256834816287,-13.030675418247696,0.7500181902895667,0.3458440210908771,14.876088595045553
1.8743888492260259,1.9251316438543038,1.9336052011044556,1.9340169062747679,1.933520241493773,-12.963116801558833,1.1669903542409283,0.4673502259151948,14.941990437514779
2.6325732594176796,2.8872647977208,2.8668194842683707,2.87093086913674,2.8673374632606734,-12.093786032109755,0.9197251954711708,0.3698026421445785,14.578995949132745
2.215482966359652,2.2384055692693865,2.236663383636799,2.2365936252818437,2.236787660897144,-13.054477522269098,0.923997041721306,0.4232628172547469,15.280520182718291
2.1923414898033755,2.0301531423271646,2.05282466611608,2.0527449111666307,2.05232149910924,-13.184838844768647,0.8602148419309797,0.4629408125968796,15.350118896707846
1.73671173894721,1.6384463634404622,1.6266335600597255,1.6273236716223878,1.6261633288664634,-13.261598330827795,1.1202132828559321,0.4682794825779013,14.97352880925444
2.5942218658837515,2.354620493788434,2.332104873888594,2.33049865756072,2.3316502793404954,-12.805316621393283,1.0939711642839953,0.4429276075490149,15.0883418385714
1.1856447785796806,1.2377537622558066,1.227246156745494,1.2300186316019335,1.2270613810103295,-13.526914868938134,0.7983532825045921,0.4027524276253886,15.067682521917746
2.3107942390870946,2.1336882858028035,2.0966865384838123,2.097664779343808,2.095604903270214,-12.922819237135064,1.2089243564816552,0.5052585277660636,15.017661784154484
2.296016432246787,2.0970002143774638,2.0861943456134795,2.0853749749736266,2.085763197151227,-12.926225277299158,1.054296423073821,0.48077753521427247,15.009418840953753
1.6495040126120142,2.0415127545550646,1.9595445188905651,1.9591522301956499,1.9610681357585493,-13.157191550365146,0.7909020210666434,0.3593150737396781,15.010467250802694
1.70662318025361,2.0334267498105367,2.0280373291240297,2.023297651889872,2.0313988095347097,-13.182495224707546,0.9835086847618782,0.4418830149124965,14.977949102494467
1.719891670411309,1.5500249860441018,1.591458501149066,1.5920551453500613,1.5921554718743958,-13.32274104463315,0.756082157844468,0.38437079842948985,15.238114006322988
2.1698086539271046,2.3268690122188196,2.3012049288281284,2.3012178038525573,2.30120594653955,-12.974579334940152,0.8365973204834728,0.3769175303429684,14.835921124993574
2.2098077480483553,1.9344587207329633,1.9970500959924238,1.9978405437088886,1.99796914198895,-12.627733719457154,0.7726835069304026,0.4254314820864814,14.744752070362322
2.1318716079710596,2.375031250424544,2.338283327423742,2.339553827899271,2.33830851760705,-12.765072628762134,0.8488732643706182,0.43425546097925594,14.936296827398746
2.2063907872569954,2.084438464781754,2.082181455346536,2.0837984577645665,2.0829695550969234,-12.915862021420805,1.0185073099831812,0.4815646413313932,14.974257680686394
2.221138007140793,2.3137130037014,2.3146915221493387,2.3142463085704583,2.3140894407960166,-12.510807152226743,1.0105700079318707,0.4235196730423859,14.723618114482761
2.0227484209842146,2.0360154955569074,2.034260295970553,2.0342465061181088,2.0343098122649685,-13.22508940792097,0.8677025913484242,0.4175988109741399,15.167837587112523
2.4112521640033395,2.1615418724890105,2.1577977227396774,2.159531450475739,2.153839128545083,-13.059543868188982,1.0149939745239438,0.45196316846639606,15.233848474253085
2.1122896187575644,2.4798262510570535,2.336427119074444,2.341913964750985,2.3362888308101337,-12.670470074855109,0.6098371716434494,0.3364669011894427,14.6461103690915
2.0724529963477094,1.8861697716450725,1.888846997237051,1.8872393165574206,1.8887877303106613,-13.200011305650861,0.9856281981576516,0.48741574272146365,15.344316537418091
2.27844133651572,2.3487942652912697,2.3540105876886166,2.3539564914032116,2.35401520986189,-13.248937429882671,1.074145063867764,0.46694867017419456,15.388683456914505
1.707531171374115,1.8166047149287088,1.787414770841059,1.7875738105213075,1.787365827763749,-13.454553805940353,0.7323829121491898,0.4559820118658203,15.329592089505434
2.167469905589761,1.9588129881683494,1.9900145345535167,1.9903430567672817,1.9894072084306167,-13.0122039539303,0.8504648359097989,0.3759930945645877,15.104689453475821
2.6717151856013817,2.3332530932737816,2.3156775834618526,2.32298008576639,2.312981922721604,-12.514694364533653,1.051927557650734,0.4841080482974551,14.88257474704785
1.9503642863358752,1.69695101147452,1.6978176378899024,1.6993358575369981,1.6958090009917821,-13.074106333294932,0.9965801854071907,0.44462122133213744,15.014644896847821
1.8131192809642376,1.8633074759339427,1.8550015139060974,1.8554477562806817,1.8552635770325616,-13.409891394279963,0.8345036709756358,0.4080451730555993,15.168574491007544
2.2467740212491467,2.050905511760329,2.0716363962604403,2.0697966601604914,2.069452172422366,-13.055506881448936,0.8941591756928456,0.45089473715403217,15.138795613739248
1.7417062253225315,1.5910967611639615,1.6117817575464732,1.609345402298744,1.6121075315262103,-13.009138104720686,0.8626580573931656,0.41653795291871887,14.876232693070852
2.350824827793025,2.188885035171223,2.2356912296805507,2.2364434091488006,2.2353306645894726,-12.641730600485413,0.7109654535705163,0.36516468158585513,14.84392229213913
1.35697965703787,1.3979391671409451,1.3947222105660664,1.394894042219231,1.3945781255978993,-13.374535739409383,0.9214600817543263,0.4834023294445663,14.95275016945468
2.3238731840851856,2.066288572175222,2.09795232872059,2.1002656154184427,2.0978213863330097,-12.453761194985631,0.8770743472966614,0.4398790001813276,14.650348824507407
1.8769677117869223,1.9363065738352616,1.9215183561179678,1.922458251008078,1.921466998811527,-13.19668899586776,0.7507835976826379,0.44638018416340836,15.038687565423201
1.451723071641533,1.6606386637148896,1.6260143357141408,1.6255925017878603,1.6259753997012862,-13.176276480291111,0.8342664247454016,0.3469455935052462,15.012098551569451
1.8794986090181238,1.8348053101343045,1.840736262308812,1.840764891209859,1.8408763809930064,-13.153170932251577,0.8672966121850872,0.34779869192777024,15.014506360861331
1.6425598757472888,1.6952667248288382,1.6941910445621189,1.6942817610389138,1.69474663307629,-13.449648260584684,0.9795912621326688,0.44433087303324775,15.23827808382571
2.0628999013131346,2.0015678345128216,2.0195522915229285,2.01880080681078,2.0195062825300707,-12.764443353628632,0.7067691022273805,0.3374183198735759,14.693959247016195
1.4278116067960194,1.3025884371204601,1.3171320525329908,1.3169757438637284,1.3173450838104666,-13.149559884985509,0.8838584309100983,0.4899612841628072,14.840656804866967
2.3454419651768457,2.579749695052803,2.5977946153280707,2.595955298302555,2.596784127854537,-13.102952467840327,1.0770137642698314,0.4864341852495407,15.323453795330984
2.531396334394207,2.3547634741446917,2.3896717956176294,2.3896607458018666,2.3899759338230746,-13.048627813451748,0.8023679092122182,0.42489333598901463,15.186444559926901
2.0891219558990217,1.765360048017419,1.8552900711741414,1.8572980292367827,1.8555849506879654,-12.778393938974558,0.7222340832337523,0.4043085742122381,14.842663980939511
2.5551356519461756,2.51311815199328,2.5142847168305464,2.514248096677229,2.5143143900492335,-13.082866931015186,0.9722362149443814,0.4489297589471939,15.362267172050847
1.2191882482059897,1.5500744211640116,1.5183009572146342,1.5187829840830034,1.5183683744585696,-13.300563064536064,0.9039746397822161,0.4612204698109415,14.774576485068685
2.4820576094497078,2.5303688834274114,2.5238120955193826,2.5237986149717955,2.523735568740533,-12.748770468794248,0.8642803766455383,0.3863909775603266,14.913601120457342
2.0373494527798823,1.945186986626176,1.9582366226946617,1.9577014178605798,1.958256954165877,-12.96995505357756,0.8584061753868236,0.3970000360694467,14.89643586743355
2.0280896725703697,1.7540301497166346,1.7989837312622547,1.7982806369236164,1.7990620773108517,-13.07940097261369,0.8359714667911335,0.4711066039461131,15.325662544994715
1.909136867290493,2.21096547552721,2.1867674787283526,2.1831649923330803,2.1890206635558775,-12.606367263427039,0.9198286837678491,0.4411086173951999,14.68447483034367
1.4169458762128053,1.592483085975726,1.6207906478670924,1.6190168620167409,1.621860726198229,-13.722023068835913,1.1612624578549366,0.46350259365952934,15.477019209893628
1.666165188282107,1.7319349208172086,1.753145659982619,1.7527586889648077,1.7538000186734193,-12.90701182930896,1.3225000064290875,0.4929541557033946,14.79251239537523
2.0381821612854507,2.128815649811717,2.117550776915102,2.1170180756887644,2.118337684485535,-13.073598570731972,0.8757095960909542,0.41160819769908247,15.185717808349047
2.014270646409492,1.7496116928295324,1.7680887329003452,1.768705097002027,1.766699258107198,-12.803041596482473,0.9301854714496554,0.3877042971470276,14.649677201311592
1.79523472203962,1.7370145680527125,1.7469170874801183,1.747173925636838,1.7465436308225444,-13.179608363324464,0.8299125174139387,0.38476332389483825,14.855818839859559
1.8872618433307442,1.8179521843229993,1.8282235133952351,1.8274995164351924,1.8280460959309026,-13.010630477310299,0.8518052286032918,0.47800728968111295,14.980793692103502
2.8300051303948464,2.8024979802150183,2.808482772245579,2.8083017476598258,2.8085209994388247,-12.413854972248348,0.7824277690914667,0.386476795341136,14.835634033273458
2.048369082456559,1.950821536132681,1.9450824095646115,1.9443875149963734,1.9451860994132368,-13.040979918412429,1.0588341458535,0.4536243296563781,14.97872690233497
2.0277193296240625,2.1197881557119302,2.1081904904135884,2.108466643936573,2.1082919197154206,-12.80299888840923,0.8740326580543735,0.39383951775949133,14.767295337671317
1.7197550152147711,2.013542195208859,2.007823465357552,2.0044796311908852,2.013293498443633,-12.661577123098853,0.9805344472436773,0.364074858882684,14.720049037453261
2.0402986366657823,2.0967031531467537,2.0884214019290446,2.088360866567658,2.0883901682966695,-13.052727149707904,0.85317219729199,0.38954821198563,14.89554083848201
2.0647645402424417,2.023379604502455,2.0076800614439647,2.0070506099383945,2.0077408047839826,-12.630359843771126,1.3793540518493976,0.4675097568157905,14.842536826107658
2.315592498102421,2.213769250518028,2.213996076525156,2.2129511180046304,2.21399251443159,-12.945812349430753,0.9977723554049915,0.4638358710988349,15.06279739775853
3.1027956661413088,2.8082893356547,2.750945736520814,2.744118660396997,2.750015921334234,-12.198595131716507,1.1947109219660503,0.540623435353982,14.804868563507382
